"SKU","Item Name","UOM","Category","Item Type","Sold out Type","Item In/Out","User Name","User Id","Date and Time","Business Date","Branch Name","Branch Code"
"213","London Viral Whipped Caramel Medovik Cake","ea","Harley's Grand Celebration Medovik Cakes","Product","Direct","OUT","Basavanagudi","SS4KLH","2026-10-03 10:40:59","2026-10-03","Harley's - BLR - BSVG","BSVG"
"135","Assorted French Macarons (Pack Of 24)","ea","Harley's Sweet Home Assortments","Product","Direct","OUT","Hsr system","7RF2L2","2026-10-03 14:23:16","2026-10-03","Harley's - BLR - HSR Layout","HSR"
"134","Assorted French Macarons (Pack Of 12)","ea","Harley's Sweet Home Assortments","Product","Direct","OUT","Hsr system","7RF2L2","2026-10-03 14:23:16","2026-10-03","Harley's - BLR - HSR Layout","HSR"
"136","Assorted French Macarons (Pack Of 5)","ea","Harley's Sweet Home Assortments","Product","Direct","OUT","Hsr system","7RF2L2","2026-10-03 15:10:49","2026-10-03","Harley's - BLR - HSR Layout","HSR"
"94","Pack Of 6 Cheesecakes And 12 Macarons","ea","All Time Favourite Combinations","Product","Direct","OUT","Hsr system","7RF2L2","2026-10-03 15:11:04","2026-10-03","Harley's - BLR - HSR Layout","HSR"
"95","Pack Of 6 Medoviks And 12 Macarons","ea","All Time Favourite Combinations","Product","Direct","OUT","Hsr system","7RF2L2","2026-10-03 15:11:04","2026-10-03","Harley's - BLR - HSR Layout","HSR"
"105","Premium Banana Walnut Bar Cake (250 Gms)","ea","Barcakes & Muffins","Product","Direct","OUT","Hsr system","7RF2L2","2026-10-03 15:19:45","2026-10-03","Harley's - BLR - HSR Layout","HSR"
"64","Harley's Special Mawa Bar Cake (250 Gms)","ea","Barcakes & Muffins","Product","Direct","OUT","Hsr system","7RF2L2","2026-10-03 15:19:45","2026-10-03","Harley's - BLR - HSR Layout","HSR"
"97","Pack Of 9 Medoviks And 6 Macarons","ea","All Time Favourite Combinations","Product","Direct","OUT","Hsr system","7RF2L2","2026-10-03 15:23:14","2026-10-03","Harley's - BLR - HSR Layout","HSR"
"96","Pack Of 9 Cheesecakes And 6 Macarons","ea","All Time Favourite Combinations","Product","Direct","OUT","Hsr system","7RF2L2","2026-10-03 15:23:14","2026-10-03","Harley's - BLR - HSR Layout","HSR"
"93","Pack Of 4 Medoviks And 4 Macarons","ea","All Time Favourite Combinations","Product","Direct","OUT","Hsr system","7RF2L2","2026-10-03 15:23:14","2026-10-03","Harley's - BLR - HSR Layout","HSR"
"92","Pack Of 4 Cheesecakes And 4 Macarons","ea","All Time Favourite Combinations","Product","Direct","OUT","Hsr system","7RF2L2","2026-10-03 15:23:14","2026-10-03","Harley's - BLR - HSR Layout","HSR"
"63","Harley's Signatures (Pack of 8)","ea","Chef's Table","Product","Direct","OUT","Hsr system","7RF2L2","2026-10-03 15:23:50","2026-10-03","Harley's - BLR - HSR Layout","HSR"
"37","Clementine Orange Macarons (Pack Of 5)","ea","Harley's French Macarons","Product","Direct","IN","Hsr system","7RF2L2","2026-10-03 15:48:01","2026-10-03","Harley's - BLR - HSR Layout","HSR"
"23","Belgium Chocolate Macarons (Pack Of 5)","ea","Harley's French Macarons","Product","Direct","IN","Hsr system","7RF2L2","2026-10-03 15:48:01","2026-10-03","Harley's - BLR - HSR Layout","HSR"
"26","Blueberry Macarons (Pack Of 5)","ea","Harley's French Macarons","Product","Direct","IN","Hsr system","7RF2L2","2026-10-03 15:48:01","2026-10-03","Harley's - BLR - HSR Layout","HSR"
"56","French Vanilla Macarons (Pack Of 5)","ea","Harley's French Macarons","Product","Direct","IN","Hsr system","7RF2L2","2026-10-03 15:48:01","2026-10-03","Harley's - BLR - HSR Layout","HSR"
"61","Green Apple Macarons (Pack Of 5)","ea","Harley's French Macarons","Product","Direct","IN","Hsr system","7RF2L2","2026-10-03 15:48:01","2026-10-03","Harley's - BLR - HSR Layout","HSR"
"111","Red Velvet Macarons (Pack Of 5)","ea","Harley's French Macarons","Product","Direct","IN","Hsr system","7RF2L2","2026-10-03 15:48:01","2026-10-03","Harley's - BLR - HSR Layout","HSR"
"125","Strawberry Macarons (Pack Of 5)","ea","Harley's French Macarons","Product","Direct","IN","Hsr system","7RF2L2","2026-10-03 15:48:01","2026-10-03","Harley's - BLR - HSR Layout","HSR"
"63","Harley's Signatures (Pack of 8)","ea","Chef's Table","Product","Direct","IN","Hsr system","7RF2L2","2026-10-03 15:48:08","2026-10-03","Harley's - BLR - HSR Layout","HSR"
"94","Pack Of 6 Cheesecakes And 12 Macarons","ea","All Time Favourite Combinations","Product","Direct","IN","Hsr system","7RF2L2","2026-10-03 15:48:15","2026-10-03","Harley's - BLR - HSR Layout","HSR"
"95","Pack Of 6 Medoviks And 12 Macarons","ea","All Time Favourite Combinations","Product","Direct","IN","Hsr system","7RF2L2","2026-10-03 15:48:15","2026-10-03","Harley's - BLR - HSR Layout","HSR"
"97","Pack Of 9 Medoviks And 6 Macarons","ea","All Time Favourite Combinations","Product","Direct","IN","Hsr system","7RF2L2","2026-10-03 15:48:15","2026-10-03","Harley's - BLR - HSR Layout","HSR"
"96","Pack Of 9 Cheesecakes And 6 Macarons","ea","All Time Favourite Combinations","Product","Direct","IN","Hsr system","7RF2L2","2026-10-03 15:48:15","2026-10-03","Harley's - BLR - HSR Layout","HSR"
"93","Pack Of 4 Medoviks And 4 Macarons","ea","All Time Favourite Combinations","Product","Direct","IN","Hsr system","7RF2L2","2026-10-03 15:48:15","2026-10-03","Harley's - BLR - HSR Layout","HSR"
"92","Pack Of 4 Cheesecakes And 4 Macarons","ea","All Time Favourite Combinations","Product","Direct","IN","Hsr system","7RF2L2","2026-10-03 15:48:15","2026-10-03","Harley's - BLR - HSR Layout","HSR"
"135","Assorted French Macarons (Pack Of 24)","ea","Harley's Sweet Home Assortments","Product","Direct","IN","Hsr system","7RF2L2","2026-10-03 16:23:57","2026-10-03","Harley's - BLR - HSR Layout","HSR"
"134","Assorted French Macarons (Pack Of 12)","ea","Harley's Sweet Home Assortments","Product","Direct","IN","Hsr system","7RF2L2","2026-10-03 16:23:57","2026-10-03","Harley's - BLR - HSR Layout","HSR"
"136","Assorted French Macarons (Pack Of 5)","ea","Harley's Sweet Home Assortments","Product","Direct","IN","Hsr system","7RF2L2","2026-10-03 16:23:57","2026-10-03","Harley's - BLR - HSR Layout","HSR"
"TB8","Tiramisu Bento Cake","ea","Bento Party Cakes","Product","Direct","OUT","Srivanas Manager SNK","VH7VBT","2026-10-03 11:09:10","2026-10-03","Harley's - HYD - Sainikpuri Outlet","SNK"
"TB9","Lotus Biscoff Bento Cake","ea","Bento Party Cakes","Product","Direct","OUT","Srivanas Manager SNK","VH7VBT","2026-10-03 11:09:10","2026-10-03","Harley's - HYD - Sainikpuri Outlet","SNK"
"TB10","Butterscotch Bento Cake","ea","Bento Party Cakes","Product","Direct","OUT","Srivanas Manager SNK","VH7VBT","2026-10-03 11:09:10","2026-10-03","Harley's - HYD - Sainikpuri Outlet","SNK"
"32","Chef's Favourite Blueberry Cheesecake With Macaron","ea","Finely Baked Cheesecake Pastry","Product","Direct","IN","Srivanas Manager SNK","VH7VBT","2026-10-03 11:43:41","2026-10-03","Harley's - HYD - Sainikpuri Outlet","SNK"
"78","Lotus Biscoff Cheesecake With Macaron","ea","Finely Baked Cheesecake Pastry","Product","Direct","IN","Srivanas Manager SNK","VH7VBT","2026-10-03 11:43:41","2026-10-03","Harley's - HYD - Sainikpuri Outlet","SNK"
"120","Smoky Caramel Cheesecake With Macaron","ea","Finely Baked Cheesecake Pastry","Product","Direct","IN","Srivanas Manager SNK","VH7VBT","2026-10-03 11:43:41","2026-10-03","Harley's - HYD - Sainikpuri Outlet","SNK"
"76","Lotus Biscoff Cheesecake","ea","Harley's Gourmet Celebration Cheesecakes","Product","Direct","IN","Srivanas Manager SNK","VH7VBT","2026-10-03 11:43:50","2026-10-03","Harley's - HYD - Sainikpuri Outlet","SNK"
"77","Lotus Biscoff Cheesecake","ea","Harley's Gourmet Celebration Cheesecakes","Product","Direct","IN","Srivanas Manager SNK","VH7VBT","2026-10-03 11:43:50","2026-10-03","Harley's - HYD - Sainikpuri Outlet","SNK"
"31","Chef's Favourite Blueberry Cheesecake","ea","Harley's Gourmet Celebration Cheesecakes","Product","Direct","IN","Srivanas Manager SNK","VH7VBT","2026-10-03 11:43:50","2026-10-03","Harley's - HYD - Sainikpuri Outlet","SNK"
"30","Chef's Favourite Blueberry Cheesecake","ea","Harley's Gourmet Celebration Cheesecakes","Product","Direct","IN","Srivanas Manager SNK","VH7VBT","2026-10-03 11:43:50","2026-10-03","Harley's - HYD - Sainikpuri Outlet","SNK"
"119","Smoky Caramel Cheesecake","ea","Harley's Gourmet Celebration Cheesecakes","Product","Direct","IN","Srivanas Manager SNK","VH7VBT","2026-10-03 11:43:50","2026-10-03","Harley's - HYD - Sainikpuri Outlet","SNK"
"118","Smoky Caramel Cheesecake","ea","Harley's Gourmet Celebration Cheesecakes","Product","Direct","IN","Srivanas Manager SNK","VH7VBT","2026-10-03 11:43:50","2026-10-03","Harley's - HYD - Sainikpuri Outlet","SNK"
"74","Italian Tiramisu Medovik With Macaron","ea","Harley's Signature Medovik Pastry","Product","Direct","IN","Srivanas Manager SNK","VH7VBT","2026-10-03 11:43:58","2026-10-03","Harley's - HYD - Sainikpuri Outlet","SNK"
"214","London Viral Whipped Caramel Medovik With Macaron","ea","Harley's Signature Medovik Pastry","Product","Direct","IN","Srivanas Manager SNK","VH7VBT","2026-10-03 11:43:58","2026-10-03","Harley's - HYD - Sainikpuri Outlet","SNK"
"68","Harley's Spl. Classic Russian Medovik With Macaron","ea","Harley's Signature Medovik Pastry","Product","Direct","IN","Srivanas Manager SNK","VH7VBT","2026-10-03 11:43:58","2026-10-03","Harley's - HYD - Sainikpuri Outlet","SNK"
"110","Premium Butterscotch Medovik With Macaron","ea","Harley's Signature Medovik Pastry","Product","Direct","IN","Srivanas Manager SNK","VH7VBT","2026-10-03 11:43:58","2026-10-03","Harley's - HYD - Sainikpuri Outlet","SNK"
"83","Lotus Biscoff Medovik With Macaron","ea","Harley's Signature Medovik Pastry","Product","Direct","IN","Srivanas Manager SNK","VH7VBT","2026-10-03 11:43:58","2026-10-03","Harley's - HYD - Sainikpuri Outlet","SNK"
"64","Harley's Special Mawa Bar Cake (250 Gms)","ea","Barcakes & Muffins","Product","Direct","IN","Srivanas Manager SNK","VH7VBT","2026-10-03 11:44:02","2026-10-03","Harley's - HYD - Sainikpuri Outlet","SNK"
"131","Whole Wheat Bread (400gms)","ea","Breads","Product","Direct","IN","Srivanas Manager SNK","VH7VBT","2026-10-03 11:44:07","2026-10-03","Harley's - HYD - Sainikpuri Outlet","SNK"
"86","Milk Bread(400G)","ea","Breads","Product","Direct","IN","Srivanas Manager SNK","VH7VBT","2026-10-03 11:44:07","2026-10-03","Harley's - HYD - Sainikpuri Outlet","SNK"
"67","Harley's Spl. Classic Russian Medovik Cake","ea","Harley's Grand Celebration Medovik Cakes","Product","Direct","IN","Srivanas Manager SNK","VH7VBT","2026-10-03 11:44:22","2026-10-03","Harley's - HYD - Sainikpuri Outlet","SNK"
"109","Premium Butterscotch Medovik Cake","ea","Harley's Grand Celebration Medovik Cakes","Product","Direct","IN","Srivanas Manager SNK","VH7VBT","2026-10-03 11:44:22","2026-10-03","Harley's - HYD - Sainikpuri Outlet","SNK"
"82","Lotus Biscoff Medovik Cake","ea","Harley's Grand Celebration Medovik Cakes","Product","Direct","IN","Srivanas Manager SNK","VH7VBT","2026-10-03 11:44:22","2026-10-03","Harley's - HYD - Sainikpuri Outlet","SNK"
"66","Harley's Spl. Classic Russian Medovik Cake","ea","Harley's Grand Celebration Medovik Cakes","Product","Direct","IN","Srivanas Manager SNK","VH7VBT","2026-10-03 11:44:22","2026-10-03","Harley's - HYD - Sainikpuri Outlet","SNK"
"108","Premium Butterscotch Medovik Cake","ea","Harley's Grand Celebration Medovik Cakes","Product","Direct","IN","Srivanas Manager SNK","VH7VBT","2026-10-03 11:44:22","2026-10-03","Harley's - HYD - Sainikpuri Outlet","SNK"
"81","Lotus Biscoff Medovik Cake","ea","Harley's Grand Celebration Medovik Cakes","Product","Direct","IN","Srivanas Manager SNK","VH7VBT","2026-10-03 11:44:22","2026-10-03","Harley's - HYD - Sainikpuri Outlet","SNK"
"26","Blueberry Macarons (Pack Of 5)","ea","Harley's French Macarons","Product","Direct","IN","Srivanas Manager SNK","VH7VBT","2026-10-03 12:35:35","2026-10-03","Harley's - HYD - Sainikpuri Outlet","SNK"
"125","Strawberry Macarons (Pack Of 5)","ea","Harley's French Macarons","Product","Direct","IN","Srivanas Manager SNK","VH7VBT","2026-10-03 12:35:35","2026-10-03","Harley's - HYD - Sainikpuri Outlet","SNK"
"111","Red Velvet Macarons (Pack Of 5)","ea","Harley's French Macarons","Product","Direct","IN","Srivanas Manager SNK","VH7VBT","2026-10-03 12:35:35","2026-10-03","Harley's - HYD - Sainikpuri Outlet","SNK"
"98","Passion Fruit & Lemon Fusion Macarons (Pack Of 5)","ea","Harley's French Macarons","Product","Direct","IN","Srivanas Manager SNK","VH7VBT","2026-10-03 12:35:35","2026-10-03","Harley's - HYD - Sainikpuri Outlet","SNK"
"85","Mighty Mango Macarons (Pack Of 5)","ea","Harley's French Macarons","Product","Direct","IN","Srivanas Manager SNK","VH7VBT","2026-10-03 12:35:35","2026-10-03","Harley's - HYD - Sainikpuri Outlet","SNK"
"61","Green Apple Macarons (Pack Of 5)","ea","Harley's French Macarons","Product","Direct","IN","Srivanas Manager SNK","VH7VBT","2026-10-03 12:35:35","2026-10-03","Harley's - HYD - Sainikpuri Outlet","SNK"
"56","French Vanilla Macarons (Pack Of 5)","ea","Harley's French Macarons","Product","Direct","IN","Srivanas Manager SNK","VH7VBT","2026-10-03 12:35:35","2026-10-03","Harley's - HYD - Sainikpuri Outlet","SNK"
"37","Clementine Orange Macarons (Pack Of 5)","ea","Harley's French Macarons","Product","Direct","IN","Srivanas Manager SNK","VH7VBT","2026-10-03 12:35:35","2026-10-03","Harley's - HYD - Sainikpuri Outlet","SNK"
"23","Belgium Chocolate Macarons (Pack Of 5)","ea","Harley's French Macarons","Product","Direct","IN","Srivanas Manager SNK","VH7VBT","2026-10-03 12:35:35","2026-10-03","Harley's - HYD - Sainikpuri Outlet","SNK"
"67","Harley's Spl. Classic Russian Medovik Cake","ea","Harley's Grand Celebration Medovik Cakes","Product","Direct","OUT","Srivanas Manager SNK","VH7VBT","2026-10-03 16:23:37","2026-10-03","Harley's - HYD - Sainikpuri Outlet","SNK"
"109","Premium Butterscotch Medovik Cake","ea","Harley's Grand Celebration Medovik Cakes","Product","Direct","OUT","Srivanas Manager SNK","VH7VBT","2026-10-03 16:23:44","2026-10-03","Harley's - HYD - Sainikpuri Outlet","SNK"
"82","Lotus Biscoff Medovik Cake","ea","Harley's Grand Celebration Medovik Cakes","Product","Direct","OUT","Srivanas Manager SNK","VH7VBT","2026-10-03 16:24:04","2026-10-03","Harley's - HYD - Sainikpuri Outlet","SNK"
"86","Milk Bread(400G)","ea","Breads","Product","Direct","OUT","Srivanas Manager SNK","VH7VBT","2026-10-03 16:36:06","2026-10-03","Harley's - HYD - Sainikpuri Outlet","SNK"
"36","Classic Mexican Tres Leches  (Pack of 2)","ea","Tres Leches Cakes (Mexican Special)","Product","Direct","OUT","Srivanas Manager SNK","VH7VBT","2026-10-03 17:05:21","2026-10-03","Harley's - HYD - Sainikpuri Outlet","SNK"
"212","London Viral Whipped Caramel Medovik Cake","ea","Harley's Grand Celebration Medovik Cakes","Product","Direct","OUT","MAHA MANAGER 1","MANAGER 1","2026-10-03 10:58:06","2026-10-03","Harley's - BLR - Mahadevapura","MAH"
"214","London Viral Whipped Caramel Medovik With Macaron","ea","Harley's Signature Medovik Pastry","Product","Direct","OUT","MAHA MANAGER 1","MANAGER 1","2026-10-03 10:58:18","2026-10-03","Harley's - BLR - Mahadevapura","MAH"
"119","Smoky Caramel Cheesecake","ea","Harley's Gourmet Celebration Cheesecakes","Product","Direct","IN","MAHA MANAGER 1","MANAGER 1","2026-10-03 13:25:39","2026-10-03","Harley's - BLR - Mahadevapura","MAH"
"118","Smoky Caramel Cheesecake","ea","Harley's Gourmet Celebration Cheesecakes","Product","Direct","IN","MAHA MANAGER 1","MANAGER 1","2026-10-03 13:25:39","2026-10-03","Harley's - BLR - Mahadevapura","MAH"
"120","Smoky Caramel Cheesecake With Macaron","ea","Finely Baked Cheesecake Pastry","Product","Direct","IN","MAHA MANAGER 1","MANAGER 1","2026-10-03 13:25:39","2026-10-03","Harley's - BLR - Mahadevapura","MAH"
"47","Double Chocolate Bar Cake (250 gms)","ea","Barcakes & Muffins","Product","Direct","IN","MAHA MANAGER 1","MANAGER 1","2026-10-03 13:25:39","2026-10-03","Harley's - BLR - Mahadevapura","MAH"
"105","Premium Banana Walnut Bar Cake (250 Gms)","ea","Barcakes & Muffins","Product","Direct","IN","MAHA MANAGER 1","MANAGER 1","2026-10-03 13:25:39","2026-10-03","Harley's - BLR - Mahadevapura","MAH"
"64","Harley's Special Mawa Bar Cake (250 Gms)","ea","Barcakes & Muffins","Product","Direct","IN","MAHA MANAGER 1","MANAGER 1","2026-10-03 13:25:39","2026-10-03","Harley's - BLR - Mahadevapura","MAH"
"72","Italian Tiramisu Medovik Cake","ea","Harley's Grand Celebration Medovik Cakes","Product","Direct","IN","MAHA MANAGER 1","MANAGER 1","2026-10-03 13:25:39","2026-10-03","Harley's - BLR - Mahadevapura","MAH"
"73","Italian Tiramisu Medovik Cake","ea","Harley's Grand Celebration Medovik Cakes","Product","Direct","IN","MAHA MANAGER 1","MANAGER 1","2026-10-03 13:25:39","2026-10-03","Harley's - BLR - Mahadevapura","MAH"
"212","London Viral Whipped Caramel Medovik Cake","ea","Harley's Grand Celebration Medovik Cakes","Product","Direct","IN","MAHA MANAGER 1","MANAGER 1","2026-10-03 13:25:39","2026-10-03","Harley's - BLR - Mahadevapura","MAH"
"33","Choco Mawa Bar Cake 250 gms","ea","Barcakes & Muffins","Product","Direct","IN","MAHA MANAGER 1","MANAGER 1","2026-10-03 13:25:48","2026-10-03","Harley's - BLR - Mahadevapura","MAH"
"34","Chocochip Muffin (Pack Of 2)","ea","Barcakes & Muffins","Product","Direct","IN","MAHA MANAGER 1","MANAGER 1","2026-10-03 13:25:54","2026-10-03","Harley's - BLR - Mahadevapura","MAH"
"27","Blueberry Muffin (Pack Of 2)","ea","Barcakes & Muffins","Product","Direct","IN","MAHA MANAGER 1","MANAGER 1","2026-10-03 13:25:54","2026-10-03","Harley's - BLR - Mahadevapura","MAH"
"214","London Viral Whipped Caramel Medovik With Macaron","ea","Harley's Signature Medovik Pastry","Product","Direct","IN","MAHA MANAGER 1","MANAGER 1","2026-10-03 13:26:14","2026-10-03","Harley's - BLR - Mahadevapura","MAH"
"34","Chocochip Muffin (Pack Of 2)","ea","Barcakes & Muffins","Product","Direct","OUT","MAHA MANAGER 1","MANAGER 1","2026-10-03 15:18:11","2026-10-03","Harley's - BLR - Mahadevapura","MAH"
"110","Premium Butterscotch Medovik With Macaron","ea","Harley's Signature Medovik Pastry","Product","Direct","OUT","BEL CLOUD 1","CLOUD 1","2026-10-03 09:37:37","2026-10-03","Harley's - BLR - Bellandur","BEL"
"120","Smoky Caramel Cheesecake With Macaron","ea","Finely Baked Cheesecake Pastry","Product","Direct","IN","BEL CLOUD 1","CLOUD 1","2026-10-03 09:38:29","2026-10-03","Harley's - BLR - Bellandur","BEL"
"109","Premium Butterscotch Medovik Cake","ea","Harley's Grand Celebration Medovik Cakes","Product","Direct","IN","BEL CLOUD 1","CLOUD 1","2026-10-03 09:38:49","2026-10-03","Harley's - BLR - Bellandur","BEL"
"123","Sparkling Dark Chocolate Medovik Cake","ea","Harley's Grand Celebration Medovik Cakes","Product","Direct","IN","BEL CLOUD 1","CLOUD 1","2026-10-03 11:30:46","2026-10-03","Harley's - BLR - Bellandur","BEL"
"213","London Viral Whipped Caramel Medovik Cake","ea","Harley's Grand Celebration Medovik Cakes","Product","Direct","IN","BEL CLOUD 1","CLOUD 1","2026-10-03 11:35:33","2026-10-03","Harley's - BLR - Bellandur","BEL"
"125","Strawberry Macarons (Pack Of 5)","ea","Harley's French Macarons","Product","Direct","OUT","ELEC MANAGER 1","MANAGER 1","2026-10-03 10:07:59","2026-10-03","Harley's - BLR - Electronic City","ELC"
"111","Red Velvet Macarons (Pack Of 5)","ea","Harley's French Macarons","Product","Direct","OUT","ELEC MANAGER 1","MANAGER 1","2026-10-03 10:07:59","2026-10-03","Harley's - BLR - Electronic City","ELC"
"98","Passion Fruit & Lemon Fusion Macarons (Pack Of 5)","ea","Harley's French Macarons","Product","Direct","OUT","ELEC MANAGER 1","MANAGER 1","2026-10-03 10:07:59","2026-10-03","Harley's - BLR - Electronic City","ELC"
"85","Mighty Mango Macarons (Pack Of 5)","ea","Harley's French Macarons","Product","Direct","OUT","ELEC MANAGER 1","MANAGER 1","2026-10-03 10:07:59","2026-10-03","Harley's - BLR - Electronic City","ELC"
"61","Green Apple Macarons (Pack Of 5)","ea","Harley's French Macarons","Product","Direct","OUT","ELEC MANAGER 1","MANAGER 1","2026-10-03 10:07:59","2026-10-03","Harley's - BLR - Electronic City","ELC"
"56","French Vanilla Macarons (Pack Of 5)","ea","Harley's French Macarons","Product","Direct","OUT","ELEC MANAGER 1","MANAGER 1","2026-10-03 10:07:59","2026-10-03","Harley's - BLR - Electronic City","ELC"
"37","Clementine Orange Macarons (Pack Of 5)","ea","Harley's French Macarons","Product","Direct","OUT","ELEC MANAGER 1","MANAGER 1","2026-10-03 10:07:59","2026-10-03","Harley's - BLR - Electronic City","ELC"
"97","Pack Of 9 Medoviks And 6 Macarons","ea","All Time Favourite Combinations","Product","Direct","OUT","ELEC MANAGER 1","MANAGER 1","2026-10-03 11:46:01","2026-10-03","Harley's - BLR - Electronic City","ELC"
"95","Pack Of 6 Medoviks And 12 Macarons","ea","All Time Favourite Combinations","Product","Direct","OUT","ELEC MANAGER 1","MANAGER 1","2026-10-03 11:46:01","2026-10-03","Harley's - BLR - Electronic City","ELC"
"93","Pack Of 4 Medoviks And 4 Macarons","ea","All Time Favourite Combinations","Product","Direct","OUT","ELEC MANAGER 1","MANAGER 1","2026-10-03 11:46:01","2026-10-03","Harley's - BLR - Electronic City","ELC"
"139","Assorted Medoviks (Pack Of 6)","ea","Harley's Sweet Home Assortments","Product","Direct","OUT","ELEC MANAGER 1","MANAGER 1","2026-10-03 11:46:01","2026-10-03","Harley's - BLR - Electronic City","ELC"
"55","Ferrero Nutella Medovik With Macaron","ea","Harley's Signature Medovik Pastry","Product","Direct","OUT","ELEC MANAGER 1","MANAGER 1","2026-10-03 12:04:45","2026-10-03","Harley's - BLR - Electronic City","ELC"
"46","Danish Hazelnut Chocolate Medovik With Macaron","ea","Harley's Signature Medovik Pastry","Product","Direct","OUT","ELEC MANAGER 1","MANAGER 1","2026-10-03 12:04:45","2026-10-03","Harley's - BLR - Electronic City","ELC"
"129","Swiss Black & White Medovik With Macaron","ea","Harley's Signature Medovik Pastry","Product","Direct","OUT","ELEC MANAGER 1","MANAGER 1","2026-10-03 12:04:45","2026-10-03","Harley's - BLR - Electronic City","ELC"
"124","Sparkling Dark Chocolate Medovik With Macaron","ea","Harley's Signature Medovik Pastry","Product","Direct","OUT","ELEC MANAGER 1","MANAGER 1","2026-10-03 12:04:45","2026-10-03","Harley's - BLR - Electronic City","ELC"
"116","Signature Belgium Chocolate Medovik With Macaron","ea","Harley's Signature Medovik Pastry","Product","Direct","OUT","ELEC MANAGER 1","MANAGER 1","2026-10-03 12:04:45","2026-10-03","Harley's - BLR - Electronic City","ELC"
"53","Ferrero Nutella Medovik Cake","ea","Harley's Grand Celebration Medovik Cakes","Product","Direct","IN","ELEC MANAGER 1","MANAGER 1","2026-10-03 16:06:44","2026-10-03","Harley's - BLR - Electronic City","ELC"
"54","Ferrero Nutella Medovik Cake","ea","Harley's Grand Celebration Medovik Cakes","Product","Direct","IN","ELEC MANAGER 1","MANAGER 1","2026-10-03 16:06:44","2026-10-03","Harley's - BLR - Electronic City","ELC"
"127","Swiss Black & White Chocolate Medovik Cake","ea","Harley's Grand Celebration Medovik Cakes","Product","Direct","IN","ELEC MANAGER 1","MANAGER 1","2026-10-03 16:06:44","2026-10-03","Harley's - BLR - Electronic City","ELC"
"128","Swiss Black & White Chocolate Medovik Cake","ea","Harley's Grand Celebration Medovik Cakes","Product","Direct","IN","ELEC MANAGER 1","MANAGER 1","2026-10-03 16:06:44","2026-10-03","Harley's - BLR - Electronic City","ELC"
"123","Sparkling Dark Chocolate Medovik Cake","ea","Harley's Grand Celebration Medovik Cakes","Product","Direct","IN","ELEC MANAGER 1","MANAGER 1","2026-10-03 16:06:44","2026-10-03","Harley's - BLR - Electronic City","ELC"
"122","Sparkling Dark Chocolate Medovik Cake","ea","Harley's Grand Celebration Medovik Cakes","Product","Direct","IN","ELEC MANAGER 1","MANAGER 1","2026-10-03 16:06:44","2026-10-03","Harley's - BLR - Electronic City","ELC"
"115","Signature Belgium Chocolate Medovik Cake","ea","Harley's Grand Celebration Medovik Cakes","Product","Direct","IN","ELEC MANAGER 1","MANAGER 1","2026-10-03 16:06:44","2026-10-03","Harley's - BLR - Electronic City","ELC"
"114","Signature Belgium Chocolate Medovik Cake","ea","Harley's Grand Celebration Medovik Cakes","Product","Direct","IN","ELEC MANAGER 1","MANAGER 1","2026-10-03 16:06:44","2026-10-03","Harley's - BLR - Electronic City","ELC"
"44","Danish Hazelnut Chocolate Medovik Cake","ea","Harley's Grand Celebration Medovik Cakes","Product","Direct","IN","ELEC MANAGER 1","MANAGER 1","2026-10-03 16:06:44","2026-10-03","Harley's - BLR - Electronic City","ELC"
"45","Danish Hazelnut Chocolate Medovik Cake","ea","Harley's Grand Celebration Medovik Cakes","Product","Direct","IN","ELEC MANAGER 1","MANAGER 1","2026-10-03 16:06:44","2026-10-03","Harley's - BLR - Electronic City","ELC"
"97","Pack Of 9 Medoviks And 6 Macarons","ea","All Time Favourite Combinations","Product","Direct","IN","ELEC MANAGER 1","MANAGER 1","2026-10-03 16:06:54","2026-10-03","Harley's - BLR - Electronic City","ELC"
"95","Pack Of 6 Medoviks And 12 Macarons","ea","All Time Favourite Combinations","Product","Direct","IN","ELEC MANAGER 1","MANAGER 1","2026-10-03 16:06:54","2026-10-03","Harley's - BLR - Electronic City","ELC"
"93","Pack Of 4 Medoviks And 4 Macarons","ea","All Time Favourite Combinations","Product","Direct","IN","ELEC MANAGER 1","MANAGER 1","2026-10-03 16:06:54","2026-10-03","Harley's - BLR - Electronic City","ELC"
"139","Assorted Medoviks (Pack Of 6)","ea","Harley's Sweet Home Assortments","Product","Direct","IN","ELEC MANAGER 1","MANAGER 1","2026-10-03 16:07:01","2026-10-03","Harley's - BLR - Electronic City","ELC"
"55","Ferrero Nutella Medovik With Macaron","ea","Harley's Signature Medovik Pastry","Product","Direct","IN","ELEC MANAGER 1","MANAGER 1","2026-10-03 16:24:33","2026-10-03","Harley's - BLR - Electronic City","ELC"
"46","Danish Hazelnut Chocolate Medovik With Macaron","ea","Harley's Signature Medovik Pastry","Product","Direct","IN","ELEC MANAGER 1","MANAGER 1","2026-10-03 16:24:33","2026-10-03","Harley's - BLR - Electronic City","ELC"
"129","Swiss Black & White Medovik With Macaron","ea","Harley's Signature Medovik Pastry","Product","Direct","IN","ELEC MANAGER 1","MANAGER 1","2026-10-03 16:24:33","2026-10-03","Harley's - BLR - Electronic City","ELC"
"124","Sparkling Dark Chocolate Medovik With Macaron","ea","Harley's Signature Medovik Pastry","Product","Direct","IN","ELEC MANAGER 1","MANAGER 1","2026-10-03 16:24:33","2026-10-03","Harley's - BLR - Electronic City","ELC"
"116","Signature Belgium Chocolate Medovik With Macaron","ea","Harley's Signature Medovik Pastry","Product","Direct","IN","ELEC MANAGER 1","MANAGER 1","2026-10-03 16:24:33","2026-10-03","Harley's - BLR - Electronic City","ELC"
"64","Harley's Special Mawa Bar Cake (250 Gms)","ea","Barcakes & Muffins","Product","Direct","IN","KAL MANAGER 1","GFNK5L","2026-10-03 10:52:51","2026-10-03","Harley's - BLR - Kalyan Nagar","KAL"
"27","Blueberry Muffin (Pack Of 2)","ea","Barcakes & Muffins","Product","Direct","IN","KAL MANAGER 1","GFNK5L","2026-10-03 10:52:51","2026-10-03","Harley's - BLR - Kalyan Nagar","KAL"
"24","Belgium Chocolate Tres Leches (Pack of 2)","ea","Tres Leches Cakes (Mexican Special)","Product","Direct","IN","KAL CLOUD 2","CLOUD 2","2026-10-03 13:02:35","2026-10-03","Harley's - BLR - Kalyan Nagar","KAL"
"84","Lotus Biscoff Tres Leches (Pack of 2)","ea","Tres Leches Cakes (Mexican Special)","Product","Direct","IN","KAL CLOUD 2","CLOUD 2","2026-10-03 14:31:00","2026-10-03","Harley's - BLR - Kalyan Nagar","KAL"
"36","Classic Mexican Tres Leches  (Pack of 2)","ea","Tres Leches Cakes (Mexican Special)","Product","Direct","IN","KAL CLOUD 2","CLOUD 2","2026-10-03 14:31:00","2026-10-03","Harley's - BLR - Kalyan Nagar","KAL"
"35","Classic Butter Croissants (Pack Of 2)","ea","Croissants","Product","Direct","OUT","ARE CLOUD 1","CLOUD 1","2026-10-03 09:55:39","2026-10-03","Harley's - BLR - Arekere","ARE"
"105","Premium Banana Walnut Bar Cake (250 Gms)","ea","Barcakes & Muffins","Product","Direct","OUT","ARE CLOUD 1","CLOUD 1","2026-10-03 14:44:55","2026-10-03","Harley's - BLR - Arekere","ARE"
"33","Choco Mawa Bar Cake 250 gms","ea","Barcakes & Muffins","Product","Direct","OUT","ARE CLOUD 1","CLOUD 1","2026-10-03 14:46:06","2026-10-03","Harley's - BLR - Arekere","ARE"
"27","Blueberry Muffin (Pack Of 2)","ea","Barcakes & Muffins","Product","Direct","OUT","ARE CLOUD 1","CLOUD 1","2026-10-03 15:34:24","2026-10-03","Harley's - BLR - Arekere","ARE"
"K3G9","Customized Cake","ea","Harley's Grand Celebration Medovik Cakes","Product","Direct","IN","DIL MANAGER1","MANAGER1","2026-10-03 10:38:09","2026-10-03","Harley's - HYD - Dilshuknagar","DIL"
"203","Special Pizza Sliders","ea","Antipasto","Product","Direct","IN","DIL MANAGER1","MANAGER1","2026-10-03 10:38:09","2026-10-03","Harley's - HYD - Dilshuknagar","DIL"
"204","Special Pizza Sliders","ea","Antipasto","Product","Direct","IN","DIL MANAGER1","MANAGER1","2026-10-03 10:38:09","2026-10-03","Harley's - HYD - Dilshuknagar","DIL"
"CS1","Classic French Fries","ea","Antipasto","Product","Direct","IN","DIL MANAGER1","MANAGER1","2026-10-03 10:38:09","2026-10-03","Harley's - HYD - Dilshuknagar","DIL"
"CP1","Classic French Fries","ea","Antipasto","Product","Direct","IN","DIL MANAGER1","MANAGER1","2026-10-03 10:38:09","2026-10-03","Harley's - HYD - Dilshuknagar","DIL"
"NEW4","Herbed Cheese Garlic Bread","ea","Antipasto","Product","Direct","IN","DIL MANAGER1","MANAGER1","2026-10-03 10:38:09","2026-10-03","Harley's - HYD - Dilshuknagar","DIL"
"NEW5","Classic Garlic Bread","ea","Antipasto","Product","Direct","IN","DIL MANAGER1","MANAGER1","2026-10-03 10:38:09","2026-10-03","Harley's - HYD - Dilshuknagar","DIL"
"NEW2","Italian Garlic Bruschetta","ea","Antipasto","Product","Direct","IN","DIL MANAGER1","MANAGER1","2026-10-03 10:38:09","2026-10-03","Harley's - HYD - Dilshuknagar","DIL"
"NEW3","Classic French Fries (Salted/ Peri Peri)","ea","Antipasto","Product","Direct","IN","DIL MANAGER1","MANAGER1","2026-10-03 10:38:09","2026-10-03","Harley's - HYD - Dilshuknagar","DIL"
"NEW1","Special Pizza Sliders","ea","Antipasto","Product","Direct","IN","DIL MANAGER1","MANAGER1","2026-10-03 10:38:09","2026-10-03","Harley's - HYD - Dilshuknagar","DIL"
"NEW109","Smoky Caramel Cheesecake Pastry","ea","Finely Baked Gourmet Cheesecake Pastry W/O","Product","Direct","IN","DIL MANAGER1","MANAGER1","2026-10-03 10:38:09","2026-10-03","Harley's - HYD - Dilshuknagar","DIL"
"NEW108","Lotus Biscoff Cheesecake Pastry","ea","Finely Baked Gourmet Cheesecake Pastry W/O","Product","Direct","IN","DIL MANAGER1","MANAGER1","2026-10-03 10:38:09","2026-10-03","Harley's - HYD - Dilshuknagar","DIL"
"NEW107","Ferrero Nutella Cheesecake Pastry","ea","Finely Baked Gourmet Cheesecake Pastry W/O","Product","Direct","IN","DIL MANAGER1","MANAGER1","2026-10-03 10:38:09","2026-10-03","Harley's - HYD - Dilshuknagar","DIL"
"NEW105","Belgium Chocolate Cheesecake Pastry","ea","Finely Baked Gourmet Cheesecake Pastry W/O","Product","Direct","IN","DIL MANAGER1","MANAGER1","2026-10-03 10:38:09","2026-10-03","Harley's - HYD - Dilshuknagar","DIL"
"NEW106","Chef's Favourite Blueberry Cheesecake Pastry","ea","Finely Baked Gourmet Cheesecake Pastry W/O","Product","Direct","IN","DIL MANAGER1","MANAGER1","2026-10-03 10:38:09","2026-10-03","Harley's - HYD - Dilshuknagar","DIL"
"NEW104","Danish Hazelnut Cheesecake Pastry","ea","Finely Baked Gourmet Cheesecake Pastry W/O","Product","Direct","IN","DIL MANAGER1","MANAGER1","2026-10-03 10:38:09","2026-10-03","Harley's - HYD - Dilshuknagar","DIL"
"NEW100","Cheese Corn Croissant Burger","ea","Croissant Burgers","Product","Direct","IN","DIL MANAGER1","MANAGER1","2026-10-03 10:38:09","2026-10-03","Harley's - HYD - Dilshuknagar","DIL"
"NEW99","Spinach & Corn Croissant Burger","ea","Croissant Burgers","Product","Direct","IN","DIL MANAGER1","MANAGER1","2026-10-03 10:38:09","2026-10-03","Harley's - HYD - Dilshuknagar","DIL"
"NEW98","Diced Paneer Croissant Cheese Burger","ea","Croissant Burgers","Product","Direct","IN","DIL MANAGER1","MANAGER1","2026-10-03 10:38:09","2026-10-03","Harley's - HYD - Dilshuknagar","DIL"
"NEW97","Classic Veg Croissant Burger","ea","Croissant Burgers","Product","Direct","IN","DIL MANAGER1","MANAGER1","2026-10-03 10:38:09","2026-10-03","Harley's - HYD - Dilshuknagar","DIL"
"K3G16","Mango Granita Frappe","ea","Cocoa Brews (Chocolate Frappe)","Product","Direct","IN","DIL MANAGER1","MANAGER1","2026-10-03 10:38:09","2026-10-03","Harley's - HYD - Dilshuknagar","DIL"
"IC1","Mango Ice cream","ea","Cocoa Brews (Chocolate Frappe)","Product","Direct","IN","DIL MANAGER1","MANAGER1","2026-10-03 10:38:09","2026-10-03","Harley's - HYD - Dilshuknagar","DIL"
"NEW56","Signature Cold Coffee Frappe","ea","Cocoa Brews (Chocolate Frappe)","Product","Direct","IN","DIL MANAGER1","MANAGER1","2026-10-03 10:38:09","2026-10-03","Harley's - HYD - Dilshuknagar","DIL"
"NEW46","American Almond Chocolate Frappe","ea","Cocoa Brews (Chocolate Frappe)","Product","Direct","IN","DIL MANAGER1","MANAGER1","2026-10-03 10:38:09","2026-10-03","Harley's - HYD - Dilshuknagar","DIL"
"NEW47","Belgium Double Chocolate Frappe","ea","Cocoa Brews (Chocolate Frappe)","Product","Direct","IN","DIL MANAGER1","MANAGER1","2026-10-03 10:38:09","2026-10-03","Harley's - HYD - Dilshuknagar","DIL"
"NEW44","Dubai Pistachio Chocolate Frappe","ea","Cocoa Brews (Chocolate Frappe)","Product","Direct","IN","DIL MANAGER1","MANAGER1","2026-10-03 10:38:09","2026-10-03","Harley's - HYD - Dilshuknagar","DIL"
"NEW45","Danish Hazelnut Chocolate Frappe","ea","Cocoa Brews (Chocolate Frappe)","Product","Direct","IN","DIL MANAGER1","MANAGER1","2026-10-03 10:38:09","2026-10-03","Harley's - HYD - Dilshuknagar","DIL"
"NEW51","Choco Medovik Hot Chocolate","ea","Cocoa Brews (Hot)","Product","Direct","IN","DIL MANAGER1","MANAGER1","2026-10-03 10:38:09","2026-10-03","Harley's - HYD - Dilshuknagar","DIL"
"NEW49","Danish Hazelnut Hot Chocolate","ea","Cocoa Brews (Hot)","Product","Direct","IN","DIL MANAGER1","MANAGER1","2026-10-03 10:38:09","2026-10-03","Harley's - HYD - Dilshuknagar","DIL"
"NEW50","Classic Hot Chocolate","ea","Cocoa Brews (Hot)","Product","Direct","IN","DIL MANAGER1","MANAGER1","2026-10-03 10:38:09","2026-10-03","Harley's - HYD - Dilshuknagar","DIL"
"NEW48","Honey Caramel Hot Chocolate","ea","Cocoa Brews (Hot)","Product","Direct","IN","DIL MANAGER1","MANAGER1","2026-10-03 10:38:09","2026-10-03","Harley's - HYD - Dilshuknagar","DIL"
"NEW43","House Blend Roasted Hazelnut Shake","ea","Cake Shake Indulgence","Product","Direct","IN","DIL MANAGER1","MANAGER1","2026-10-03 10:38:09","2026-10-03","Harley's - HYD - Dilshuknagar","DIL"
"NEW42","Italian Pistachio Medovik Shake","ea","Cake Shake Indulgence","Product","Direct","IN","DIL MANAGER1","MANAGER1","2026-10-03 10:38:09","2026-10-03","Harley's - HYD - Dilshuknagar","DIL"
"NEW41","Belgium Chocolate Medovik Shake","ea","Cake Shake Indulgence","Product","Direct","IN","DIL MANAGER1","MANAGER1","2026-10-03 10:38:09","2026-10-03","Harley's - HYD - Dilshuknagar","DIL"
"NEW39","American Blueberry Cake Shake","ea","Cake Shake Indulgence","Product","Direct","IN","DIL MANAGER1","MANAGER1","2026-10-03 10:38:09","2026-10-03","Harley's - HYD - Dilshuknagar","DIL"
"NEW40","Tiramisu Medovik Coffee Shake","ea","Cake Shake Indulgence","Product","Direct","IN","DIL MANAGER1","MANAGER1","2026-10-03 10:38:09","2026-10-03","Harley's - HYD - Dilshuknagar","DIL"
"NEW17","Belgium Kunafa Chocolate (Pack of 2)","ea","Assorted Chocolate Treats","Product","Direct","IN","DIL MANAGER1","MANAGER1","2026-10-03 10:38:09","2026-10-03","Harley's - HYD - Dilshuknagar","DIL"
"NEW10","Danish Hazelnut Kunafa Chocolate (Pack of 2)","ea","Assorted Chocolate Treats","Product","Direct","IN","DIL MANAGER1","MANAGER1","2026-10-03 10:38:09","2026-10-03","Harley's - HYD - Dilshuknagar","DIL"
"NEW16","Biscoff Kunafa Chocolate (Pack of 2)","ea","Assorted Chocolate Treats","Product","Direct","IN","DIL MANAGER1","MANAGER1","2026-10-03 10:38:09","2026-10-03","Harley's - HYD - Dilshuknagar","DIL"
"NEW8","Ruby Kunafa Chocolate (Pack of 2)","ea","Assorted Chocolate Treats","Product","Direct","IN","DIL MANAGER1","MANAGER1","2026-10-03 10:38:09","2026-10-03","Harley's - HYD - Dilshuknagar","DIL"
"NEW7","Almond Kunafa Chocolate (Pack of 2)","ea","Assorted Chocolate Treats","Product","Direct","IN","DIL MANAGER1","MANAGER1","2026-10-03 10:38:09","2026-10-03","Harley's - HYD - Dilshuknagar","DIL"
"NEW6","Pistachio Kunafa Chocolate (Pack of 2)","ea","Assorted Chocolate Treats","Product","Direct","IN","DIL MANAGER1","MANAGER1","2026-10-03 10:38:09","2026-10-03","Harley's - HYD - Dilshuknagar","DIL"
"NEW35","Dragees (Pack of 6)","ea","Assorted Chocolate Treats","Product","Direct","IN","DIL MANAGER1","MANAGER1","2026-10-03 10:38:09","2026-10-03","Harley's - HYD - Dilshuknagar","DIL"
"NEW34","White & Ruby Hazelnut Dragees (Pack of 2)","ea","Assorted Chocolate Treats","Product","Direct","IN","DIL MANAGER1","MANAGER1","2026-10-03 10:38:09","2026-10-03","Harley's - HYD - Dilshuknagar","DIL"
"NEW32","Ruby Hazelnut Dragees (Pack of 2)","ea","Assorted Chocolate Treats","Product","Direct","IN","DIL MANAGER1","MANAGER1","2026-10-03 10:38:09","2026-10-03","Harley's - HYD - Dilshuknagar","DIL"
"NEW33","Belgium Hazelnut Dragees (Pack of 2)","ea","Assorted Chocolate Treats","Product","Direct","IN","DIL MANAGER1","MANAGER1","2026-10-03 10:38:09","2026-10-03","Harley's - HYD - Dilshuknagar","DIL"
"NEW31","White Hazelnut Dragees (Pack of 2)","ea","Assorted Chocolate Treats","Product","Direct","IN","DIL MANAGER1","MANAGER1","2026-10-03 10:38:09","2026-10-03","Harley's - HYD - Dilshuknagar","DIL"
"NEW27","Assorted Foy'tin Cheesecakes (Pack of 6)","ea","Assorted Chocolate Treats","Product","Direct","IN","DIL MANAGER1","MANAGER1","2026-10-03 10:38:09","2026-10-03","Harley's - HYD - Dilshuknagar","DIL"
"NEW28","Assorted Dragees","ea","Assorted Chocolate Treats","Product","Direct","IN","DIL MANAGER1","MANAGER1","2026-10-03 10:38:09","2026-10-03","Harley's - HYD - Dilshuknagar","DIL"
"NEW29","Milk Hazelnut Dragees (Pack of 2)","ea","Assorted Chocolate Treats","Product","Direct","IN","DIL MANAGER1","MANAGER1","2026-10-03 10:38:09","2026-10-03","Harley's - HYD - Dilshuknagar","DIL"
"NEW30","Dark Hazelnut Dragees (Pack of 2)","ea","Assorted Chocolate Treats","Product","Direct","IN","DIL MANAGER1","MANAGER1","2026-10-03 10:38:09","2026-10-03","Harley's - HYD - Dilshuknagar","DIL"
"NEW26","Assorted Foy'tin Cakes (Pack of 6)","ea","Assorted Chocolate Treats","Product","Direct","IN","DIL MANAGER1","MANAGER1","2026-10-03 10:38:09","2026-10-03","Harley's - HYD - Dilshuknagar","DIL"
"NEW24","Assorted Chocolate Macarons (Pack of 5)","ea","Assorted Chocolate Treats","Product","Direct","IN","DIL MANAGER1","MANAGER1","2026-10-03 10:38:09","2026-10-03","Harley's - HYD - Dilshuknagar","DIL"
"NEW25","Assorted Kunafa Chocolates (Pack of 6)","ea","Assorted Chocolate Treats","Product","Direct","IN","DIL MANAGER1","MANAGER1","2026-10-03 10:38:09","2026-10-03","Harley's - HYD - Dilshuknagar","DIL"
"NEW13","Belgium Choco Foy'tin Cake (Pack of 2)","ea","Assorted Chocolate Treats","Product","Direct","IN","DIL MANAGER1","MANAGER1","2026-10-03 10:38:09","2026-10-03","Harley's - HYD - Dilshuknagar","DIL"
"PA3","Exotic Veg Pasta","ea","Pasta (Home Blend Cream)","Product","Direct","IN","DIL MANAGER1","MANAGER1","2026-10-03 10:38:09","2026-10-03","Harley's - HYD - Dilshuknagar","DIL"
"PA2","Exotic Veg Pasta","ea","Pasta (Home Blend Cream)","Product","Direct","IN","DIL MANAGER1","MANAGER1","2026-10-03 10:38:09","2026-10-03","Harley's - HYD - Dilshuknagar","DIL"
"PA1","Exotic Veg Pasta","ea","Pasta (Home Blend Cream)","Product","Direct","IN","DIL MANAGER1","MANAGER1","2026-10-03 10:38:09","2026-10-03","Harley's - HYD - Dilshuknagar","DIL"
"NEW194","Baked Veggy Macaroni Pasta","ea","Pasta (Home Blend Cream)","Product","Direct","IN","DIL MANAGER1","MANAGER1","2026-10-03 10:38:09","2026-10-03","Harley's - HYD - Dilshuknagar","DIL"
"NEW192","Baked Broccoli Macaroni Pasta","ea","Pasta (Home Blend Cream)","Product","Direct","IN","DIL MANAGER1","MANAGER1","2026-10-03 10:38:09","2026-10-03","Harley's - HYD - Dilshuknagar","DIL"
"NEW191","Creamy Roasted Spinach Pasta","ea","Pasta (Home Blend Cream)","Product","Direct","IN","DIL MANAGER1","MANAGER1","2026-10-03 10:38:09","2026-10-03","Harley's - HYD - Dilshuknagar","DIL"
"NEW193","Exotic Veg Pasta","ea","Pasta (Home Blend Cream)","Product","Direct","IN","DIL MANAGER1","MANAGER1","2026-10-03 10:38:09","2026-10-03","Harley's - HYD - Dilshuknagar","DIL"
"216","London Viral Whipped Caramel Medovik W/O Macaron","ea","Harley's Signature Medovik Pastry W/O Macaron","Product","Direct","IN","DIL MANAGER1","MANAGER1","2026-10-03 10:38:09","2026-10-03","Harley's - HYD - Dilshuknagar","DIL"
"NEW175","Signature Belgium Chocolate Medovik Pastry","ea","Harley's Signature Medovik Pastry W/O Macaron","Product","Direct","IN","DIL MANAGER1","MANAGER1","2026-10-03 10:38:09","2026-10-03","Harley's - HYD - Dilshuknagar","DIL"
"NEW173","Sparkling Dark Chocolate Medovik Pastry","ea","Harley's Signature Medovik Pastry W/O Macaron","Product","Direct","IN","DIL MANAGER1","MANAGER1","2026-10-03 10:38:09","2026-10-03","Harley's - HYD - Dilshuknagar","DIL"
"NEW174","Swiss Black & White Medovik Pastry","ea","Harley's Signature Medovik Pastry W/O Macaron","Product","Direct","IN","DIL MANAGER1","MANAGER1","2026-10-03 10:38:09","2026-10-03","Harley's - HYD - Dilshuknagar","DIL"
"NEW172","Premium Butterscotch Medovik Pastry","ea","Harley's Signature Medovik Pastry W/O Macaron","Product","Direct","IN","DIL MANAGER1","MANAGER1","2026-10-03 10:38:09","2026-10-03","Harley's - HYD - Dilshuknagar","DIL"
"NEW171","Pistachio Delight Medovik Pastry","ea","Harley's Signature Medovik Pastry W/O Macaron","Product","Direct","IN","DIL MANAGER1","MANAGER1","2026-10-03 10:38:09","2026-10-03","Harley's - HYD - Dilshuknagar","DIL"
"NEW170","Lotus Biscoff Medovik Pastry","ea","Harley's Signature Medovik Pastry W/O Macaron","Product","Direct","IN","DIL MANAGER1","MANAGER1","2026-10-03 10:38:09","2026-10-03","Harley's - HYD - Dilshuknagar","DIL"
"NEW169","Italian Tiramisu Medovik Pastry","ea","Harley's Signature Medovik Pastry W/O Macaron","Product","Direct","IN","DIL MANAGER1","MANAGER1","2026-10-03 10:38:09","2026-10-03","Harley's - HYD - Dilshuknagar","DIL"
"NEW168","Harley's Spl. Classic Russian Medovik Pastry","ea","Harley's Signature Medovik Pastry W/O Macaron","Product","Direct","IN","DIL MANAGER1","MANAGER1","2026-10-03 10:38:09","2026-10-03","Harley's - HYD - Dilshuknagar","DIL"
"NEW167","French Vanilla Rose Medovik Pastry","ea","Harley's Signature Medovik Pastry W/O Macaron","Product","Direct","IN","DIL MANAGER1","MANAGER1","2026-10-03 10:38:09","2026-10-03","Harley's - HYD - Dilshuknagar","DIL"
"NEW166","Ferrero Nutella Medovik Pastry","ea","Harley's Signature Medovik Pastry W/O Macaron","Product","Direct","IN","DIL MANAGER1","MANAGER1","2026-10-03 10:38:09","2026-10-03","Harley's - HYD - Dilshuknagar","DIL"
"NEW164","Austrian White Forest Medovik Pastry","ea","Harley's Signature Medovik Pastry W/O Macaron","Product","Direct","IN","DIL MANAGER1","MANAGER1","2026-10-03 10:38:09","2026-10-03","Harley's - HYD - Dilshuknagar","DIL"
"NEW165","Danish Hazelnut Chocolate Medovik Pastry","ea","Harley's Signature Medovik Pastry W/O Macaron","Product","Direct","IN","DIL MANAGER1","MANAGER1","2026-10-03 10:38:09","2026-10-03","Harley's - HYD - Dilshuknagar","DIL"
"EFM1","Exotic French Macarons (Pack Of 5)","ea","Harley's Sweet Home Assortments","Product","Direct","IN","DIL MANAGER1","MANAGER1","2026-10-03 10:38:09","2026-10-03","Harley's - HYD - Dilshuknagar","DIL"
"NEW204","Exotic Tresley Cakes (Pack of 6)","ea","Harley's Sweet Home Assortments","Product","Direct","IN","DIL MANAGER1","MANAGER1","2026-10-03 10:38:09","2026-10-03","Harley's - HYD - Dilshuknagar","DIL"
"S3","Arrabiata Sauce","ea","ADD ONS","Product","Direct","IN","DIL MANAGER1","MANAGER1","2026-10-03 10:38:09","2026-10-03","Harley's - HYD - Dilshuknagar","DIL"
"S1","Alfredo Sauce","ea","ADD ONS","Product","Direct","IN","DIL MANAGER1","MANAGER1","2026-10-03 10:38:09","2026-10-03","Harley's - HYD - Dilshuknagar","DIL"
"S2","Rosatella Sauce","ea","ADD ONS","Product","Direct","IN","DIL MANAGER1","MANAGER1","2026-10-03 10:38:09","2026-10-03","Harley's - HYD - Dilshuknagar","DIL"
"K3G14","Espresso Shot","ea","ADD ONS","Product","Direct","IN","DIL MANAGER1","MANAGER1","2026-10-03 10:38:09","2026-10-03","Harley's - HYD - Dilshuknagar","DIL"
"K3G13","Customized Cake Decoration Add-on","ea","ADD ONS","Product","Direct","IN","DIL MANAGER1","MANAGER1","2026-10-03 10:38:09","2026-10-03","Harley's - HYD - Dilshuknagar","DIL"
"K3G12","SOYA MILK","ea","ADD ONS","Product","Direct","IN","DIL MANAGER1","MANAGER1","2026-10-03 10:38:09","2026-10-03","Harley's - HYD - Dilshuknagar","DIL"
"K3G17","Caffe Latte","ea","Coffee Brews (Hot)","Product","Direct","IN","DIL MANAGER1","MANAGER1","2026-10-03 10:38:09","2026-10-03","Harley's - HYD - Dilshuknagar","DIL"
"K3G6","Espresso Single Shot","ea","Coffee Brews (Hot)","Product","Direct","IN","DIL MANAGER1","MANAGER1","2026-10-03 10:38:09","2026-10-03","Harley's - HYD - Dilshuknagar","DIL"
"NEW63","Cafe Mocha","ea","Coffee Brews (Hot)","Product","Direct","IN","DIL MANAGER1","MANAGER1","2026-10-03 10:38:09","2026-10-03","Harley's - HYD - Dilshuknagar","DIL"
"NEW61","Espresso (Doppio)","ea","Coffee Brews (Hot)","Product","Direct","IN","DIL MANAGER1","MANAGER1","2026-10-03 10:38:09","2026-10-03","Harley's - HYD - Dilshuknagar","DIL"
"NEW62","Roasted Hazelnut Cappuccino","ea","Coffee Brews (Hot)","Product","Direct","IN","DIL MANAGER1","MANAGER1","2026-10-03 10:38:09","2026-10-03","Harley's - HYD - Dilshuknagar","DIL"
"NEW60","Cafe Latte","ea","Coffee Brews (Hot)","Product","Direct","IN","DIL MANAGER1","MANAGER1","2026-10-03 10:38:09","2026-10-03","Harley's - HYD - Dilshuknagar","DIL"
"NEW59","Italian Cappuccino","ea","Coffee Brews (Hot)","Product","Direct","IN","DIL MANAGER1","MANAGER1","2026-10-03 10:38:09","2026-10-03","Harley's - HYD - Dilshuknagar","DIL"
"NEW58","Classic Americano","ea","Coffee Brews (Hot)","Product","Direct","IN","DIL MANAGER1","MANAGER1","2026-10-03 10:38:09","2026-10-03","Harley's - HYD - Dilshuknagar","DIL"
"NEW57","Iced Americano","ea","Coffee Brews (Cold)","Product","Direct","IN","DIL MANAGER1","MANAGER1","2026-10-03 10:38:09","2026-10-03","Harley's - HYD - Dilshuknagar","DIL"
"NEW55","All Time Classic Cold Coffee","ea","Coffee Brews (Cold)","Product","Direct","IN","DIL MANAGER1","MANAGER1","2026-10-03 10:38:09","2026-10-03","Harley's - HYD - Dilshuknagar","DIL"
"NEW54","Vietnamese Cold Coffee","ea","Coffee Brews (Cold)","Product","Direct","IN","DIL MANAGER1","MANAGER1","2026-10-03 10:38:09","2026-10-03","Harley's - HYD - Dilshuknagar","DIL"
"NEW53","White Russian Cold Coffee","ea","Coffee Brews (Cold)","Product","Direct","IN","DIL MANAGER1","MANAGER1","2026-10-03 10:38:09","2026-10-03","Harley's - HYD - Dilshuknagar","DIL"
"NEW52","Choco Mocha Cold Coffee","ea","Coffee Brews (Cold)","Product","Direct","IN","DIL MANAGER1","MANAGER1","2026-10-03 10:38:09","2026-10-03","Harley's - HYD - Dilshuknagar","DIL"
"K3G11","White Forest Crocante Cheesecake -50g","ea","Finely Baked Gourmet Mini-Cheesecake","Product","Direct","IN","DIL MANAGER1","MANAGER1","2026-10-03 10:38:09","2026-10-03","Harley's - HYD - Dilshuknagar","DIL"
"K3G10","Belgium Chocolate Crocante Cheesecake -50g","ea","Finely Baked Gourmet Mini-Cheesecake","Product","Direct","IN","DIL MANAGER1","MANAGER1","2026-10-03 10:38:09","2026-10-03","Harley's - HYD - Dilshuknagar","DIL"
"NEW115","Smoky Caramel Cheesecake -50g","ea","Finely Baked Gourmet Mini-Cheesecake","Product","Direct","IN","DIL MANAGER1","MANAGER1","2026-10-03 10:38:09","2026-10-03","Harley's - HYD - Dilshuknagar","DIL"
"NEW114","Pistachio Delight Crocante Cheesecake -50g","ea","Finely Baked Gourmet Mini-Cheesecake","Product","Direct","IN","DIL MANAGER1","MANAGER1","2026-10-03 10:38:09","2026-10-03","Harley's - HYD - Dilshuknagar","DIL"
"NEW113","Lotus Biscoff Cheesecake -50g","ea","Finely Baked Gourmet Mini-Cheesecake","Product","Direct","IN","DIL MANAGER1","MANAGER1","2026-10-03 10:38:09","2026-10-03","Harley's - HYD - Dilshuknagar","DIL"
"NEW112","Ferrero Nutella Cheesecake -50g","ea","Finely Baked Gourmet Mini-Cheesecake","Product","Direct","IN","DIL MANAGER1","MANAGER1","2026-10-03 10:38:09","2026-10-03","Harley's - HYD - Dilshuknagar","DIL"
"NEW111","Chef'S Favourite Blueberry Cheesecake -50g","ea","Finely Baked Gourmet Mini-Cheesecake","Product","Direct","IN","DIL MANAGER1","MANAGER1","2026-10-03 10:38:09","2026-10-03","Harley's - HYD - Dilshuknagar","DIL"
"NEW110","Danish Hazelnut Cheesecake - 50g","ea","Finely Baked Gourmet Mini-Cheesecake","Product","Direct","IN","DIL MANAGER1","MANAGER1","2026-10-03 10:38:09","2026-10-03","Harley's - HYD - Dilshuknagar","DIL"
"157","Ferrero Nutella Brownie with Hazelnut Crocante (Pack of 2)","ea","Harley's Special Brownies","Product","Direct","IN","DIL MANAGER1","MANAGER1","2026-10-03 10:38:09","2026-10-03","Harley's - HYD - Dilshuknagar","DIL"
"155","Belgium Chocolate Brownie (Pack of 2)","ea","Harley's Special Brownies","Product","Direct","IN","DIL MANAGER1","MANAGER1","2026-10-03 10:38:09","2026-10-03","Harley's - HYD - Dilshuknagar","DIL"
"156","Classic Walnut Fudge Brownie (Pack of 2)","ea","Harley's Special Brownies","Product","Direct","IN","DIL MANAGER1","MANAGER1","2026-10-03 10:38:09","2026-10-03","Harley's - HYD - Dilshuknagar","DIL"
"NEW203","Water 750ml","ea","Water","Product","Direct","IN","DIL MANAGER1","MANAGER1","2026-10-03 10:38:09","2026-10-03","Harley's - HYD - Dilshuknagar","DIL"
"NEW202","Exotic Veg & Cheese Sandwich","ea","Steamy Croissants","Product","Direct","IN","DIL MANAGER1","MANAGER1","2026-10-03 10:38:09","2026-10-03","Harley's - HYD - Dilshuknagar","DIL"
"NEW201","Jalapeno Cottage Cheese Sandwich","ea","Steamy Croissants","Product","Direct","IN","DIL MANAGER1","MANAGER1","2026-10-03 10:38:09","2026-10-03","Harley's - HYD - Dilshuknagar","DIL"
"NEW200","Creamy Roasted Spinach Sandwich","ea","Steamy Croissants","Product","Direct","IN","DIL MANAGER1","MANAGER1","2026-10-03 10:38:09","2026-10-03","Harley's - HYD - Dilshuknagar","DIL"
"NEW199","Croissant Maska (Regional Fusion)","ea","Steamy Croissants","Product","Direct","IN","DIL MANAGER1","MANAGER1","2026-10-03 10:38:09","2026-10-03","Harley's - HYD - Dilshuknagar","DIL"
"NEW198","Roasted Spinach & Corn Pizza","ea","Pizza (Thin Crust Flaky)","Product","Direct","IN","DIL MANAGER1","MANAGER1","2026-10-03 10:38:09","2026-10-03","Harley's - HYD - Dilshuknagar","DIL"
"NEW197","BBQ Cottage Cheese Pizza","ea","Pizza (Thin Crust Flaky)","Product","Direct","IN","DIL MANAGER1","MANAGER1","2026-10-03 10:38:09","2026-10-03","Harley's - HYD - Dilshuknagar","DIL"
"NEW196","Veggy Executive Pizza","ea","Pizza (Thin Crust Flaky)","Product","Direct","IN","DIL MANAGER1","MANAGER1","2026-10-03 10:38:09","2026-10-03","Harley's - HYD - Dilshuknagar","DIL"
"NEW195","Classic Margherita Pizza","ea","Pizza (Thin Crust Flaky)","Product","Direct","IN","DIL MANAGER1","MANAGER1","2026-10-03 10:38:09","2026-10-03","Harley's - HYD - Dilshuknagar","DIL"
"NEW189","Pista Ice Cream","ea","Harley's Specialty Ice Cream","Product","Direct","IN","DIL MANAGER1","MANAGER1","2026-10-03 10:38:09","2026-10-03","Harley's - HYD - Dilshuknagar","DIL"
"NEW190","Choco Pista Ice Cream","ea","Harley's Specialty Ice Cream","Product","Direct","IN","DIL MANAGER1","MANAGER1","2026-10-03 10:38:09","2026-10-03","Harley's - HYD - Dilshuknagar","DIL"
"NEW188","Choco Ice Cream","ea","Harley's Specialty Ice Cream","Product","Direct","IN","DIL MANAGER1","MANAGER1","2026-10-03 10:38:09","2026-10-03","Harley's - HYD - Dilshuknagar","DIL"
"NEW187","Swiss Black And White Medovik -50g","ea","Harley's Signature Mini-Medovik","Product","Direct","IN","DIL MANAGER1","MANAGER1","2026-10-03 10:38:09","2026-10-03","Harley's - HYD - Dilshuknagar","DIL"
"NEW186","Sparkling Dark Chocolate Medovik - 50g","ea","Harley's Signature Mini-Medovik","Product","Direct","IN","DIL MANAGER1","MANAGER1","2026-10-03 10:38:09","2026-10-03","Harley's - HYD - Dilshuknagar","DIL"
"NEW185","Premium Butterscotch Medovik -50g","ea","Harley's Signature Mini-Medovik","Product","Direct","IN","DIL MANAGER1","MANAGER1","2026-10-03 10:38:09","2026-10-03","Harley's - HYD - Dilshuknagar","DIL"
"NEW183","Lotus Biscoff Medovik -50g","ea","Harley's Signature Mini-Medovik","Product","Direct","IN","DIL MANAGER1","MANAGER1","2026-10-03 10:38:09","2026-10-03","Harley's - HYD - Dilshuknagar","DIL"
"NEW184","Pistachio Delight Medovik -50g","ea","Harley's Signature Mini-Medovik","Product","Direct","IN","DIL MANAGER1","MANAGER1","2026-10-03 10:38:09","2026-10-03","Harley's - HYD - Dilshuknagar","DIL"
"NEW182","Italian Tiramisu Medovik -50g","ea","Harley's Signature Mini-Medovik","Product","Direct","IN","DIL MANAGER1","MANAGER1","2026-10-03 10:38:09","2026-10-03","Harley's - HYD - Dilshuknagar","DIL"
"NEW181","Harley'S Spl. Classic Russian Medovik -50g","ea","Harley's Signature Mini-Medovik","Product","Direct","IN","DIL MANAGER1","MANAGER1","2026-10-03 10:38:09","2026-10-03","Harley's - HYD - Dilshuknagar","DIL"
"NEW179","Ferrero Nutella Medovik -50g","ea","Harley's Signature Mini-Medovik","Product","Direct","IN","DIL MANAGER1","MANAGER1","2026-10-03 10:38:09","2026-10-03","Harley's - HYD - Dilshuknagar","DIL"
"NEW180","French Vanilla Rose Medovik-50g","ea","Harley's Signature Mini-Medovik","Product","Direct","IN","DIL MANAGER1","MANAGER1","2026-10-03 10:38:09","2026-10-03","Harley's - HYD - Dilshuknagar","DIL"
"NEW178","Danish Hazelnut Chocolate Medovik-50g","ea","Harley's Signature Mini-Medovik","Product","Direct","IN","DIL MANAGER1","MANAGER1","2026-10-03 10:38:09","2026-10-03","Harley's - HYD - Dilshuknagar","DIL"
"NEW177","Belgium Chocolate Medovik -50g","ea","Harley's Signature Mini-Medovik","Product","Direct","IN","DIL MANAGER1","MANAGER1","2026-10-03 10:38:09","2026-10-03","Harley's - HYD - Dilshuknagar","DIL"
"NEW176","Austrian White Forest Medovik -50g","ea","Harley's Signature Mini-Medovik","Product","Direct","IN","DIL MANAGER1","MANAGER1","2026-10-03 10:38:09","2026-10-03","Harley's - HYD - Dilshuknagar","DIL"
"NEW139","Belgium Kunafa Chocolate","ea","Harley's Alpha Kunafa Chocolates","Product","Direct","IN","DIL MANAGER1","MANAGER1","2026-10-03 10:38:09","2026-10-03","Harley's - HYD - Dilshuknagar","DIL"
"NEW138","Biscoff Kunafa Chocolate","ea","Harley's Alpha Kunafa Chocolates","Product","Direct","IN","DIL MANAGER1","MANAGER1","2026-10-03 10:38:09","2026-10-03","Harley's - HYD - Dilshuknagar","DIL"
"NEW137","Danish Hazelnut Kunafa Chocolate","ea","Harley's Alpha Kunafa Chocolates","Product","Direct","IN","DIL MANAGER1","MANAGER1","2026-10-03 10:38:09","2026-10-03","Harley's - HYD - Dilshuknagar","DIL"
"NEW136","Ruby Kunafa Chocolate","ea","Harley's Alpha Kunafa Chocolates","Product","Direct","IN","DIL MANAGER1","MANAGER1","2026-10-03 10:38:09","2026-10-03","Harley's - HYD - Dilshuknagar","DIL"
"NEW135","Almond Kunafa Chocolate","ea","Harley's Alpha Kunafa Chocolates","Product","Direct","IN","DIL MANAGER1","MANAGER1","2026-10-03 10:38:09","2026-10-03","Harley's - HYD - Dilshuknagar","DIL"
"NEW134","Pistachio Kunafa Chocolate","ea","Harley's Alpha Kunafa Chocolates","Product","Direct","IN","DIL MANAGER1","MANAGER1","2026-10-03 10:38:09","2026-10-03","Harley's - HYD - Dilshuknagar","DIL"
"NEW118","Spinach & Corn Sandwich","ea","French Focaccia Bread","Product","Direct","IN","DIL MANAGER1","MANAGER1","2026-10-03 10:38:09","2026-10-03","Harley's - HYD - Dilshuknagar","DIL"
"NEW119","Juicy Cottage Cheese Sandwich","ea","French Focaccia Bread","Product","Direct","IN","DIL MANAGER1","MANAGER1","2026-10-03 10:38:09","2026-10-03","Harley's - HYD - Dilshuknagar","DIL"
"NEW117","Roasted Veg & Cheese Sandwich","ea","French Focaccia Bread","Product","Direct","IN","DIL MANAGER1","MANAGER1","2026-10-03 10:38:09","2026-10-03","Harley's - HYD - Dilshuknagar","DIL"
"NEW116","Cilantro Paneer Sandwich","ea","French Focaccia Bread","Product","Direct","IN","DIL MANAGER1","MANAGER1","2026-10-03 10:38:09","2026-10-03","Harley's - HYD - Dilshuknagar","DIL"
"NEW103","Classic Butter Croissant","ea","Croissants","Product","Direct","IN","DIL MANAGER1","MANAGER1","2026-10-03 10:38:09","2026-10-03","Harley's - HYD - Dilshuknagar","DIL"
"35","Classic Butter Croissants (Pack Of 2)","ea","Croissants","Product","Direct","IN","DIL MANAGER1","MANAGER1","2026-10-03 10:38:09","2026-10-03","Harley's - HYD - Dilshuknagar","DIL"
"22","Belgium Chocolate Criossant","ea","Croissants","Product","Direct","IN","DIL MANAGER1","MANAGER1","2026-10-03 10:38:09","2026-10-03","Harley's - HYD - Dilshuknagar","DIL"
"130","Tiramisu Tres leches (Pack of 2)","ea","Tres Leches Cakes (Mexican Special)","Product","Direct","IN","DIL MANAGER1","MANAGER1","2026-10-03 10:38:09","2026-10-03","Harley's - HYD - Dilshuknagar","DIL"
"106","Premium Blueberry Tres Leches (Pack of 2)","ea","Tres Leches Cakes (Mexican Special)","Product","Direct","IN","DIL MANAGER1","MANAGER1","2026-10-03 10:38:09","2026-10-03","Harley's - HYD - Dilshuknagar","DIL"
"104","Pistachio Tres Leches (Pack of 2)","ea","Tres Leches Cakes (Mexican Special)","Product","Direct","IN","DIL MANAGER1","MANAGER1","2026-10-03 10:38:09","2026-10-03","Harley's - HYD - Dilshuknagar","DIL"
"84","Lotus Biscoff Tres Leches (Pack of 2)","ea","Tres Leches Cakes (Mexican Special)","Product","Direct","IN","DIL MANAGER1","MANAGER1","2026-10-03 10:38:09","2026-10-03","Harley's - HYD - Dilshuknagar","DIL"
"36","Classic Mexican Tres Leches  (Pack of 2)","ea","Tres Leches Cakes (Mexican Special)","Product","Direct","IN","DIL MANAGER1","MANAGER1","2026-10-03 10:38:09","2026-10-03","Harley's - HYD - Dilshuknagar","DIL"
"24","Belgium Chocolate Tres Leches (Pack of 2)","ea","Tres Leches Cakes (Mexican Special)","Product","Direct","IN","DIL MANAGER1","MANAGER1","2026-10-03 10:38:09","2026-10-03","Harley's - HYD - Dilshuknagar","DIL"
"131","Whole Wheat Bread (400gms)","ea","Breads","Product","Direct","IN","DIL MANAGER1","MANAGER1","2026-10-03 10:38:09","2026-10-03","Harley's - HYD - Dilshuknagar","DIL"
"86","Milk Bread(400G)","ea","Breads","Product","Direct","IN","DIL MANAGER1","MANAGER1","2026-10-03 10:38:09","2026-10-03","Harley's - HYD - Dilshuknagar","DIL"
"91","Multigrain Bread (400g)","ea","Breads","Product","Direct","IN","DIL MANAGER1","MANAGER1","2026-10-03 10:38:09","2026-10-03","Harley's - HYD - Dilshuknagar","DIL"
"28","Caramel Butterscotch Macarons (Pack Of 5)","ea","Harley's French Macarons","Product","Direct","IN","DIL MANAGER1","MANAGER1","2026-10-03 10:38:09","2026-10-03","Harley's - HYD - Dilshuknagar","DIL"
"TB28","Tiramisu Tres leches Cake","ea","Tres Leches Party Cakes","Product","Direct","IN","DIL MANAGER1","MANAGER1","2026-10-03 10:38:09","2026-10-03","Harley's - HYD - Dilshuknagar","DIL"
"TB27","Chocolate Tres Leches Cake","ea","Tres Leches Party Cakes","Product","Direct","IN","DIL MANAGER1","MANAGER1","2026-10-03 10:38:09","2026-10-03","Harley's - HYD - Dilshuknagar","DIL"
"TB24","Blueberry Tres Leches Cake","ea","Tres Leches Party Cakes","Product","Direct","IN","DIL MANAGER1","MANAGER1","2026-10-03 10:38:09","2026-10-03","Harley's - HYD - Dilshuknagar","DIL"
"TB25","Pistachio Tres Leches Cake","ea","Tres Leches Party Cakes","Product","Direct","IN","DIL MANAGER1","MANAGER1","2026-10-03 10:38:09","2026-10-03","Harley's - HYD - Dilshuknagar","DIL"
"TB26","Lotus Biscoff Tres Leches Cake","ea","Tres Leches Party Cakes","Product","Direct","IN","DIL MANAGER1","MANAGER1","2026-10-03 10:38:09","2026-10-03","Harley's - HYD - Dilshuknagar","DIL"
"TB23","Classic Mexican Tres Leches  Cake","ea","Tres Leches Party Cakes","Product","Direct","IN","DIL MANAGER1","MANAGER1","2026-10-03 10:38:09","2026-10-03","Harley's - HYD - Dilshuknagar","DIL"
"TB4","Assorted Layered Cheesecake Cubes (Pack of 4)","ea","Tresley & Bento Assortments","Product","Direct","IN","DIL MANAGER1","MANAGER1","2026-10-03 10:38:09","2026-10-03","Harley's - HYD - Dilshuknagar","DIL"
"TB3","Assorted Layered Cake Cubes (Pack of 4)","ea","Tresley & Bento Assortments","Product","Direct","IN","DIL MANAGER1","MANAGER1","2026-10-03 10:38:09","2026-10-03","Harley's - HYD - Dilshuknagar","DIL"
"TB2","Assorted Mini Cheesecakes (Pack of 9)","ea","Tresley & Bento Assortments","Product","Direct","IN","DIL MANAGER1","MANAGER1","2026-10-03 10:38:09","2026-10-03","Harley's - HYD - Dilshuknagar","DIL"
"TB1","Assorted Mini Party Cakes (Pack of 9)","ea","Tresley & Bento Assortments","Product","Direct","IN","DIL MANAGER1","MANAGER1","2026-10-03 10:38:09","2026-10-03","Harley's - HYD - Dilshuknagar","DIL"
"NEW143","Belgium Chocolate Foy'tin Cake","ea","Harley's Foy'Tin Cakes","Product","Direct","IN","DIL MANAGER1","MANAGER1","2026-10-03 10:38:09","2026-10-03","Harley's - HYD - Dilshuknagar","DIL"
"NEW133","White & Ruby Hazelnut Dragees","ea","Harley's Alpha Dragees","Product","Direct","IN","DIL MANAGER1","MANAGER1","2026-10-03 10:38:09","2026-10-03","Harley's - HYD - Dilshuknagar","DIL"
"NEW132","Belgium Hazelnut Dragees","ea","Harley's Alpha Dragees","Product","Direct","IN","DIL MANAGER1","MANAGER1","2026-10-03 10:38:09","2026-10-03","Harley's - HYD - Dilshuknagar","DIL"
"NEW130","White Hazelnut Dragees","ea","Harley's Alpha Dragees","Product","Direct","IN","DIL MANAGER1","MANAGER1","2026-10-03 10:38:09","2026-10-03","Harley's - HYD - Dilshuknagar","DIL"
"NEW131","Ruby Hazelnut Dragees","ea","Harley's Alpha Dragees","Product","Direct","IN","DIL MANAGER1","MANAGER1","2026-10-03 10:38:09","2026-10-03","Harley's - HYD - Dilshuknagar","DIL"
"NEW128","Milk Hazelnut Dragees","ea","Harley's Alpha Dragees","Product","Direct","IN","DIL MANAGER1","MANAGER1","2026-10-03 10:38:09","2026-10-03","Harley's - HYD - Dilshuknagar","DIL"
"NEW129","Dark Hazelnut Dragees","ea","Harley's Alpha Dragees","Product","Direct","IN","DIL MANAGER1","MANAGER1","2026-10-03 10:38:09","2026-10-03","Harley's - HYD - Dilshuknagar","DIL"
"NEW75","CG Festive Assorted Medoviks (Pack Of 6)","ea","Corporate Bulk Orders","Product","Direct","IN","DIL MANAGER1","MANAGER1","2026-10-03 10:38:09","2026-10-03","Harley's - HYD - Dilshuknagar","DIL"
"NEW74","CG Assorted pack of 12 Tres Leches","ea","Corporate Bulk Orders","Product","Direct","IN","DIL MANAGER1","MANAGER1","2026-10-03 10:38:09","2026-10-03","Harley's - HYD - Dilshuknagar","DIL"
"NEW72","CG Assorted Cheesecakes (Pack Of 12)","ea","Corporate Bulk Orders","Product","Direct","IN","DIL MANAGER1","MANAGER1","2026-10-03 10:38:09","2026-10-03","Harley's - HYD - Dilshuknagar","DIL"
"NEW73","CG Assorted pack of 6 Tres Leches","ea","Corporate Bulk Orders","Product","Direct","IN","DIL MANAGER1","MANAGER1","2026-10-03 10:38:09","2026-10-03","Harley's - HYD - Dilshuknagar","DIL"
"NEW71","CG Assorted Medoviks (Pack Of 12)","ea","Corporate Bulk Orders","Product","Direct","IN","DIL MANAGER1","MANAGER1","2026-10-03 10:38:09","2026-10-03","Harley's - HYD - Dilshuknagar","DIL"
"NEW70","CG Assorted Pack Of 9 Cheesecakes And 6 Macarons","ea","Corporate Bulk Orders","Product","Direct","IN","DIL MANAGER1","MANAGER1","2026-10-03 10:38:09","2026-10-03","Harley's - HYD - Dilshuknagar","DIL"
"NEW69","CG Assorted Medoviks (Pack Of 6)","ea","Corporate Bulk Orders","Product","Direct","IN","DIL MANAGER1","MANAGER1","2026-10-03 10:38:09","2026-10-03","Harley's - HYD - Dilshuknagar","DIL"
"NEW67","CG Assorted Pack Of 4 Cheesecakes And 4 Macarons","ea","Corporate Bulk Orders","Product","Direct","IN","DIL MANAGER1","MANAGER1","2026-10-03 10:38:09","2026-10-03","Harley's - HYD - Dilshuknagar","DIL"
"NEW68","CG Assorted Pack Of 9 Medoviks And 6 Macarons","ea","Corporate Bulk Orders","Product","Direct","IN","DIL MANAGER1","MANAGER1","2026-10-03 10:38:09","2026-10-03","Harley's - HYD - Dilshuknagar","DIL"
"NEW66","CG Assorted Pack Of 4 Medoviks And 4 Macarons","ea","Corporate Bulk Orders","Product","Direct","IN","DIL MANAGER1","MANAGER1","2026-10-03 10:38:09","2026-10-03","Harley's - HYD - Dilshuknagar","DIL"
"NEW65","CG Assorted Macarons (Pack Of 12)","ea","Corporate Bulk Orders","Product","Direct","IN","DIL MANAGER1","MANAGER1","2026-10-03 10:38:09","2026-10-03","Harley's - HYD - Dilshuknagar","DIL"
"NEW64","CG Assorted Cheesecakes (Pack Of 6)","ea","Corporate Bulk Orders","Product","Direct","IN","DIL MANAGER1","MANAGER1","2026-10-03 10:38:09","2026-10-03","Harley's - HYD - Dilshuknagar","DIL"
"NEW76","CG Festive Assorted Cheesecakes (Pack Of 6)","ea","Corporate Bulk Orders","Product","Direct","IN","DIL MANAGER1","MANAGER1","2026-10-03 10:38:09","2026-10-03","Harley's - HYD - Dilshuknagar","DIL"
"NEW77","CG Festive Assorted Macarons (Pack Of 12)","ea","Corporate Bulk Orders","Product","Direct","IN","DIL MANAGER1","MANAGER1","2026-10-03 10:38:09","2026-10-03","Harley's - HYD - Dilshuknagar","DIL"
"NEW78","CG Festive Assorted Pack Of 4 Cheesecakes And 4 Macarons","ea","Corporate Bulk Orders","Product","Direct","IN","DIL MANAGER1","MANAGER1","2026-10-03 10:38:09","2026-10-03","Harley's - HYD - Dilshuknagar","DIL"
"NEW79","CG Festive Assorted Pack Of 4 Medoviks And 4 Macarons","ea","Corporate Bulk Orders","Product","Direct","IN","DIL MANAGER1","MANAGER1","2026-10-03 10:38:09","2026-10-03","Harley's - HYD - Dilshuknagar","DIL"
"NEW80","CG Festive Assorted Pack Of 9 Cheesecakes And 6 Macarons","ea","Corporate Bulk Orders","Product","Direct","IN","DIL MANAGER1","MANAGER1","2026-10-03 10:38:09","2026-10-03","Harley's - HYD - Dilshuknagar","DIL"
"NEW82","CG Festive Assorted Medoviks (Pack Of 12)","ea","Corporate Bulk Orders","Product","Direct","IN","DIL MANAGER1","MANAGER1","2026-10-03 10:38:09","2026-10-03","Harley's - HYD - Dilshuknagar","DIL"
"NEW81","CG Festive Assorted Pack Of 9 Medoviks And 6 Macarons","ea","Corporate Bulk Orders","Product","Direct","IN","DIL MANAGER1","MANAGER1","2026-10-03 10:38:09","2026-10-03","Harley's - HYD - Dilshuknagar","DIL"
"NEW83","CG Festive Assorted Cheesecakes (Pack Of 12)","ea","Corporate Bulk Orders","Product","Direct","IN","DIL MANAGER1","MANAGER1","2026-10-03 10:38:09","2026-10-03","Harley's - HYD - Dilshuknagar","DIL"
"NEW84","CG Festive Assorted Tres Leches (pack of 6)","ea","Corporate Bulk Orders","Product","Direct","IN","DIL MANAGER1","MANAGER1","2026-10-03 10:38:09","2026-10-03","Harley's - HYD - Dilshuknagar","DIL"
"NEW85","CG Festive Assorted Tres Leches (pack of 12)","ea","Corporate Bulk Orders","Product","Direct","IN","DIL MANAGER1","MANAGER1","2026-10-03 10:38:09","2026-10-03","Harley's - HYD - Dilshuknagar","DIL"
"NEW86","CG Welcome Kit Assorted Medovik (Pack of 6)","ea","Corporate Bulk Orders","Product","Direct","IN","DIL MANAGER1","MANAGER1","2026-10-03 10:38:09","2026-10-03","Harley's - HYD - Dilshuknagar","DIL"
"NEW87","CG Welcome Kit Assorted Cheesecakes (Pack of 6)","ea","Corporate Bulk Orders","Product","Direct","IN","DIL MANAGER1","MANAGER1","2026-10-03 10:38:09","2026-10-03","Harley's - HYD - Dilshuknagar","DIL"
"NEW88","CG Welcome Kit Assorted Macrons (Pack of 12)","ea","Corporate Bulk Orders","Product","Direct","IN","DIL MANAGER1","MANAGER1","2026-10-03 10:38:09","2026-10-03","Harley's - HYD - Dilshuknagar","DIL"
"NEW90","CG Welcome Kit Assorted Pack Of 4 Medoviks And 4 Macarons","ea","Corporate Bulk Orders","Product","Direct","IN","DIL MANAGER1","MANAGER1","2026-10-03 10:38:09","2026-10-03","Harley's - HYD - Dilshuknagar","DIL"
"NEW92","CG Welcome Kit Assorted Pack Of 9 Cheesecakes And 6 Macarons","ea","Corporate Bulk Orders","Product","Direct","IN","DIL MANAGER1","MANAGER1","2026-10-03 10:38:09","2026-10-03","Harley's - HYD - Dilshuknagar","DIL"
"NEW93","CG Welcome Kit Assorted Medoviks (Pack Of 12)","ea","Corporate Bulk Orders","Product","Direct","IN","DIL MANAGER1","MANAGER1","2026-10-03 10:38:09","2026-10-03","Harley's - HYD - Dilshuknagar","DIL"
"NEW94","CG Welcome Kit Assorted Cheesecakes (Pack Of 12)","ea","Corporate Bulk Orders","Product","Direct","IN","DIL MANAGER1","MANAGER1","2026-10-03 10:38:09","2026-10-03","Harley's - HYD - Dilshuknagar","DIL"
"101","Pistachio Delight Medovik Cake","ea","Harley's Grand Celebration Medovik Cakes","Product","Direct","IN","DIL MANAGER1","MANAGER1","2026-10-03 10:38:09","2026-10-03","Harley's - HYD - Dilshuknagar","DIL"
"100","Pistachio Delight Medovik Cake","ea","Harley's Grand Celebration Medovik Cakes","Product","Direct","IN","DIL MANAGER1","MANAGER1","2026-10-03 10:38:09","2026-10-03","Harley's - HYD - Dilshuknagar","DIL"
"133","Assorted Cheesecakes (Pack Of 6)","ea","Harley's Sweet Home Assortments","Product","Direct","IN","DIL MANAGER1","MANAGER1","2026-10-03 10:38:09","2026-10-03","Harley's - HYD - Dilshuknagar","DIL"
"132","Assorted Cheesecakes (Pack Of 12)","ea","Harley's Sweet Home Assortments","Product","Direct","IN","DIL MANAGER1","MANAGER1","2026-10-03 10:38:09","2026-10-03","Harley's - HYD - Dilshuknagar","DIL"
"105","Premium Banana Walnut Bar Cake (250 Gms)","ea","Barcakes & Muffins","Product","Direct","IN","DIL MANAGER1","MANAGER1","2026-10-03 10:38:09","2026-10-03","Harley's - HYD - Dilshuknagar","DIL"
"64","Harley's Special Mawa Bar Cake (250 Gms)","ea","Barcakes & Muffins","Product","Direct","IN","DIL MANAGER1","MANAGER1","2026-10-03 10:38:09","2026-10-03","Harley's - HYD - Dilshuknagar","DIL"
"47","Double Chocolate Bar Cake (250 gms)","ea","Barcakes & Muffins","Product","Direct","IN","DIL MANAGER1","MANAGER1","2026-10-03 10:38:09","2026-10-03","Harley's - HYD - Dilshuknagar","DIL"
"34","Chocochip Muffin (Pack Of 2)","ea","Barcakes & Muffins","Product","Direct","IN","DIL MANAGER1","MANAGER1","2026-10-03 10:38:09","2026-10-03","Harley's - HYD - Dilshuknagar","DIL"
"33","Choco Mawa Bar Cake 250 gms","ea","Barcakes & Muffins","Product","Direct","IN","DIL MANAGER1","MANAGER1","2026-10-03 10:38:09","2026-10-03","Harley's - HYD - Dilshuknagar","DIL"
"27","Blueberry Muffin (Pack Of 2)","ea","Barcakes & Muffins","Product","Direct","IN","DIL MANAGER1","MANAGER1","2026-10-03 10:38:09","2026-10-03","Harley's - HYD - Dilshuknagar","DIL"
"63","Harley's Signatures (Pack of 8)","ea","Chef's Table","Product","Direct","IN","DIL MANAGER1","MANAGER1","2026-10-03 10:38:09","2026-10-03","Harley's - HYD - Dilshuknagar","DIL"
"TB13","Belgium Chocolate Bento Cake","ea","Bento Party Cakes","Product","Direct","IN","DIL MANAGER1","MANAGER1","2026-10-03 10:38:09","2026-10-03","Harley's - HYD - Dilshuknagar","DIL"
"TB12","Chocolate Truffle Bento Cake","ea","Bento Party Cakes","Product","Direct","IN","DIL MANAGER1","MANAGER1","2026-10-03 10:38:09","2026-10-03","Harley's - HYD - Dilshuknagar","DIL"
"TB11","Pistachio Bento Cake","ea","Bento Party Cakes","Product","Direct","IN","DIL MANAGER1","MANAGER1","2026-10-03 10:38:09","2026-10-03","Harley's - HYD - Dilshuknagar","DIL"
"TB10","Butterscotch Bento Cake","ea","Bento Party Cakes","Product","Direct","IN","DIL MANAGER1","MANAGER1","2026-10-03 10:38:09","2026-10-03","Harley's - HYD - Dilshuknagar","DIL"
"TB9","Lotus Biscoff Bento Cake","ea","Bento Party Cakes","Product","Direct","IN","DIL MANAGER1","MANAGER1","2026-10-03 10:38:09","2026-10-03","Harley's - HYD - Dilshuknagar","DIL"
"TB8","Tiramisu Bento Cake","ea","Bento Party Cakes","Product","Direct","IN","DIL MANAGER1","MANAGER1","2026-10-03 10:38:09","2026-10-03","Harley's - HYD - Dilshuknagar","DIL"
"TB7","Caramel Bento Cake","ea","Bento Party Cakes","Product","Direct","IN","DIL MANAGER1","MANAGER1","2026-10-03 10:38:09","2026-10-03","Harley's - HYD - Dilshuknagar","DIL"
"TB6","Pink Vanilla Bento Cake","ea","Bento Party Cakes","Product","Direct","IN","DIL MANAGER1","MANAGER1","2026-10-03 10:38:09","2026-10-03","Harley's - HYD - Dilshuknagar","DIL"
"TB5","Hazelnut Choco Bento Cake","ea","Bento Party Cakes","Product","Direct","IN","DIL MANAGER1","MANAGER1","2026-10-03 10:38:09","2026-10-03","Harley's - HYD - Dilshuknagar","DIL"
"TB22","Pistachio Bento Cheesecake","ea","Party Cheesecakes","Product","Direct","IN","DIL MANAGER1","MANAGER1","2026-10-03 10:38:09","2026-10-03","Harley's - HYD - Dilshuknagar","DIL"
"TB21","Lotus Biscoff Bento Cheesecake","ea","Party Cheesecakes","Product","Direct","IN","DIL MANAGER1","MANAGER1","2026-10-03 10:38:09","2026-10-03","Harley's - HYD - Dilshuknagar","DIL"
"TB20","Nutella Bento Cheesecake","ea","Party Cheesecakes","Product","Direct","IN","DIL MANAGER1","MANAGER1","2026-10-03 10:38:09","2026-10-03","Harley's - HYD - Dilshuknagar","DIL"
"TB19","Blueberry Bento Cheesecake","ea","Party Cheesecakes","Product","Direct","IN","DIL MANAGER1","MANAGER1","2026-10-03 10:38:09","2026-10-03","Harley's - HYD - Dilshuknagar","DIL"
"TB18","Tiramisu Bento Cheesecake","ea","Party Cheesecakes","Product","Direct","IN","DIL MANAGER1","MANAGER1","2026-10-03 10:38:09","2026-10-03","Harley's - HYD - Dilshuknagar","DIL"
"TB17","Strawberry Bento Cheesecake","ea","Party Cheesecakes","Product","Direct","IN","DIL MANAGER1","MANAGER1","2026-10-03 10:38:09","2026-10-03","Harley's - HYD - Dilshuknagar","DIL"
"TB16","Caramel Bento Cheesecake","ea","Party Cheesecakes","Product","Direct","IN","DIL MANAGER1","MANAGER1","2026-10-03 10:38:09","2026-10-03","Harley's - HYD - Dilshuknagar","DIL"
"TB15","Chocolate Bento Cheesecake","ea","Party Cheesecakes","Product","Direct","IN","DIL MANAGER1","MANAGER1","2026-10-03 10:38:09","2026-10-03","Harley's - HYD - Dilshuknagar","DIL"
"TB14","Hazelnut Bento Cheesecake","ea","Party Cheesecakes","Product","Direct","IN","DIL MANAGER1","MANAGER1","2026-10-03 10:38:09","2026-10-03","Harley's - HYD - Dilshuknagar","DIL"
"78","Lotus Biscoff Cheesecake With Macaron","ea","Finely Baked Cheesecake Pastry","Product","Direct","IN","DIL MANAGER1","MANAGER1","2026-10-03 10:38:09","2026-10-03","Harley's - HYD - Dilshuknagar","DIL"
"51","Ferrero Nutella Cheesecake With Macaron","ea","Finely Baked Cheesecake Pastry","Product","Direct","IN","DIL MANAGER1","MANAGER1","2026-10-03 10:38:09","2026-10-03","Harley's - HYD - Dilshuknagar","DIL"
"41","Danish Hazelnut Cheesecake With Macaron","ea","Finely Baked Cheesecake Pastry","Product","Direct","IN","DIL MANAGER1","MANAGER1","2026-10-03 10:38:09","2026-10-03","Harley's - HYD - Dilshuknagar","DIL"
"21","Belgium Chocolate Cheesecake With Macaron","ea","Finely Baked Cheesecake Pastry","Product","Direct","IN","DIL MANAGER1","MANAGER1","2026-10-03 10:38:09","2026-10-03","Harley's - HYD - Dilshuknagar","DIL"
"120","Smoky Caramel Cheesecake With Macaron","ea","Finely Baked Cheesecake Pastry","Product","Direct","IN","DIL MANAGER1","MANAGER1","2026-10-03 10:38:09","2026-10-03","Harley's - HYD - Dilshuknagar","DIL"
"102","Pistachio Delight Medovik With Macaron","ea","Harley's Signature Medovik Pastry","Product","Direct","IN","DIL MANAGER1","MANAGER1","2026-10-03 10:38:09","2026-10-03","Harley's - HYD - Dilshuknagar","DIL"
"92","Pack Of 4 Cheesecakes And 4 Macarons","ea","All Time Favourite Combinations","Product","Direct","IN","DIL MANAGER1","MANAGER1","2026-10-03 10:38:09","2026-10-03","Harley's - HYD - Dilshuknagar","DIL"
"94","Pack Of 6 Cheesecakes And 12 Macarons","ea","All Time Favourite Combinations","Product","Direct","IN","DIL MANAGER1","MANAGER1","2026-10-03 10:38:09","2026-10-03","Harley's - HYD - Dilshuknagar","DIL"
"96","Pack Of 9 Cheesecakes And 6 Macarons","ea","All Time Favourite Combinations","Product","Direct","IN","DIL MANAGER1","MANAGER1","2026-10-03 10:38:09","2026-10-03","Harley's - HYD - Dilshuknagar","DIL"
"49","Ferrero Nutella Cheesecake","ea","Harley's Gourmet Celebration Cheesecakes","Product","Direct","IN","DIL MANAGER1","MANAGER1","2026-10-03 10:38:09","2026-10-03","Harley's - HYD - Dilshuknagar","DIL"
"50","Ferrero Nutella Cheesecake","ea","Harley's Gourmet Celebration Cheesecakes","Product","Direct","IN","DIL MANAGER1","MANAGER1","2026-10-03 10:38:09","2026-10-03","Harley's - HYD - Dilshuknagar","DIL"
"19","Belgium Chocolate Cheesecake","ea","Harley's Gourmet Celebration Cheesecakes","Product","Direct","IN","DIL MANAGER1","MANAGER1","2026-10-03 10:38:09","2026-10-03","Harley's - HYD - Dilshuknagar","DIL"
"20","Belgium Chocolate Cheesecake","ea","Harley's Gourmet Celebration Cheesecakes","Product","Direct","IN","DIL MANAGER1","MANAGER1","2026-10-03 10:38:09","2026-10-03","Harley's - HYD - Dilshuknagar","DIL"
"119","Smoky Caramel Cheesecake","ea","Harley's Gourmet Celebration Cheesecakes","Product","Direct","IN","DIL MANAGER1","MANAGER1","2026-10-03 10:38:09","2026-10-03","Harley's - HYD - Dilshuknagar","DIL"
"118","Smoky Caramel Cheesecake","ea","Harley's Gourmet Celebration Cheesecakes","Product","Direct","IN","DIL MANAGER1","MANAGER1","2026-10-03 10:38:09","2026-10-03","Harley's - HYD - Dilshuknagar","DIL"
"77","Lotus Biscoff Cheesecake","ea","Harley's Gourmet Celebration Cheesecakes","Product","Direct","IN","DIL MANAGER1","MANAGER1","2026-10-03 10:38:09","2026-10-03","Harley's - HYD - Dilshuknagar","DIL"
"76","Lotus Biscoff Cheesecake","ea","Harley's Gourmet Celebration Cheesecakes","Product","Direct","IN","DIL MANAGER1","MANAGER1","2026-10-03 10:38:09","2026-10-03","Harley's - HYD - Dilshuknagar","DIL"
"40","Danish Hazelnut Cheesecake","ea","Harley's Gourmet Celebration Cheesecakes","Product","Direct","IN","DIL MANAGER1","MANAGER1","2026-10-03 10:38:09","2026-10-03","Harley's - HYD - Dilshuknagar","DIL"
"39","Danish Hazelnut Cheesecake","ea","Harley's Gourmet Celebration Cheesecakes","Product","Direct","IN","DIL MANAGER1","MANAGER1","2026-10-03 10:38:09","2026-10-03","Harley's - HYD - Dilshuknagar","DIL"
"30","Chef's Favourite Blueberry Cheesecake","ea","Harley's Gourmet Celebration Cheesecakes","Product","Direct","IN","DIL MANAGER1","MANAGER1","2026-10-03 10:38:09","2026-10-03","Harley's - HYD - Dilshuknagar","DIL"
"31","Chef's Favourite Blueberry Cheesecake","ea","Harley's Gourmet Celebration Cheesecakes","Product","Direct","IN","DIL MANAGER1","MANAGER1","2026-10-03 10:38:09","2026-10-03","Harley's - HYD - Dilshuknagar","DIL"
"15","Austrian White Forest Medovik Cake","ea","Harley's Grand Celebration Medovik Cakes","Product","Direct","IN","DIL MANAGER1","MANAGER1","2026-10-03 10:38:09","2026-10-03","Harley's - HYD - Dilshuknagar","DIL"
"60","French Vanilla Strawberry Rose Medovik Cake","ea","Harley's Grand Celebration Medovik Cakes","Product","Direct","IN","DIL MANAGER1","MANAGER1","2026-10-03 10:38:09","2026-10-03","Harley's - HYD - Dilshuknagar","DIL"
"59","French Vanilla Strawberry Rose Medovik Cake","ea","Harley's Grand Celebration Medovik Cakes","Product","Direct","IN","DIL MANAGER1","MANAGER1","2026-10-03 10:38:09","2026-10-03","Harley's - HYD - Dilshuknagar","DIL"
"73","Italian Tiramisu Medovik Cake","ea","Harley's Grand Celebration Medovik Cakes","Product","Direct","IN","DIL MANAGER1","MANAGER1","2026-10-03 10:38:09","2026-10-03","Harley's - HYD - Dilshuknagar","DIL"
"14","Austrian White Forest Medovik Cake","ea","Harley's Grand Celebration Medovik Cakes","Product","Direct","IN","DIL MANAGER1","MANAGER1","2026-10-03 10:38:09","2026-10-03","Harley's - HYD - Dilshuknagar","DIL"
"54","Ferrero Nutella Medovik Cake","ea","Harley's Grand Celebration Medovik Cakes","Product","Direct","IN","DIL MANAGER1","MANAGER1","2026-10-03 10:38:09","2026-10-03","Harley's - HYD - Dilshuknagar","DIL"
"128","Swiss Black & White Chocolate Medovik Cake","ea","Harley's Grand Celebration Medovik Cakes","Product","Direct","IN","DIL MANAGER1","MANAGER1","2026-10-03 10:38:09","2026-10-03","Harley's - HYD - Dilshuknagar","DIL"
"123","Sparkling Dark Chocolate Medovik Cake","ea","Harley's Grand Celebration Medovik Cakes","Product","Direct","IN","DIL MANAGER1","MANAGER1","2026-10-03 10:38:09","2026-10-03","Harley's - HYD - Dilshuknagar","DIL"
"115","Signature Belgium Chocolate Medovik Cake","ea","Harley's Grand Celebration Medovik Cakes","Product","Direct","IN","DIL MANAGER1","MANAGER1","2026-10-03 10:38:09","2026-10-03","Harley's - HYD - Dilshuknagar","DIL"
"45","Danish Hazelnut Chocolate Medovik Cake","ea","Harley's Grand Celebration Medovik Cakes","Product","Direct","IN","DIL MANAGER1","MANAGER1","2026-10-03 10:38:09","2026-10-03","Harley's - HYD - Dilshuknagar","DIL"
"114","Signature Belgium Chocolate Medovik Cake","ea","Harley's Grand Celebration Medovik Cakes","Product","Direct","IN","DIL MANAGER1","MANAGER1","2026-10-03 10:38:09","2026-10-03","Harley's - HYD - Dilshuknagar","DIL"
"122","Sparkling Dark Chocolate Medovik Cake","ea","Harley's Grand Celebration Medovik Cakes","Product","Direct","IN","DIL MANAGER1","MANAGER1","2026-10-03 10:38:09","2026-10-03","Harley's - HYD - Dilshuknagar","DIL"
"127","Swiss Black & White Chocolate Medovik Cake","ea","Harley's Grand Celebration Medovik Cakes","Product","Direct","IN","DIL MANAGER1","MANAGER1","2026-10-03 10:38:09","2026-10-03","Harley's - HYD - Dilshuknagar","DIL"
"44","Danish Hazelnut Chocolate Medovik Cake","ea","Harley's Grand Celebration Medovik Cakes","Product","Direct","IN","DIL MANAGER1","MANAGER1","2026-10-03 10:38:09","2026-10-03","Harley's - HYD - Dilshuknagar","DIL"
"53","Ferrero Nutella Medovik Cake","ea","Harley's Grand Celebration Medovik Cakes","Product","Direct","IN","DIL MANAGER1","MANAGER1","2026-10-03 10:38:09","2026-10-03","Harley's - HYD - Dilshuknagar","DIL"
"72","Italian Tiramisu Medovik Cake","ea","Harley's Grand Celebration Medovik Cakes","Product","Direct","IN","DIL MANAGER1","MANAGER1","2026-10-03 10:38:09","2026-10-03","Harley's - HYD - Dilshuknagar","DIL"
"138","Assorted Medoviks (Pack Of 12)","ea","Harley's Sweet Home Assortments","Product","Direct","IN","DIL MANAGER1","MANAGER1","2026-10-03 10:38:09","2026-10-03","Harley's - HYD - Dilshuknagar","DIL"
"139","Assorted Medoviks (Pack Of 6)","ea","Harley's Sweet Home Assortments","Product","Direct","IN","DIL MANAGER1","MANAGER1","2026-10-03 10:38:09","2026-10-03","Harley's - HYD - Dilshuknagar","DIL"
"97","Pack Of 9 Medoviks And 6 Macarons","ea","All Time Favourite Combinations","Product","Direct","IN","DIL MANAGER1","MANAGER1","2026-10-03 10:38:09","2026-10-03","Harley's - HYD - Dilshuknagar","DIL"
"73","Italian Tiramisu Medovik Cake","ea","Harley's Grand Celebration Medovik Cakes","Product","Direct","OUT","DIL MANAGER1","MANAGER1","2026-10-03 10:40:50","2026-10-03","Harley's - HYD - Dilshuknagar","DIL"
"72","Italian Tiramisu Medovik Cake","ea","Harley's Grand Celebration Medovik Cakes","Product","Direct","OUT","DIL MANAGER1","MANAGER1","2026-10-03 10:40:50","2026-10-03","Harley's - HYD - Dilshuknagar","DIL"
"K3G9","Customized Cake","ea","Harley's Grand Celebration Medovik Cakes","Product","Direct","OUT","DIL MANAGER1","MANAGER1","2026-10-03 10:40:50","2026-10-03","Harley's - HYD - Dilshuknagar","DIL"
"14","Austrian White Forest Medovik Cake","ea","Harley's Grand Celebration Medovik Cakes","Product","Direct","OUT","DIL MANAGER1","MANAGER1","2026-10-03 10:40:50","2026-10-03","Harley's - HYD - Dilshuknagar","DIL"
"15","Austrian White Forest Medovik Cake","ea","Harley's Grand Celebration Medovik Cakes","Product","Direct","OUT","DIL MANAGER1","MANAGER1","2026-10-03 10:40:50","2026-10-03","Harley's - HYD - Dilshuknagar","DIL"
"60","French Vanilla Strawberry Rose Medovik Cake","ea","Harley's Grand Celebration Medovik Cakes","Product","Direct","OUT","DIL MANAGER1","MANAGER1","2026-10-03 10:40:50","2026-10-03","Harley's - HYD - Dilshuknagar","DIL"
"59","French Vanilla Strawberry Rose Medovik Cake","ea","Harley's Grand Celebration Medovik Cakes","Product","Direct","OUT","DIL MANAGER1","MANAGER1","2026-10-03 10:40:50","2026-10-03","Harley's - HYD - Dilshuknagar","DIL"
"204","Special Pizza Sliders","ea","Antipasto","Product","Direct","OUT","DIL MANAGER1","MANAGER1","2026-10-03 10:40:50","2026-10-03","Harley's - HYD - Dilshuknagar","DIL"
"203","Special Pizza Sliders","ea","Antipasto","Product","Direct","OUT","DIL MANAGER1","MANAGER1","2026-10-03 10:40:50","2026-10-03","Harley's - HYD - Dilshuknagar","DIL"
"NEW5","Classic Garlic Bread","ea","Antipasto","Product","Direct","OUT","DIL MANAGER1","MANAGER1","2026-10-03 10:40:50","2026-10-03","Harley's - HYD - Dilshuknagar","DIL"
"NEW4","Herbed Cheese Garlic Bread","ea","Antipasto","Product","Direct","OUT","DIL MANAGER1","MANAGER1","2026-10-03 10:40:50","2026-10-03","Harley's - HYD - Dilshuknagar","DIL"
"NEW3","Classic French Fries (Salted/ Peri Peri)","ea","Antipasto","Product","Direct","OUT","DIL MANAGER1","MANAGER1","2026-10-03 10:40:50","2026-10-03","Harley's - HYD - Dilshuknagar","DIL"
"NEW2","Italian Garlic Bruschetta","ea","Antipasto","Product","Direct","OUT","DIL MANAGER1","MANAGER1","2026-10-03 10:40:50","2026-10-03","Harley's - HYD - Dilshuknagar","DIL"
"NEW1","Special Pizza Sliders","ea","Antipasto","Product","Direct","OUT","DIL MANAGER1","MANAGER1","2026-10-03 10:40:50","2026-10-03","Harley's - HYD - Dilshuknagar","DIL"
"CP1","Classic French Fries","ea","Antipasto","Product","Direct","OUT","DIL MANAGER1","MANAGER1","2026-10-03 10:40:50","2026-10-03","Harley's - HYD - Dilshuknagar","DIL"
"CS1","Classic French Fries","ea","Antipasto","Product","Direct","OUT","DIL MANAGER1","MANAGER1","2026-10-03 10:40:50","2026-10-03","Harley's - HYD - Dilshuknagar","DIL"
"EFM1","Exotic French Macarons (Pack Of 5)","ea","Harley's Sweet Home Assortments","Product","Direct","OUT","DIL MANAGER1","MANAGER1","2026-10-03 10:40:50","2026-10-03","Harley's - HYD - Dilshuknagar","DIL"
"NEW204","Exotic Tresley Cakes (Pack of 6)","ea","Harley's Sweet Home Assortments","Product","Direct","OUT","DIL MANAGER1","MANAGER1","2026-10-03 10:40:50","2026-10-03","Harley's - HYD - Dilshuknagar","DIL"
"138","Assorted Medoviks (Pack Of 12)","ea","Harley's Sweet Home Assortments","Product","Direct","OUT","DIL MANAGER1","MANAGER1","2026-10-03 10:40:50","2026-10-03","Harley's - HYD - Dilshuknagar","DIL"
"TB28","Tiramisu Tres leches Cake","ea","Tres Leches Party Cakes","Product","Direct","OUT","DIL MANAGER1","MANAGER1","2026-10-03 10:40:50","2026-10-03","Harley's - HYD - Dilshuknagar","DIL"
"TB27","Chocolate Tres Leches Cake","ea","Tres Leches Party Cakes","Product","Direct","OUT","DIL MANAGER1","MANAGER1","2026-10-03 10:40:50","2026-10-03","Harley's - HYD - Dilshuknagar","DIL"
"TB26","Lotus Biscoff Tres Leches Cake","ea","Tres Leches Party Cakes","Product","Direct","OUT","DIL MANAGER1","MANAGER1","2026-10-03 10:40:50","2026-10-03","Harley's - HYD - Dilshuknagar","DIL"
"TB25","Pistachio Tres Leches Cake","ea","Tres Leches Party Cakes","Product","Direct","OUT","DIL MANAGER1","MANAGER1","2026-10-03 10:40:50","2026-10-03","Harley's - HYD - Dilshuknagar","DIL"
"TB24","Blueberry Tres Leches Cake","ea","Tres Leches Party Cakes","Product","Direct","OUT","DIL MANAGER1","MANAGER1","2026-10-03 10:40:50","2026-10-03","Harley's - HYD - Dilshuknagar","DIL"
"TB23","Classic Mexican Tres Leches  Cake","ea","Tres Leches Party Cakes","Product","Direct","OUT","DIL MANAGER1","MANAGER1","2026-10-03 10:40:50","2026-10-03","Harley's - HYD - Dilshuknagar","DIL"
"TB8","Tiramisu Bento Cake","ea","Bento Party Cakes","Product","Direct","OUT","DIL MANAGER1","MANAGER1","2026-10-03 10:40:50","2026-10-03","Harley's - HYD - Dilshuknagar","DIL"
"TB6","Pink Vanilla Bento Cake","ea","Bento Party Cakes","Product","Direct","OUT","DIL MANAGER1","MANAGER1","2026-10-03 10:40:50","2026-10-03","Harley's - HYD - Dilshuknagar","DIL"
"TB4","Assorted Layered Cheesecake Cubes (Pack of 4)","ea","Tresley & Bento Assortments","Product","Direct","OUT","DIL MANAGER1","MANAGER1","2026-10-03 10:40:50","2026-10-03","Harley's - HYD - Dilshuknagar","DIL"
"TB3","Assorted Layered Cake Cubes (Pack of 4)","ea","Tresley & Bento Assortments","Product","Direct","OUT","DIL MANAGER1","MANAGER1","2026-10-03 10:40:50","2026-10-03","Harley's - HYD - Dilshuknagar","DIL"
"TB2","Assorted Mini Cheesecakes (Pack of 9)","ea","Tresley & Bento Assortments","Product","Direct","OUT","DIL MANAGER1","MANAGER1","2026-10-03 10:40:50","2026-10-03","Harley's - HYD - Dilshuknagar","DIL"
"TB1","Assorted Mini Party Cakes (Pack of 9)","ea","Tresley & Bento Assortments","Product","Direct","OUT","DIL MANAGER1","MANAGER1","2026-10-03 10:40:50","2026-10-03","Harley's - HYD - Dilshuknagar","DIL"
"S3","Arrabiata Sauce","ea","ADD ONS","Product","Direct","OUT","DIL MANAGER1","MANAGER1","2026-10-03 10:40:50","2026-10-03","Harley's - HYD - Dilshuknagar","DIL"
"S2","Rosatella Sauce","ea","ADD ONS","Product","Direct","OUT","DIL MANAGER1","MANAGER1","2026-10-03 10:40:50","2026-10-03","Harley's - HYD - Dilshuknagar","DIL"
"S1","Alfredo Sauce","ea","ADD ONS","Product","Direct","OUT","DIL MANAGER1","MANAGER1","2026-10-03 10:40:50","2026-10-03","Harley's - HYD - Dilshuknagar","DIL"
"K3G14","Espresso Shot","ea","ADD ONS","Product","Direct","OUT","DIL MANAGER1","MANAGER1","2026-10-03 10:40:50","2026-10-03","Harley's - HYD - Dilshuknagar","DIL"
"K3G13","Customized Cake Decoration Add-on","ea","ADD ONS","Product","Direct","OUT","DIL MANAGER1","MANAGER1","2026-10-03 10:40:50","2026-10-03","Harley's - HYD - Dilshuknagar","DIL"
"K3G12","SOYA MILK","ea","ADD ONS","Product","Direct","OUT","DIL MANAGER1","MANAGER1","2026-10-03 10:40:50","2026-10-03","Harley's - HYD - Dilshuknagar","DIL"
"K3G17","Caffe Latte","ea","Coffee Brews (Hot)","Product","Direct","OUT","DIL MANAGER1","MANAGER1","2026-10-03 10:40:50","2026-10-03","Harley's - HYD - Dilshuknagar","DIL"
"K3G6","Espresso Single Shot","ea","Coffee Brews (Hot)","Product","Direct","OUT","DIL MANAGER1","MANAGER1","2026-10-03 10:40:50","2026-10-03","Harley's - HYD - Dilshuknagar","DIL"
"NEW63","Cafe Mocha","ea","Coffee Brews (Hot)","Product","Direct","OUT","DIL MANAGER1","MANAGER1","2026-10-03 10:40:50","2026-10-03","Harley's - HYD - Dilshuknagar","DIL"
"NEW62","Roasted Hazelnut Cappuccino","ea","Coffee Brews (Hot)","Product","Direct","OUT","DIL MANAGER1","MANAGER1","2026-10-03 10:40:50","2026-10-03","Harley's - HYD - Dilshuknagar","DIL"
"NEW61","Espresso (Doppio)","ea","Coffee Brews (Hot)","Product","Direct","OUT","DIL MANAGER1","MANAGER1","2026-10-03 10:40:50","2026-10-03","Harley's - HYD - Dilshuknagar","DIL"
"NEW60","Cafe Latte","ea","Coffee Brews (Hot)","Product","Direct","OUT","DIL MANAGER1","MANAGER1","2026-10-03 10:40:50","2026-10-03","Harley's - HYD - Dilshuknagar","DIL"
"NEW59","Italian Cappuccino","ea","Coffee Brews (Hot)","Product","Direct","OUT","DIL MANAGER1","MANAGER1","2026-10-03 10:40:50","2026-10-03","Harley's - HYD - Dilshuknagar","DIL"
"NEW58","Classic Americano","ea","Coffee Brews (Hot)","Product","Direct","OUT","DIL MANAGER1","MANAGER1","2026-10-03 10:40:50","2026-10-03","Harley's - HYD - Dilshuknagar","DIL"
"K3G16","Mango Granita Frappe","ea","Cocoa Brews (Chocolate Frappe)","Product","Direct","OUT","DIL MANAGER1","MANAGER1","2026-10-03 10:40:50","2026-10-03","Harley's - HYD - Dilshuknagar","DIL"
"IC1","Mango Ice cream","ea","Cocoa Brews (Chocolate Frappe)","Product","Direct","OUT","DIL MANAGER1","MANAGER1","2026-10-03 10:40:50","2026-10-03","Harley's - HYD - Dilshuknagar","DIL"
"NEW56","Signature Cold Coffee Frappe","ea","Cocoa Brews (Chocolate Frappe)","Product","Direct","OUT","DIL MANAGER1","MANAGER1","2026-10-03 10:40:50","2026-10-03","Harley's - HYD - Dilshuknagar","DIL"
"NEW47","Belgium Double Chocolate Frappe","ea","Cocoa Brews (Chocolate Frappe)","Product","Direct","OUT","DIL MANAGER1","MANAGER1","2026-10-03 10:40:50","2026-10-03","Harley's - HYD - Dilshuknagar","DIL"
"NEW46","American Almond Chocolate Frappe","ea","Cocoa Brews (Chocolate Frappe)","Product","Direct","OUT","DIL MANAGER1","MANAGER1","2026-10-03 10:40:50","2026-10-03","Harley's - HYD - Dilshuknagar","DIL"
"NEW45","Danish Hazelnut Chocolate Frappe","ea","Cocoa Brews (Chocolate Frappe)","Product","Direct","OUT","DIL MANAGER1","MANAGER1","2026-10-03 10:40:50","2026-10-03","Harley's - HYD - Dilshuknagar","DIL"
"NEW44","Dubai Pistachio Chocolate Frappe","ea","Cocoa Brews (Chocolate Frappe)","Product","Direct","OUT","DIL MANAGER1","MANAGER1","2026-10-03 10:40:50","2026-10-03","Harley's - HYD - Dilshuknagar","DIL"
"K3G11","White Forest Crocante Cheesecake -50g","ea","Finely Baked Gourmet Mini-Cheesecake","Product","Direct","OUT","DIL MANAGER1","MANAGER1","2026-10-03 10:40:50","2026-10-03","Harley's - HYD - Dilshuknagar","DIL"
"K3G10","Belgium Chocolate Crocante Cheesecake -50g","ea","Finely Baked Gourmet Mini-Cheesecake","Product","Direct","OUT","DIL MANAGER1","MANAGER1","2026-10-03 10:40:50","2026-10-03","Harley's - HYD - Dilshuknagar","DIL"
"NEW115","Smoky Caramel Cheesecake -50g","ea","Finely Baked Gourmet Mini-Cheesecake","Product","Direct","OUT","DIL MANAGER1","MANAGER1","2026-10-03 10:40:50","2026-10-03","Harley's - HYD - Dilshuknagar","DIL"
"NEW114","Pistachio Delight Crocante Cheesecake -50g","ea","Finely Baked Gourmet Mini-Cheesecake","Product","Direct","OUT","DIL MANAGER1","MANAGER1","2026-10-03 10:40:50","2026-10-03","Harley's - HYD - Dilshuknagar","DIL"
"NEW113","Lotus Biscoff Cheesecake -50g","ea","Finely Baked Gourmet Mini-Cheesecake","Product","Direct","OUT","DIL MANAGER1","MANAGER1","2026-10-03 10:40:50","2026-10-03","Harley's - HYD - Dilshuknagar","DIL"
"NEW112","Ferrero Nutella Cheesecake -50g","ea","Finely Baked Gourmet Mini-Cheesecake","Product","Direct","OUT","DIL MANAGER1","MANAGER1","2026-10-03 10:40:50","2026-10-03","Harley's - HYD - Dilshuknagar","DIL"
"NEW111","Chef'S Favourite Blueberry Cheesecake -50g","ea","Finely Baked Gourmet Mini-Cheesecake","Product","Direct","OUT","DIL MANAGER1","MANAGER1","2026-10-03 10:40:50","2026-10-03","Harley's - HYD - Dilshuknagar","DIL"
"NEW110","Danish Hazelnut Cheesecake - 50g","ea","Finely Baked Gourmet Mini-Cheesecake","Product","Direct","OUT","DIL MANAGER1","MANAGER1","2026-10-03 10:40:50","2026-10-03","Harley's - HYD - Dilshuknagar","DIL"
"157","Ferrero Nutella Brownie with Hazelnut Crocante (Pack of 2)","ea","Harley's Special Brownies","Product","Direct","OUT","DIL MANAGER1","MANAGER1","2026-10-03 10:40:50","2026-10-03","Harley's - HYD - Dilshuknagar","DIL"
"156","Classic Walnut Fudge Brownie (Pack of 2)","ea","Harley's Special Brownies","Product","Direct","OUT","DIL MANAGER1","MANAGER1","2026-10-03 10:40:50","2026-10-03","Harley's - HYD - Dilshuknagar","DIL"
"155","Belgium Chocolate Brownie (Pack of 2)","ea","Harley's Special Brownies","Product","Direct","OUT","DIL MANAGER1","MANAGER1","2026-10-03 10:40:50","2026-10-03","Harley's - HYD - Dilshuknagar","DIL"
"NEW203","Water 750ml","ea","Water","Product","Direct","OUT","DIL MANAGER1","MANAGER1","2026-10-03 10:40:50","2026-10-03","Harley's - HYD - Dilshuknagar","DIL"
"NEW202","Exotic Veg & Cheese Sandwich","ea","Steamy Croissants","Product","Direct","OUT","DIL MANAGER1","MANAGER1","2026-10-03 10:40:50","2026-10-03","Harley's - HYD - Dilshuknagar","DIL"
"NEW201","Jalapeno Cottage Cheese Sandwich","ea","Steamy Croissants","Product","Direct","OUT","DIL MANAGER1","MANAGER1","2026-10-03 10:40:50","2026-10-03","Harley's - HYD - Dilshuknagar","DIL"
"NEW200","Creamy Roasted Spinach Sandwich","ea","Steamy Croissants","Product","Direct","OUT","DIL MANAGER1","MANAGER1","2026-10-03 10:40:50","2026-10-03","Harley's - HYD - Dilshuknagar","DIL"
"NEW199","Croissant Maska (Regional Fusion)","ea","Steamy Croissants","Product","Direct","OUT","DIL MANAGER1","MANAGER1","2026-10-03 10:40:50","2026-10-03","Harley's - HYD - Dilshuknagar","DIL"
"NEW198","Roasted Spinach & Corn Pizza","ea","Pizza (Thin Crust Flaky)","Product","Direct","OUT","DIL MANAGER1","MANAGER1","2026-10-03 10:40:50","2026-10-03","Harley's - HYD - Dilshuknagar","DIL"
"NEW197","BBQ Cottage Cheese Pizza","ea","Pizza (Thin Crust Flaky)","Product","Direct","OUT","DIL MANAGER1","MANAGER1","2026-10-03 10:40:50","2026-10-03","Harley's - HYD - Dilshuknagar","DIL"
"NEW196","Veggy Executive Pizza","ea","Pizza (Thin Crust Flaky)","Product","Direct","OUT","DIL MANAGER1","MANAGER1","2026-10-03 10:40:50","2026-10-03","Harley's - HYD - Dilshuknagar","DIL"
"NEW195","Classic Margherita Pizza","ea","Pizza (Thin Crust Flaky)","Product","Direct","OUT","DIL MANAGER1","MANAGER1","2026-10-03 10:40:50","2026-10-03","Harley's - HYD - Dilshuknagar","DIL"
"NEW194","Baked Veggy Macaroni Pasta","ea","Pasta (Home Blend Cream)","Product","Direct","OUT","DIL MANAGER1","MANAGER1","2026-10-03 10:40:50","2026-10-03","Harley's - HYD - Dilshuknagar","DIL"
"NEW192","Baked Broccoli Macaroni Pasta","ea","Pasta (Home Blend Cream)","Product","Direct","OUT","DIL MANAGER1","MANAGER1","2026-10-03 10:40:50","2026-10-03","Harley's - HYD - Dilshuknagar","DIL"
"NEW191","Creamy Roasted Spinach Pasta","ea","Pasta (Home Blend Cream)","Product","Direct","OUT","DIL MANAGER1","MANAGER1","2026-10-03 10:40:50","2026-10-03","Harley's - HYD - Dilshuknagar","DIL"
"PA3","Exotic Veg Pasta","ea","Pasta (Home Blend Cream)","Product","Direct","OUT","DIL MANAGER1","MANAGER1","2026-10-03 10:40:50","2026-10-03","Harley's - HYD - Dilshuknagar","DIL"
"PA2","Exotic Veg Pasta","ea","Pasta (Home Blend Cream)","Product","Direct","OUT","DIL MANAGER1","MANAGER1","2026-10-03 10:40:50","2026-10-03","Harley's - HYD - Dilshuknagar","DIL"
"PA1","Exotic Veg Pasta","ea","Pasta (Home Blend Cream)","Product","Direct","OUT","DIL MANAGER1","MANAGER1","2026-10-03 10:40:50","2026-10-03","Harley's - HYD - Dilshuknagar","DIL"
"NEW193","Exotic Veg Pasta","ea","Pasta (Home Blend Cream)","Product","Direct","OUT","DIL MANAGER1","MANAGER1","2026-10-03 10:40:50","2026-10-03","Harley's - HYD - Dilshuknagar","DIL"
"NEW190","Choco Pista Ice Cream","ea","Harley's Specialty Ice Cream","Product","Direct","OUT","DIL MANAGER1","MANAGER1","2026-10-03 10:40:50","2026-10-03","Harley's - HYD - Dilshuknagar","DIL"
"NEW189","Pista Ice Cream","ea","Harley's Specialty Ice Cream","Product","Direct","OUT","DIL MANAGER1","MANAGER1","2026-10-03 10:40:50","2026-10-03","Harley's - HYD - Dilshuknagar","DIL"
"NEW188","Choco Ice Cream","ea","Harley's Specialty Ice Cream","Product","Direct","OUT","DIL MANAGER1","MANAGER1","2026-10-03 10:40:50","2026-10-03","Harley's - HYD - Dilshuknagar","DIL"
"NEW187","Swiss Black And White Medovik -50g","ea","Harley's Signature Mini-Medovik","Product","Direct","OUT","DIL MANAGER1","MANAGER1","2026-10-03 10:40:50","2026-10-03","Harley's - HYD - Dilshuknagar","DIL"
"NEW186","Sparkling Dark Chocolate Medovik - 50g","ea","Harley's Signature Mini-Medovik","Product","Direct","OUT","DIL MANAGER1","MANAGER1","2026-10-03 10:40:50","2026-10-03","Harley's - HYD - Dilshuknagar","DIL"
"NEW185","Premium Butterscotch Medovik -50g","ea","Harley's Signature Mini-Medovik","Product","Direct","OUT","DIL MANAGER1","MANAGER1","2026-10-03 10:40:50","2026-10-03","Harley's - HYD - Dilshuknagar","DIL"
"NEW184","Pistachio Delight Medovik -50g","ea","Harley's Signature Mini-Medovik","Product","Direct","OUT","DIL MANAGER1","MANAGER1","2026-10-03 10:40:50","2026-10-03","Harley's - HYD - Dilshuknagar","DIL"
"NEW183","Lotus Biscoff Medovik -50g","ea","Harley's Signature Mini-Medovik","Product","Direct","OUT","DIL MANAGER1","MANAGER1","2026-10-03 10:40:50","2026-10-03","Harley's - HYD - Dilshuknagar","DIL"
"NEW182","Italian Tiramisu Medovik -50g","ea","Harley's Signature Mini-Medovik","Product","Direct","OUT","DIL MANAGER1","MANAGER1","2026-10-03 10:40:50","2026-10-03","Harley's - HYD - Dilshuknagar","DIL"
"NEW181","Harley'S Spl. Classic Russian Medovik -50g","ea","Harley's Signature Mini-Medovik","Product","Direct","OUT","DIL MANAGER1","MANAGER1","2026-10-03 10:40:50","2026-10-03","Harley's - HYD - Dilshuknagar","DIL"
"NEW180","French Vanilla Rose Medovik-50g","ea","Harley's Signature Mini-Medovik","Product","Direct","OUT","DIL MANAGER1","MANAGER1","2026-10-03 10:40:50","2026-10-03","Harley's - HYD - Dilshuknagar","DIL"
"NEW179","Ferrero Nutella Medovik -50g","ea","Harley's Signature Mini-Medovik","Product","Direct","OUT","DIL MANAGER1","MANAGER1","2026-10-03 10:40:50","2026-10-03","Harley's - HYD - Dilshuknagar","DIL"
"NEW178","Danish Hazelnut Chocolate Medovik-50g","ea","Harley's Signature Mini-Medovik","Product","Direct","OUT","DIL MANAGER1","MANAGER1","2026-10-03 10:40:50","2026-10-03","Harley's - HYD - Dilshuknagar","DIL"
"NEW177","Belgium Chocolate Medovik -50g","ea","Harley's Signature Mini-Medovik","Product","Direct","OUT","DIL MANAGER1","MANAGER1","2026-10-03 10:40:50","2026-10-03","Harley's - HYD - Dilshuknagar","DIL"
"NEW176","Austrian White Forest Medovik -50g","ea","Harley's Signature Mini-Medovik","Product","Direct","OUT","DIL MANAGER1","MANAGER1","2026-10-03 10:40:50","2026-10-03","Harley's - HYD - Dilshuknagar","DIL"
"NEW175","Signature Belgium Chocolate Medovik Pastry","ea","Harley's Signature Medovik Pastry W/O Macaron","Product","Direct","OUT","DIL MANAGER1","MANAGER1","2026-10-03 10:40:50","2026-10-03","Harley's - HYD - Dilshuknagar","DIL"
"NEW174","Swiss Black & White Medovik Pastry","ea","Harley's Signature Medovik Pastry W/O Macaron","Product","Direct","OUT","DIL MANAGER1","MANAGER1","2026-10-03 10:40:50","2026-10-03","Harley's - HYD - Dilshuknagar","DIL"
"NEW173","Sparkling Dark Chocolate Medovik Pastry","ea","Harley's Signature Medovik Pastry W/O Macaron","Product","Direct","OUT","DIL MANAGER1","MANAGER1","2026-10-03 10:40:50","2026-10-03","Harley's - HYD - Dilshuknagar","DIL"
"NEW172","Premium Butterscotch Medovik Pastry","ea","Harley's Signature Medovik Pastry W/O Macaron","Product","Direct","OUT","DIL MANAGER1","MANAGER1","2026-10-03 10:40:50","2026-10-03","Harley's - HYD - Dilshuknagar","DIL"
"NEW171","Pistachio Delight Medovik Pastry","ea","Harley's Signature Medovik Pastry W/O Macaron","Product","Direct","OUT","DIL MANAGER1","MANAGER1","2026-10-03 10:40:50","2026-10-03","Harley's - HYD - Dilshuknagar","DIL"
"NEW170","Lotus Biscoff Medovik Pastry","ea","Harley's Signature Medovik Pastry W/O Macaron","Product","Direct","OUT","DIL MANAGER1","MANAGER1","2026-10-03 10:40:50","2026-10-03","Harley's - HYD - Dilshuknagar","DIL"
"NEW169","Italian Tiramisu Medovik Pastry","ea","Harley's Signature Medovik Pastry W/O Macaron","Product","Direct","OUT","DIL MANAGER1","MANAGER1","2026-10-03 10:40:50","2026-10-03","Harley's - HYD - Dilshuknagar","DIL"
"NEW168","Harley's Spl. Classic Russian Medovik Pastry","ea","Harley's Signature Medovik Pastry W/O Macaron","Product","Direct","OUT","DIL MANAGER1","MANAGER1","2026-10-03 10:40:50","2026-10-03","Harley's - HYD - Dilshuknagar","DIL"
"NEW167","French Vanilla Rose Medovik Pastry","ea","Harley's Signature Medovik Pastry W/O Macaron","Product","Direct","OUT","DIL MANAGER1","MANAGER1","2026-10-03 10:40:50","2026-10-03","Harley's - HYD - Dilshuknagar","DIL"
"NEW166","Ferrero Nutella Medovik Pastry","ea","Harley's Signature Medovik Pastry W/O Macaron","Product","Direct","OUT","DIL MANAGER1","MANAGER1","2026-10-03 10:40:50","2026-10-03","Harley's - HYD - Dilshuknagar","DIL"
"NEW165","Danish Hazelnut Chocolate Medovik Pastry","ea","Harley's Signature Medovik Pastry W/O Macaron","Product","Direct","OUT","DIL MANAGER1","MANAGER1","2026-10-03 10:40:50","2026-10-03","Harley's - HYD - Dilshuknagar","DIL"
"NEW164","Austrian White Forest Medovik Pastry","ea","Harley's Signature Medovik Pastry W/O Macaron","Product","Direct","OUT","DIL MANAGER1","MANAGER1","2026-10-03 10:40:50","2026-10-03","Harley's - HYD - Dilshuknagar","DIL"
"216","London Viral Whipped Caramel Medovik W/O Macaron","ea","Harley's Signature Medovik Pastry W/O Macaron","Product","Direct","OUT","DIL MANAGER1","MANAGER1","2026-10-03 10:40:50","2026-10-03","Harley's - HYD - Dilshuknagar","DIL"
"NEW139","Belgium Kunafa Chocolate","ea","Harley's Alpha Kunafa Chocolates","Product","Direct","OUT","DIL MANAGER1","MANAGER1","2026-10-03 10:40:50","2026-10-03","Harley's - HYD - Dilshuknagar","DIL"
"NEW138","Biscoff Kunafa Chocolate","ea","Harley's Alpha Kunafa Chocolates","Product","Direct","OUT","DIL MANAGER1","MANAGER1","2026-10-03 10:40:50","2026-10-03","Harley's - HYD - Dilshuknagar","DIL"
"NEW137","Danish Hazelnut Kunafa Chocolate","ea","Harley's Alpha Kunafa Chocolates","Product","Direct","OUT","DIL MANAGER1","MANAGER1","2026-10-03 10:40:50","2026-10-03","Harley's - HYD - Dilshuknagar","DIL"
"NEW136","Ruby Kunafa Chocolate","ea","Harley's Alpha Kunafa Chocolates","Product","Direct","OUT","DIL MANAGER1","MANAGER1","2026-10-03 10:40:50","2026-10-03","Harley's - HYD - Dilshuknagar","DIL"
"NEW135","Almond Kunafa Chocolate","ea","Harley's Alpha Kunafa Chocolates","Product","Direct","OUT","DIL MANAGER1","MANAGER1","2026-10-03 10:40:50","2026-10-03","Harley's - HYD - Dilshuknagar","DIL"
"NEW134","Pistachio Kunafa Chocolate","ea","Harley's Alpha Kunafa Chocolates","Product","Direct","OUT","DIL MANAGER1","MANAGER1","2026-10-03 10:40:50","2026-10-03","Harley's - HYD - Dilshuknagar","DIL"
"NEW119","Juicy Cottage Cheese Sandwich","ea","French Focaccia Bread","Product","Direct","OUT","DIL MANAGER1","MANAGER1","2026-10-03 10:40:50","2026-10-03","Harley's - HYD - Dilshuknagar","DIL"
"NEW118","Spinach & Corn Sandwich","ea","French Focaccia Bread","Product","Direct","OUT","DIL MANAGER1","MANAGER1","2026-10-03 10:40:50","2026-10-03","Harley's - HYD - Dilshuknagar","DIL"
"NEW117","Roasted Veg & Cheese Sandwich","ea","French Focaccia Bread","Product","Direct","OUT","DIL MANAGER1","MANAGER1","2026-10-03 10:40:50","2026-10-03","Harley's - HYD - Dilshuknagar","DIL"
"NEW116","Cilantro Paneer Sandwich","ea","French Focaccia Bread","Product","Direct","OUT","DIL MANAGER1","MANAGER1","2026-10-03 10:40:50","2026-10-03","Harley's - HYD - Dilshuknagar","DIL"
"NEW109","Smoky Caramel Cheesecake Pastry","ea","Finely Baked Gourmet Cheesecake Pastry W/O","Product","Direct","OUT","DIL MANAGER1","MANAGER1","2026-10-03 10:40:50","2026-10-03","Harley's - HYD - Dilshuknagar","DIL"
"NEW108","Lotus Biscoff Cheesecake Pastry","ea","Finely Baked Gourmet Cheesecake Pastry W/O","Product","Direct","OUT","DIL MANAGER1","MANAGER1","2026-10-03 10:40:50","2026-10-03","Harley's - HYD - Dilshuknagar","DIL"
"NEW107","Ferrero Nutella Cheesecake Pastry","ea","Finely Baked Gourmet Cheesecake Pastry W/O","Product","Direct","OUT","DIL MANAGER1","MANAGER1","2026-10-03 10:40:50","2026-10-03","Harley's - HYD - Dilshuknagar","DIL"
"NEW106","Chef's Favourite Blueberry Cheesecake Pastry","ea","Finely Baked Gourmet Cheesecake Pastry W/O","Product","Direct","OUT","DIL MANAGER1","MANAGER1","2026-10-03 10:40:50","2026-10-03","Harley's - HYD - Dilshuknagar","DIL"
"NEW105","Belgium Chocolate Cheesecake Pastry","ea","Finely Baked Gourmet Cheesecake Pastry W/O","Product","Direct","OUT","DIL MANAGER1","MANAGER1","2026-10-03 10:40:50","2026-10-03","Harley's - HYD - Dilshuknagar","DIL"
"NEW104","Danish Hazelnut Cheesecake Pastry","ea","Finely Baked Gourmet Cheesecake Pastry W/O","Product","Direct","OUT","DIL MANAGER1","MANAGER1","2026-10-03 10:40:50","2026-10-03","Harley's - HYD - Dilshuknagar","DIL"
"NEW103","Classic Butter Croissant","ea","Croissants","Product","Direct","OUT","DIL MANAGER1","MANAGER1","2026-10-03 10:40:50","2026-10-03","Harley's - HYD - Dilshuknagar","DIL"
"35","Classic Butter Croissants (Pack Of 2)","ea","Croissants","Product","Direct","OUT","DIL MANAGER1","MANAGER1","2026-10-03 10:40:50","2026-10-03","Harley's - HYD - Dilshuknagar","DIL"
"22","Belgium Chocolate Criossant","ea","Croissants","Product","Direct","OUT","DIL MANAGER1","MANAGER1","2026-10-03 10:40:50","2026-10-03","Harley's - HYD - Dilshuknagar","DIL"
"NEW100","Cheese Corn Croissant Burger","ea","Croissant Burgers","Product","Direct","OUT","DIL MANAGER1","MANAGER1","2026-10-03 10:40:50","2026-10-03","Harley's - HYD - Dilshuknagar","DIL"
"NEW99","Spinach & Corn Croissant Burger","ea","Croissant Burgers","Product","Direct","OUT","DIL MANAGER1","MANAGER1","2026-10-03 10:40:50","2026-10-03","Harley's - HYD - Dilshuknagar","DIL"
"NEW98","Diced Paneer Croissant Cheese Burger","ea","Croissant Burgers","Product","Direct","OUT","DIL MANAGER1","MANAGER1","2026-10-03 10:40:50","2026-10-03","Harley's - HYD - Dilshuknagar","DIL"
"NEW97","Classic Veg Croissant Burger","ea","Croissant Burgers","Product","Direct","OUT","DIL MANAGER1","MANAGER1","2026-10-03 10:40:50","2026-10-03","Harley's - HYD - Dilshuknagar","DIL"
"NEW94","CG Welcome Kit Assorted Cheesecakes (Pack Of 12)","ea","Corporate Bulk Orders","Product","Direct","OUT","DIL MANAGER1","MANAGER1","2026-10-03 10:40:50","2026-10-03","Harley's - HYD - Dilshuknagar","DIL"
"NEW93","CG Welcome Kit Assorted Medoviks (Pack Of 12)","ea","Corporate Bulk Orders","Product","Direct","OUT","DIL MANAGER1","MANAGER1","2026-10-03 10:40:50","2026-10-03","Harley's - HYD - Dilshuknagar","DIL"
"NEW92","CG Welcome Kit Assorted Pack Of 9 Cheesecakes And 6 Macarons","ea","Corporate Bulk Orders","Product","Direct","OUT","DIL MANAGER1","MANAGER1","2026-10-03 10:40:50","2026-10-03","Harley's - HYD - Dilshuknagar","DIL"
"NEW90","CG Welcome Kit Assorted Pack Of 4 Medoviks And 4 Macarons","ea","Corporate Bulk Orders","Product","Direct","OUT","DIL MANAGER1","MANAGER1","2026-10-03 10:40:50","2026-10-03","Harley's - HYD - Dilshuknagar","DIL"
"NEW88","CG Welcome Kit Assorted Macrons (Pack of 12)","ea","Corporate Bulk Orders","Product","Direct","OUT","DIL MANAGER1","MANAGER1","2026-10-03 10:40:50","2026-10-03","Harley's - HYD - Dilshuknagar","DIL"
"NEW87","CG Welcome Kit Assorted Cheesecakes (Pack of 6)","ea","Corporate Bulk Orders","Product","Direct","OUT","DIL MANAGER1","MANAGER1","2026-10-03 10:40:50","2026-10-03","Harley's - HYD - Dilshuknagar","DIL"
"NEW86","CG Welcome Kit Assorted Medovik (Pack of 6)","ea","Corporate Bulk Orders","Product","Direct","OUT","DIL MANAGER1","MANAGER1","2026-10-03 10:40:50","2026-10-03","Harley's - HYD - Dilshuknagar","DIL"
"NEW85","CG Festive Assorted Tres Leches (pack of 12)","ea","Corporate Bulk Orders","Product","Direct","OUT","DIL MANAGER1","MANAGER1","2026-10-03 10:40:50","2026-10-03","Harley's - HYD - Dilshuknagar","DIL"
"NEW84","CG Festive Assorted Tres Leches (pack of 6)","ea","Corporate Bulk Orders","Product","Direct","OUT","DIL MANAGER1","MANAGER1","2026-10-03 10:40:50","2026-10-03","Harley's - HYD - Dilshuknagar","DIL"
"NEW83","CG Festive Assorted Cheesecakes (Pack Of 12)","ea","Corporate Bulk Orders","Product","Direct","OUT","DIL MANAGER1","MANAGER1","2026-10-03 10:40:50","2026-10-03","Harley's - HYD - Dilshuknagar","DIL"
"NEW82","CG Festive Assorted Medoviks (Pack Of 12)","ea","Corporate Bulk Orders","Product","Direct","OUT","DIL MANAGER1","MANAGER1","2026-10-03 10:40:50","2026-10-03","Harley's - HYD - Dilshuknagar","DIL"
"NEW81","CG Festive Assorted Pack Of 9 Medoviks And 6 Macarons","ea","Corporate Bulk Orders","Product","Direct","OUT","DIL MANAGER1","MANAGER1","2026-10-03 10:40:50","2026-10-03","Harley's - HYD - Dilshuknagar","DIL"
"NEW80","CG Festive Assorted Pack Of 9 Cheesecakes And 6 Macarons","ea","Corporate Bulk Orders","Product","Direct","OUT","DIL MANAGER1","MANAGER1","2026-10-03 10:40:50","2026-10-03","Harley's - HYD - Dilshuknagar","DIL"
"NEW79","CG Festive Assorted Pack Of 4 Medoviks And 4 Macarons","ea","Corporate Bulk Orders","Product","Direct","OUT","DIL MANAGER1","MANAGER1","2026-10-03 10:40:50","2026-10-03","Harley's - HYD - Dilshuknagar","DIL"
"NEW78","CG Festive Assorted Pack Of 4 Cheesecakes And 4 Macarons","ea","Corporate Bulk Orders","Product","Direct","OUT","DIL MANAGER1","MANAGER1","2026-10-03 10:40:50","2026-10-03","Harley's - HYD - Dilshuknagar","DIL"
"NEW77","CG Festive Assorted Macarons (Pack Of 12)","ea","Corporate Bulk Orders","Product","Direct","OUT","DIL MANAGER1","MANAGER1","2026-10-03 10:40:50","2026-10-03","Harley's - HYD - Dilshuknagar","DIL"
"NEW76","CG Festive Assorted Cheesecakes (Pack Of 6)","ea","Corporate Bulk Orders","Product","Direct","OUT","DIL MANAGER1","MANAGER1","2026-10-03 10:40:50","2026-10-03","Harley's - HYD - Dilshuknagar","DIL"
"NEW75","CG Festive Assorted Medoviks (Pack Of 6)","ea","Corporate Bulk Orders","Product","Direct","OUT","DIL MANAGER1","MANAGER1","2026-10-03 10:40:50","2026-10-03","Harley's - HYD - Dilshuknagar","DIL"
"NEW74","CG Assorted pack of 12 Tres Leches","ea","Corporate Bulk Orders","Product","Direct","OUT","DIL MANAGER1","MANAGER1","2026-10-03 10:40:50","2026-10-03","Harley's - HYD - Dilshuknagar","DIL"
"NEW73","CG Assorted pack of 6 Tres Leches","ea","Corporate Bulk Orders","Product","Direct","OUT","DIL MANAGER1","MANAGER1","2026-10-03 10:40:50","2026-10-03","Harley's - HYD - Dilshuknagar","DIL"
"NEW72","CG Assorted Cheesecakes (Pack Of 12)","ea","Corporate Bulk Orders","Product","Direct","OUT","DIL MANAGER1","MANAGER1","2026-10-03 10:40:50","2026-10-03","Harley's - HYD - Dilshuknagar","DIL"
"NEW71","CG Assorted Medoviks (Pack Of 12)","ea","Corporate Bulk Orders","Product","Direct","OUT","DIL MANAGER1","MANAGER1","2026-10-03 10:40:50","2026-10-03","Harley's - HYD - Dilshuknagar","DIL"
"NEW70","CG Assorted Pack Of 9 Cheesecakes And 6 Macarons","ea","Corporate Bulk Orders","Product","Direct","OUT","DIL MANAGER1","MANAGER1","2026-10-03 10:40:50","2026-10-03","Harley's - HYD - Dilshuknagar","DIL"
"NEW69","CG Assorted Medoviks (Pack Of 6)","ea","Corporate Bulk Orders","Product","Direct","OUT","DIL MANAGER1","MANAGER1","2026-10-03 10:40:50","2026-10-03","Harley's - HYD - Dilshuknagar","DIL"
"NEW68","CG Assorted Pack Of 9 Medoviks And 6 Macarons","ea","Corporate Bulk Orders","Product","Direct","OUT","DIL MANAGER1","MANAGER1","2026-10-03 10:40:50","2026-10-03","Harley's - HYD - Dilshuknagar","DIL"
"NEW67","CG Assorted Pack Of 4 Cheesecakes And 4 Macarons","ea","Corporate Bulk Orders","Product","Direct","OUT","DIL MANAGER1","MANAGER1","2026-10-03 10:40:50","2026-10-03","Harley's - HYD - Dilshuknagar","DIL"
"NEW66","CG Assorted Pack Of 4 Medoviks And 4 Macarons","ea","Corporate Bulk Orders","Product","Direct","OUT","DIL MANAGER1","MANAGER1","2026-10-03 10:40:50","2026-10-03","Harley's - HYD - Dilshuknagar","DIL"
"NEW65","CG Assorted Macarons (Pack Of 12)","ea","Corporate Bulk Orders","Product","Direct","OUT","DIL MANAGER1","MANAGER1","2026-10-03 10:40:50","2026-10-03","Harley's - HYD - Dilshuknagar","DIL"
"NEW64","CG Assorted Cheesecakes (Pack Of 6)","ea","Corporate Bulk Orders","Product","Direct","OUT","DIL MANAGER1","MANAGER1","2026-10-03 10:40:50","2026-10-03","Harley's - HYD - Dilshuknagar","DIL"
"NEW57","Iced Americano","ea","Coffee Brews (Cold)","Product","Direct","OUT","DIL MANAGER1","MANAGER1","2026-10-03 10:40:50","2026-10-03","Harley's - HYD - Dilshuknagar","DIL"
"NEW55","All Time Classic Cold Coffee","ea","Coffee Brews (Cold)","Product","Direct","OUT","DIL MANAGER1","MANAGER1","2026-10-03 10:40:50","2026-10-03","Harley's - HYD - Dilshuknagar","DIL"
"NEW54","Vietnamese Cold Coffee","ea","Coffee Brews (Cold)","Product","Direct","OUT","DIL MANAGER1","MANAGER1","2026-10-03 10:40:50","2026-10-03","Harley's - HYD - Dilshuknagar","DIL"
"NEW53","White Russian Cold Coffee","ea","Coffee Brews (Cold)","Product","Direct","OUT","DIL MANAGER1","MANAGER1","2026-10-03 10:40:50","2026-10-03","Harley's - HYD - Dilshuknagar","DIL"
"NEW52","Choco Mocha Cold Coffee","ea","Coffee Brews (Cold)","Product","Direct","OUT","DIL MANAGER1","MANAGER1","2026-10-03 10:40:50","2026-10-03","Harley's - HYD - Dilshuknagar","DIL"
"NEW51","Choco Medovik Hot Chocolate","ea","Cocoa Brews (Hot)","Product","Direct","OUT","DIL MANAGER1","MANAGER1","2026-10-03 10:40:50","2026-10-03","Harley's - HYD - Dilshuknagar","DIL"
"NEW50","Classic Hot Chocolate","ea","Cocoa Brews (Hot)","Product","Direct","OUT","DIL MANAGER1","MANAGER1","2026-10-03 10:40:50","2026-10-03","Harley's - HYD - Dilshuknagar","DIL"
"NEW49","Danish Hazelnut Hot Chocolate","ea","Cocoa Brews (Hot)","Product","Direct","OUT","DIL MANAGER1","MANAGER1","2026-10-03 10:40:50","2026-10-03","Harley's - HYD - Dilshuknagar","DIL"
"NEW48","Honey Caramel Hot Chocolate","ea","Cocoa Brews (Hot)","Product","Direct","OUT","DIL MANAGER1","MANAGER1","2026-10-03 10:40:50","2026-10-03","Harley's - HYD - Dilshuknagar","DIL"
"NEW43","House Blend Roasted Hazelnut Shake","ea","Cake Shake Indulgence","Product","Direct","OUT","DIL MANAGER1","MANAGER1","2026-10-03 10:40:50","2026-10-03","Harley's - HYD - Dilshuknagar","DIL"
"NEW42","Italian Pistachio Medovik Shake","ea","Cake Shake Indulgence","Product","Direct","OUT","DIL MANAGER1","MANAGER1","2026-10-03 10:40:50","2026-10-03","Harley's - HYD - Dilshuknagar","DIL"
"NEW41","Belgium Chocolate Medovik Shake","ea","Cake Shake Indulgence","Product","Direct","OUT","DIL MANAGER1","MANAGER1","2026-10-03 10:40:50","2026-10-03","Harley's - HYD - Dilshuknagar","DIL"
"NEW40","Tiramisu Medovik Coffee Shake","ea","Cake Shake Indulgence","Product","Direct","OUT","DIL MANAGER1","MANAGER1","2026-10-03 10:40:50","2026-10-03","Harley's - HYD - Dilshuknagar","DIL"
"NEW39","American Blueberry Cake Shake","ea","Cake Shake Indulgence","Product","Direct","OUT","DIL MANAGER1","MANAGER1","2026-10-03 10:40:50","2026-10-03","Harley's - HYD - Dilshuknagar","DIL"
"NEW17","Belgium Kunafa Chocolate (Pack of 2)","ea","Assorted Chocolate Treats","Product","Direct","OUT","DIL MANAGER1","MANAGER1","2026-10-03 10:40:50","2026-10-03","Harley's - HYD - Dilshuknagar","DIL"
"NEW16","Biscoff Kunafa Chocolate (Pack of 2)","ea","Assorted Chocolate Treats","Product","Direct","OUT","DIL MANAGER1","MANAGER1","2026-10-03 10:40:50","2026-10-03","Harley's - HYD - Dilshuknagar","DIL"
"NEW10","Danish Hazelnut Kunafa Chocolate (Pack of 2)","ea","Assorted Chocolate Treats","Product","Direct","OUT","DIL MANAGER1","MANAGER1","2026-10-03 10:40:50","2026-10-03","Harley's - HYD - Dilshuknagar","DIL"
"NEW8","Ruby Kunafa Chocolate (Pack of 2)","ea","Assorted Chocolate Treats","Product","Direct","OUT","DIL MANAGER1","MANAGER1","2026-10-03 10:40:50","2026-10-03","Harley's - HYD - Dilshuknagar","DIL"
"NEW7","Almond Kunafa Chocolate (Pack of 2)","ea","Assorted Chocolate Treats","Product","Direct","OUT","DIL MANAGER1","MANAGER1","2026-10-03 10:40:50","2026-10-03","Harley's - HYD - Dilshuknagar","DIL"
"NEW6","Pistachio Kunafa Chocolate (Pack of 2)","ea","Assorted Chocolate Treats","Product","Direct","OUT","DIL MANAGER1","MANAGER1","2026-10-03 10:40:50","2026-10-03","Harley's - HYD - Dilshuknagar","DIL"
"NEW35","Dragees (Pack of 6)","ea","Assorted Chocolate Treats","Product","Direct","OUT","DIL MANAGER1","MANAGER1","2026-10-03 10:40:50","2026-10-03","Harley's - HYD - Dilshuknagar","DIL"
"NEW34","White & Ruby Hazelnut Dragees (Pack of 2)","ea","Assorted Chocolate Treats","Product","Direct","OUT","DIL MANAGER1","MANAGER1","2026-10-03 10:40:50","2026-10-03","Harley's - HYD - Dilshuknagar","DIL"
"NEW32","Ruby Hazelnut Dragees (Pack of 2)","ea","Assorted Chocolate Treats","Product","Direct","OUT","DIL MANAGER1","MANAGER1","2026-10-03 10:40:50","2026-10-03","Harley's - HYD - Dilshuknagar","DIL"
"NEW33","Belgium Hazelnut Dragees (Pack of 2)","ea","Assorted Chocolate Treats","Product","Direct","OUT","DIL MANAGER1","MANAGER1","2026-10-03 10:40:50","2026-10-03","Harley's - HYD - Dilshuknagar","DIL"
"NEW31","White Hazelnut Dragees (Pack of 2)","ea","Assorted Chocolate Treats","Product","Direct","OUT","DIL MANAGER1","MANAGER1","2026-10-03 10:40:50","2026-10-03","Harley's - HYD - Dilshuknagar","DIL"
"NEW27","Assorted Foy'tin Cheesecakes (Pack of 6)","ea","Assorted Chocolate Treats","Product","Direct","OUT","DIL MANAGER1","MANAGER1","2026-10-03 10:40:50","2026-10-03","Harley's - HYD - Dilshuknagar","DIL"
"NEW28","Assorted Dragees","ea","Assorted Chocolate Treats","Product","Direct","OUT","DIL MANAGER1","MANAGER1","2026-10-03 10:40:50","2026-10-03","Harley's - HYD - Dilshuknagar","DIL"
"NEW29","Milk Hazelnut Dragees (Pack of 2)","ea","Assorted Chocolate Treats","Product","Direct","OUT","DIL MANAGER1","MANAGER1","2026-10-03 10:40:50","2026-10-03","Harley's - HYD - Dilshuknagar","DIL"
"NEW30","Dark Hazelnut Dragees (Pack of 2)","ea","Assorted Chocolate Treats","Product","Direct","OUT","DIL MANAGER1","MANAGER1","2026-10-03 10:40:50","2026-10-03","Harley's - HYD - Dilshuknagar","DIL"
"NEW26","Assorted Foy'tin Cakes (Pack of 6)","ea","Assorted Chocolate Treats","Product","Direct","OUT","DIL MANAGER1","MANAGER1","2026-10-03 10:40:50","2026-10-03","Harley's - HYD - Dilshuknagar","DIL"
"NEW24","Assorted Chocolate Macarons (Pack of 5)","ea","Assorted Chocolate Treats","Product","Direct","OUT","DIL MANAGER1","MANAGER1","2026-10-03 10:40:50","2026-10-03","Harley's - HYD - Dilshuknagar","DIL"
"NEW25","Assorted Kunafa Chocolates (Pack of 6)","ea","Assorted Chocolate Treats","Product","Direct","OUT","DIL MANAGER1","MANAGER1","2026-10-03 10:40:50","2026-10-03","Harley's - HYD - Dilshuknagar","DIL"
"NEW13","Belgium Choco Foy'tin Cake (Pack of 2)","ea","Assorted Chocolate Treats","Product","Direct","OUT","DIL MANAGER1","MANAGER1","2026-10-03 10:40:50","2026-10-03","Harley's - HYD - Dilshuknagar","DIL"
"131","Whole Wheat Bread (400gms)","ea","Breads","Product","Direct","OUT","DIL MANAGER1","MANAGER1","2026-10-03 10:40:50","2026-10-03","Harley's - HYD - Dilshuknagar","DIL"
"91","Multigrain Bread (400g)","ea","Breads","Product","Direct","OUT","DIL MANAGER1","MANAGER1","2026-10-03 10:40:50","2026-10-03","Harley's - HYD - Dilshuknagar","DIL"
"86","Milk Bread(400G)","ea","Breads","Product","Direct","OUT","DIL MANAGER1","MANAGER1","2026-10-03 10:40:50","2026-10-03","Harley's - HYD - Dilshuknagar","DIL"
"130","Tiramisu Tres leches (Pack of 2)","ea","Tres Leches Cakes (Mexican Special)","Product","Direct","OUT","DIL MANAGER1","MANAGER1","2026-10-03 10:40:50","2026-10-03","Harley's - HYD - Dilshuknagar","DIL"
"106","Premium Blueberry Tres Leches (Pack of 2)","ea","Tres Leches Cakes (Mexican Special)","Product","Direct","OUT","DIL MANAGER1","MANAGER1","2026-10-03 10:40:50","2026-10-03","Harley's - HYD - Dilshuknagar","DIL"
"104","Pistachio Tres Leches (Pack of 2)","ea","Tres Leches Cakes (Mexican Special)","Product","Direct","OUT","DIL MANAGER1","MANAGER1","2026-10-03 10:40:50","2026-10-03","Harley's - HYD - Dilshuknagar","DIL"
"84","Lotus Biscoff Tres Leches (Pack of 2)","ea","Tres Leches Cakes (Mexican Special)","Product","Direct","OUT","DIL MANAGER1","MANAGER1","2026-10-03 10:40:50","2026-10-03","Harley's - HYD - Dilshuknagar","DIL"
"36","Classic Mexican Tres Leches  (Pack of 2)","ea","Tres Leches Cakes (Mexican Special)","Product","Direct","OUT","DIL MANAGER1","MANAGER1","2026-10-03 10:40:50","2026-10-03","Harley's - HYD - Dilshuknagar","DIL"
"24","Belgium Chocolate Tres Leches (Pack of 2)","ea","Tres Leches Cakes (Mexican Special)","Product","Direct","OUT","DIL MANAGER1","MANAGER1","2026-10-03 10:40:50","2026-10-03","Harley's - HYD - Dilshuknagar","DIL"
"28","Caramel Butterscotch Macarons (Pack Of 5)","ea","Harley's French Macarons","Product","Direct","OUT","DIL MANAGER1","MANAGER1","2026-10-03 10:40:50","2026-10-03","Harley's - HYD - Dilshuknagar","DIL"
"105","Premium Banana Walnut Bar Cake (250 Gms)","ea","Barcakes & Muffins","Product","Direct","OUT","DIL MANAGER1","MANAGER1","2026-10-03 10:40:50","2026-10-03","Harley's - HYD - Dilshuknagar","DIL"
"64","Harley's Special Mawa Bar Cake (250 Gms)","ea","Barcakes & Muffins","Product","Direct","OUT","DIL MANAGER1","MANAGER1","2026-10-03 10:40:50","2026-10-03","Harley's - HYD - Dilshuknagar","DIL"
"47","Double Chocolate Bar Cake (250 gms)","ea","Barcakes & Muffins","Product","Direct","OUT","DIL MANAGER1","MANAGER1","2026-10-03 10:40:50","2026-10-03","Harley's - HYD - Dilshuknagar","DIL"
"34","Chocochip Muffin (Pack Of 2)","ea","Barcakes & Muffins","Product","Direct","OUT","DIL MANAGER1","MANAGER1","2026-10-03 10:40:50","2026-10-03","Harley's - HYD - Dilshuknagar","DIL"
"33","Choco Mawa Bar Cake 250 gms","ea","Barcakes & Muffins","Product","Direct","OUT","DIL MANAGER1","MANAGER1","2026-10-03 10:40:50","2026-10-03","Harley's - HYD - Dilshuknagar","DIL"
"27","Blueberry Muffin (Pack Of 2)","ea","Barcakes & Muffins","Product","Direct","OUT","DIL MANAGER1","MANAGER1","2026-10-03 10:40:50","2026-10-03","Harley's - HYD - Dilshuknagar","DIL"
"NEW143","Belgium Chocolate Foy'tin Cake","ea","Harley's Foy'Tin Cakes","Product","Direct","OUT","DIL MANAGER1","MANAGER1","2026-10-03 10:40:50","2026-10-03","Harley's - HYD - Dilshuknagar","DIL"
"NEW133","White & Ruby Hazelnut Dragees","ea","Harley's Alpha Dragees","Product","Direct","OUT","DIL MANAGER1","MANAGER1","2026-10-03 10:40:50","2026-10-03","Harley's - HYD - Dilshuknagar","DIL"
"NEW132","Belgium Hazelnut Dragees","ea","Harley's Alpha Dragees","Product","Direct","OUT","DIL MANAGER1","MANAGER1","2026-10-03 10:40:50","2026-10-03","Harley's - HYD - Dilshuknagar","DIL"
"NEW130","White Hazelnut Dragees","ea","Harley's Alpha Dragees","Product","Direct","OUT","DIL MANAGER1","MANAGER1","2026-10-03 10:40:50","2026-10-03","Harley's - HYD - Dilshuknagar","DIL"
"NEW131","Ruby Hazelnut Dragees","ea","Harley's Alpha Dragees","Product","Direct","OUT","DIL MANAGER1","MANAGER1","2026-10-03 10:40:50","2026-10-03","Harley's - HYD - Dilshuknagar","DIL"
"NEW128","Milk Hazelnut Dragees","ea","Harley's Alpha Dragees","Product","Direct","OUT","DIL MANAGER1","MANAGER1","2026-10-03 10:40:50","2026-10-03","Harley's - HYD - Dilshuknagar","DIL"
"NEW129","Dark Hazelnut Dragees","ea","Harley's Alpha Dragees","Product","Direct","OUT","DIL MANAGER1","MANAGER1","2026-10-03 10:40:50","2026-10-03","Harley's - HYD - Dilshuknagar","DIL"
"36","Classic Mexican Tres Leches  (Pack of 2)","ea","Tres Leches Cakes (Mexican Special)","Product","Direct","IN","SEN1 VIJAY","SEN1VIJ","2026-10-03 08:10:47","2026-10-03","Harley's - Vijayawada - Sentini Mall","SEN"
"72","Italian Tiramisu Medovik Cake","ea","Harley's Grand Celebration Medovik Cakes","Product","Direct","OUT","SEN1 VIJAY","SEN1VIJ","2026-10-03 08:43:19","2026-10-03","Harley's - Vijayawada - Sentini Mall","SEN"
"131","Whole Wheat Bread (400gms)","ea","Breads","Product","Direct","IN","SEN1 VIJAY","SEN1VIJ","2026-10-03 09:21:53","2026-10-03","Harley's - Vijayawada - Sentini Mall","SEN"
"86","Milk Bread(400G)","ea","Breads","Product","Direct","IN","SEN1 VIJAY","SEN1VIJ","2026-10-03 09:21:53","2026-10-03","Harley's - Vijayawada - Sentini Mall","SEN"
"33","Choco Mawa Bar Cake 250 gms","ea","Barcakes & Muffins","Product","Direct","IN","SEN1 VIJAY","SEN1VIJ","2026-10-03 09:22:00","2026-10-03","Harley's - Vijayawada - Sentini Mall","SEN"
"34","Chocochip Muffin (Pack Of 2)","ea","Barcakes & Muffins","Product","Direct","IN","SEN1 VIJAY","SEN1VIJ","2026-10-03 09:22:00","2026-10-03","Harley's - Vijayawada - Sentini Mall","SEN"
"47","Double Chocolate Bar Cake (250 gms)","ea","Barcakes & Muffins","Product","Direct","IN","SEN1 VIJAY","SEN1VIJ","2026-10-03 09:22:00","2026-10-03","Harley's - Vijayawada - Sentini Mall","SEN"
"27","Blueberry Muffin (Pack Of 2)","ea","Barcakes & Muffins","Product","Direct","IN","SEN1 VIJAY","SEN1VIJ","2026-10-03 09:22:00","2026-10-03","Harley's - Vijayawada - Sentini Mall","SEN"
"64","Harley's Special Mawa Bar Cake (250 Gms)","ea","Barcakes & Muffins","Product","Direct","IN","SEN1 VIJAY","SEN1VIJ","2026-10-03 09:22:00","2026-10-03","Harley's - Vijayawada - Sentini Mall","SEN"
"34","Chocochip Muffin (Pack Of 2)","ea","Barcakes & Muffins","Product","Direct","OUT","SEN1 VIJAY","SEN1VIJ","2026-10-03 10:15:50","2026-10-03","Harley's - Vijayawada - Sentini Mall","SEN"
"73","Italian Tiramisu Medovik Cake","ea","Harley's Grand Celebration Medovik Cakes","Product","Direct","IN","SEN1 VIJAY","SEN1VIJ","2026-10-03 11:10:53","2026-10-03","Harley's - Vijayawada - Sentini Mall","SEN"
"72","Italian Tiramisu Medovik Cake","ea","Harley's Grand Celebration Medovik Cakes","Product","Direct","IN","SEN1 VIJAY","SEN1VIJ","2026-10-03 11:10:53","2026-10-03","Harley's - Vijayawada - Sentini Mall","SEN"
"106","Premium Blueberry Tres Leches (Pack of 2)","ea","Tres Leches Cakes (Mexican Special)","Product","Direct","OUT","SEN1 VIJAY","SEN1VIJ","2026-10-03 11:24:05","2026-10-03","Harley's - Vijayawada - Sentini Mall","SEN"
"131","Whole Wheat Bread (400gms)","ea","Breads","Product","Direct","OUT","SEN1 VIJAY","SEN1VIJ","2026-10-03 13:21:27","2026-10-03","Harley's - Vijayawada - Sentini Mall","SEN"
"47","Double Chocolate Bar Cake (250 gms)","ea","Barcakes & Muffins","Product","Direct","OUT","SEN1 VIJAY","SEN1VIJ","2026-10-03 13:56:21","2026-10-03","Harley's - Vijayawada - Sentini Mall","SEN"
"33","Choco Mawa Bar Cake 250 gms","ea","Barcakes & Muffins","Product","Direct","OUT","SEN1 VIJAY","SEN1VIJ","2026-10-03 13:59:54","2026-10-03","Harley's - Vijayawada - Sentini Mall","SEN"
"24","Belgium Chocolate Tres Leches (Pack of 2)","ea","Tres Leches Cakes (Mexican Special)","Product","Direct","IN","SEN1 VIJAY","SEN1VIJ","2026-10-03 17:06:52","2026-10-03","Harley's - Vijayawada - Sentini Mall","SEN"
"106","Premium Blueberry Tres Leches (Pack of 2)","ea","Tres Leches Cakes (Mexican Special)","Product","Direct","IN","SEN1 VIJAY","SEN1VIJ","2026-10-03 17:06:52","2026-10-03","Harley's - Vijayawada - Sentini Mall","SEN"
"85","Mighty Mango Macarons (Pack Of 5)","ea","Harley's French Macarons","Product","Direct","IN","BHA VIJ","BHA1","2026-10-03 09:20:00","2026-10-03","Harley's - VIJAYAWADA - Bhavanipuram","BPM"
"47","Double Chocolate Bar Cake (250 gms)","ea","Barcakes & Muffins","Product","Direct","IN","BHA VIJ","BHA1","2026-10-03 09:20:00","2026-10-03","Harley's - VIJAYAWADA - Bhavanipuram","BPM"
"33","Choco Mawa Bar Cake 250 gms","ea","Barcakes & Muffins","Product","Direct","IN","BHA VIJ","BHA1","2026-10-03 09:20:00","2026-10-03","Harley's - VIJAYAWADA - Bhavanipuram","BPM"
"105","Premium Banana Walnut Bar Cake (250 Gms)","ea","Barcakes & Muffins","Product","Direct","IN","BHA VIJ","BHA1","2026-10-03 09:20:00","2026-10-03","Harley's - VIJAYAWADA - Bhavanipuram","BPM"
"64","Harley's Special Mawa Bar Cake (250 Gms)","ea","Barcakes & Muffins","Product","Direct","IN","BHA VIJ","BHA1","2026-10-03 09:20:00","2026-10-03","Harley's - VIJAYAWADA - Bhavanipuram","BPM"
"34","Chocochip Muffin (Pack Of 2)","ea","Barcakes & Muffins","Product","Direct","IN","BHA VIJ","BHA1","2026-10-03 09:20:00","2026-10-03","Harley's - VIJAYAWADA - Bhavanipuram","BPM"
"27","Blueberry Muffin (Pack Of 2)","ea","Barcakes & Muffins","Product","Direct","IN","BHA VIJ","BHA1","2026-10-03 09:20:00","2026-10-03","Harley's - VIJAYAWADA - Bhavanipuram","BPM"
"119","Smoky Caramel Cheesecake","ea","Harley's Gourmet Celebration Cheesecakes","Product","Direct","IN","BHA VIJ","BHA1","2026-10-03 09:20:00","2026-10-03","Harley's - VIJAYAWADA - Bhavanipuram","BPM"
"118","Smoky Caramel Cheesecake","ea","Harley's Gourmet Celebration Cheesecakes","Product","Direct","IN","BHA VIJ","BHA1","2026-10-03 09:20:00","2026-10-03","Harley's - VIJAYAWADA - Bhavanipuram","BPM"
"76","Lotus Biscoff Cheesecake","ea","Harley's Gourmet Celebration Cheesecakes","Product","Direct","IN","BHA VIJ","BHA1","2026-10-03 09:20:00","2026-10-03","Harley's - VIJAYAWADA - Bhavanipuram","BPM"
"77","Lotus Biscoff Cheesecake","ea","Harley's Gourmet Celebration Cheesecakes","Product","Direct","IN","BHA VIJ","BHA1","2026-10-03 09:20:00","2026-10-03","Harley's - VIJAYAWADA - Bhavanipuram","BPM"
"49","Ferrero Nutella Cheesecake","ea","Harley's Gourmet Celebration Cheesecakes","Product","Direct","IN","BHA VIJ","BHA1","2026-10-03 09:20:00","2026-10-03","Harley's - VIJAYAWADA - Bhavanipuram","BPM"
"50","Ferrero Nutella Cheesecake","ea","Harley's Gourmet Celebration Cheesecakes","Product","Direct","IN","BHA VIJ","BHA1","2026-10-03 09:20:00","2026-10-03","Harley's - VIJAYAWADA - Bhavanipuram","BPM"
"20","Belgium Chocolate Cheesecake","ea","Harley's Gourmet Celebration Cheesecakes","Product","Direct","IN","BHA VIJ","BHA1","2026-10-03 09:20:00","2026-10-03","Harley's - VIJAYAWADA - Bhavanipuram","BPM"
"19","Belgium Chocolate Cheesecake","ea","Harley's Gourmet Celebration Cheesecakes","Product","Direct","IN","BHA VIJ","BHA1","2026-10-03 09:20:00","2026-10-03","Harley's - VIJAYAWADA - Bhavanipuram","BPM"
"31","Chef's Favourite Blueberry Cheesecake","ea","Harley's Gourmet Celebration Cheesecakes","Product","Direct","IN","BHA VIJ","BHA1","2026-10-03 09:20:00","2026-10-03","Harley's - VIJAYAWADA - Bhavanipuram","BPM"
"30","Chef's Favourite Blueberry Cheesecake","ea","Harley's Gourmet Celebration Cheesecakes","Product","Direct","IN","BHA VIJ","BHA1","2026-10-03 09:20:00","2026-10-03","Harley's - VIJAYAWADA - Bhavanipuram","BPM"
"40","Danish Hazelnut Cheesecake","ea","Harley's Gourmet Celebration Cheesecakes","Product","Direct","IN","BHA VIJ","BHA1","2026-10-03 09:20:00","2026-10-03","Harley's - VIJAYAWADA - Bhavanipuram","BPM"
"39","Danish Hazelnut Cheesecake","ea","Harley's Gourmet Celebration Cheesecakes","Product","Direct","IN","BHA VIJ","BHA1","2026-10-03 09:20:00","2026-10-03","Harley's - VIJAYAWADA - Bhavanipuram","BPM"
"120","Smoky Caramel Cheesecake With Macaron","ea","Finely Baked Cheesecake Pastry","Product","Direct","IN","BHA VIJ","BHA1","2026-10-03 09:20:00","2026-10-03","Harley's - VIJAYAWADA - Bhavanipuram","BPM"
"78","Lotus Biscoff Cheesecake With Macaron","ea","Finely Baked Cheesecake Pastry","Product","Direct","IN","BHA VIJ","BHA1","2026-10-03 09:20:00","2026-10-03","Harley's - VIJAYAWADA - Bhavanipuram","BPM"
"51","Ferrero Nutella Cheesecake With Macaron","ea","Finely Baked Cheesecake Pastry","Product","Direct","IN","BHA VIJ","BHA1","2026-10-03 09:20:00","2026-10-03","Harley's - VIJAYAWADA - Bhavanipuram","BPM"
"41","Danish Hazelnut Cheesecake With Macaron","ea","Finely Baked Cheesecake Pastry","Product","Direct","IN","BHA VIJ","BHA1","2026-10-03 09:20:00","2026-10-03","Harley's - VIJAYAWADA - Bhavanipuram","BPM"
"32","Chef's Favourite Blueberry Cheesecake With Macaron","ea","Finely Baked Cheesecake Pastry","Product","Direct","IN","BHA VIJ","BHA1","2026-10-03 09:20:00","2026-10-03","Harley's - VIJAYAWADA - Bhavanipuram","BPM"
"21","Belgium Chocolate Cheesecake With Macaron","ea","Finely Baked Cheesecake Pastry","Product","Direct","IN","BHA VIJ","BHA1","2026-10-03 09:20:00","2026-10-03","Harley's - VIJAYAWADA - Bhavanipuram","BPM"
"111","Red Velvet Macarons (Pack Of 5)","ea","Harley's French Macarons","Product","Direct","IN","BHA VIJ","BHA1","2026-10-03 09:20:00","2026-10-03","Harley's - VIJAYAWADA - Bhavanipuram","BPM"
"56","French Vanilla Macarons (Pack Of 5)","ea","Harley's French Macarons","Product","Direct","IN","BHA VIJ","BHA1","2026-10-03 09:20:00","2026-10-03","Harley's - VIJAYAWADA - Bhavanipuram","BPM"
"61","Green Apple Macarons (Pack Of 5)","ea","Harley's French Macarons","Product","Direct","IN","BHA VIJ","BHA1","2026-10-03 09:20:00","2026-10-03","Harley's - VIJAYAWADA - Bhavanipuram","BPM"
"37","Clementine Orange Macarons (Pack Of 5)","ea","Harley's French Macarons","Product","Direct","IN","BHA VIJ","BHA1","2026-10-03 09:20:00","2026-10-03","Harley's - VIJAYAWADA - Bhavanipuram","BPM"
"26","Blueberry Macarons (Pack Of 5)","ea","Harley's French Macarons","Product","Direct","IN","BHA VIJ","BHA1","2026-10-03 09:20:00","2026-10-03","Harley's - VIJAYAWADA - Bhavanipuram","BPM"
"53","Ferrero Nutella Medovik Cake","ea","Harley's Grand Celebration Medovik Cakes","Product","Direct","IN","BHA VIJ","BHA1","2026-10-03 09:20:00","2026-10-03","Harley's - VIJAYAWADA - Bhavanipuram","BPM"
"54","Ferrero Nutella Medovik Cake","ea","Harley's Grand Celebration Medovik Cakes","Product","Direct","IN","BHA VIJ","BHA1","2026-10-03 09:20:00","2026-10-03","Harley's - VIJAYAWADA - Bhavanipuram","BPM"
"128","Swiss Black & White Chocolate Medovik Cake","ea","Harley's Grand Celebration Medovik Cakes","Product","Direct","IN","BHA VIJ","BHA1","2026-10-03 09:20:00","2026-10-03","Harley's - VIJAYAWADA - Bhavanipuram","BPM"
"127","Swiss Black & White Chocolate Medovik Cake","ea","Harley's Grand Celebration Medovik Cakes","Product","Direct","IN","BHA VIJ","BHA1","2026-10-03 09:20:00","2026-10-03","Harley's - VIJAYAWADA - Bhavanipuram","BPM"
"123","Sparkling Dark Chocolate Medovik Cake","ea","Harley's Grand Celebration Medovik Cakes","Product","Direct","IN","BHA VIJ","BHA1","2026-10-03 09:20:00","2026-10-03","Harley's - VIJAYAWADA - Bhavanipuram","BPM"
"122","Sparkling Dark Chocolate Medovik Cake","ea","Harley's Grand Celebration Medovik Cakes","Product","Direct","IN","BHA VIJ","BHA1","2026-10-03 09:20:00","2026-10-03","Harley's - VIJAYAWADA - Bhavanipuram","BPM"
"115","Signature Belgium Chocolate Medovik Cake","ea","Harley's Grand Celebration Medovik Cakes","Product","Direct","IN","BHA VIJ","BHA1","2026-10-03 09:20:00","2026-10-03","Harley's - VIJAYAWADA - Bhavanipuram","BPM"
"114","Signature Belgium Chocolate Medovik Cake","ea","Harley's Grand Celebration Medovik Cakes","Product","Direct","IN","BHA VIJ","BHA1","2026-10-03 09:20:00","2026-10-03","Harley's - VIJAYAWADA - Bhavanipuram","BPM"
"45","Danish Hazelnut Chocolate Medovik Cake","ea","Harley's Grand Celebration Medovik Cakes","Product","Direct","IN","BHA VIJ","BHA1","2026-10-03 09:20:00","2026-10-03","Harley's - VIJAYAWADA - Bhavanipuram","BPM"
"44","Danish Hazelnut Chocolate Medovik Cake","ea","Harley's Grand Celebration Medovik Cakes","Product","Direct","IN","BHA VIJ","BHA1","2026-10-03 09:20:00","2026-10-03","Harley's - VIJAYAWADA - Bhavanipuram","BPM"
"136","Assorted French Macarons (Pack Of 5)","ea","Harley's Sweet Home Assortments","Product","Direct","IN","BHA VIJ","BHA1","2026-10-03 09:20:00","2026-10-03","Harley's - VIJAYAWADA - Bhavanipuram","BPM"
"23","Belgium Chocolate Macarons (Pack Of 5)","ea","Harley's French Macarons","Product","Direct","IN","BHA VIJ","BHA1","2026-10-03 09:20:00","2026-10-03","Harley's - VIJAYAWADA - Bhavanipuram","BPM"
"82","Lotus Biscoff Medovik Cake","ea","Harley's Grand Celebration Medovik Cakes","Product","Direct","IN","BHA VIJ","BHA1","2026-10-03 09:20:00","2026-10-03","Harley's - VIJAYAWADA - Bhavanipuram","BPM"
"81","Lotus Biscoff Medovik Cake","ea","Harley's Grand Celebration Medovik Cakes","Product","Direct","IN","BHA VIJ","BHA1","2026-10-03 09:20:00","2026-10-03","Harley's - VIJAYAWADA - Bhavanipuram","BPM"
"108","Premium Butterscotch Medovik Cake","ea","Harley's Grand Celebration Medovik Cakes","Product","Direct","IN","BHA VIJ","BHA1","2026-10-03 09:20:00","2026-10-03","Harley's - VIJAYAWADA - Bhavanipuram","BPM"
"109","Premium Butterscotch Medovik Cake","ea","Harley's Grand Celebration Medovik Cakes","Product","Direct","IN","BHA VIJ","BHA1","2026-10-03 09:20:00","2026-10-03","Harley's - VIJAYAWADA - Bhavanipuram","BPM"
"67","Harley's Spl. Classic Russian Medovik Cake","ea","Harley's Grand Celebration Medovik Cakes","Product","Direct","IN","BHA VIJ","BHA1","2026-10-03 09:20:00","2026-10-03","Harley's - VIJAYAWADA - Bhavanipuram","BPM"
"66","Harley's Spl. Classic Russian Medovik Cake","ea","Harley's Grand Celebration Medovik Cakes","Product","Direct","IN","BHA VIJ","BHA1","2026-10-03 09:20:00","2026-10-03","Harley's - VIJAYAWADA - Bhavanipuram","BPM"
"83","Lotus Biscoff Medovik With Macaron","ea","Harley's Signature Medovik Pastry","Product","Direct","IN","BHA VIJ","BHA1","2026-10-03 09:20:00","2026-10-03","Harley's - VIJAYAWADA - Bhavanipuram","BPM"
"68","Harley's Spl. Classic Russian Medovik With Macaron","ea","Harley's Signature Medovik Pastry","Product","Direct","IN","BHA VIJ","BHA1","2026-10-03 09:20:00","2026-10-03","Harley's - VIJAYAWADA - Bhavanipuram","BPM"
"57","French Vanilla Rose Medovik With Macaron","ea","Harley's Signature Medovik Pastry","Product","Direct","IN","BHA VIJ","BHA1","2026-10-03 09:20:00","2026-10-03","Harley's - VIJAYAWADA - Bhavanipuram","BPM"
"55","Ferrero Nutella Medovik With Macaron","ea","Harley's Signature Medovik Pastry","Product","Direct","IN","BHA VIJ","BHA1","2026-10-03 09:20:00","2026-10-03","Harley's - VIJAYAWADA - Bhavanipuram","BPM"
"46","Danish Hazelnut Chocolate Medovik With Macaron","ea","Harley's Signature Medovik Pastry","Product","Direct","IN","BHA VIJ","BHA1","2026-10-03 09:20:00","2026-10-03","Harley's - VIJAYAWADA - Bhavanipuram","BPM"
"16","Austrian White Forest Medovik With Macaron","ea","Harley's Signature Medovik Pastry","Product","Direct","IN","BHA VIJ","BHA1","2026-10-03 09:20:00","2026-10-03","Harley's - VIJAYAWADA - Bhavanipuram","BPM"
"129","Swiss Black & White Medovik With Macaron","ea","Harley's Signature Medovik Pastry","Product","Direct","IN","BHA VIJ","BHA1","2026-10-03 09:20:00","2026-10-03","Harley's - VIJAYAWADA - Bhavanipuram","BPM"
"124","Sparkling Dark Chocolate Medovik With Macaron","ea","Harley's Signature Medovik Pastry","Product","Direct","IN","BHA VIJ","BHA1","2026-10-03 09:20:00","2026-10-03","Harley's - VIJAYAWADA - Bhavanipuram","BPM"
"116","Signature Belgium Chocolate Medovik With Macaron","ea","Harley's Signature Medovik Pastry","Product","Direct","IN","BHA VIJ","BHA1","2026-10-03 09:20:00","2026-10-03","Harley's - VIJAYAWADA - Bhavanipuram","BPM"
"125","Strawberry Macarons (Pack Of 5)","ea","Harley's French Macarons","Product","Direct","IN","BHA VIJ","BHA1","2026-10-03 09:20:00","2026-10-03","Harley's - VIJAYAWADA - Bhavanipuram","BPM"
"57","French Vanilla Rose Medovik With Macaron","ea","Harley's Signature Medovik Pastry","Product","Direct","OUT","BHA VIJ","BHA1","2026-10-03 13:26:41","2026-10-03","Harley's - VIJAYAWADA - Bhavanipuram","BPM"
"16","Austrian White Forest Medovik With Macaron","ea","Harley's Signature Medovik Pastry","Product","Direct","OUT","BHA VIJ","BHA1","2026-10-03 13:26:41","2026-10-03","Harley's - VIJAYAWADA - Bhavanipuram","BPM"
"73","Italian Tiramisu Medovik Cake","ea","Harley's Grand Celebration Medovik Cakes","Product","Direct","IN","LAB VIJ","LAB1","2026-10-03 08:58:42","2026-10-03","Harley's - VIJAYAWADA - Labbipet","LAB"
"72","Italian Tiramisu Medovik Cake","ea","Harley's Grand Celebration Medovik Cakes","Product","Direct","IN","LAB VIJ","LAB1","2026-10-03 08:58:42","2026-10-03","Harley's - VIJAYAWADA - Labbipet","LAB"
"60","French Vanilla Strawberry Rose Medovik Cake","ea","Harley's Grand Celebration Medovik Cakes","Product","Direct","IN","LAB VIJ","LAB1","2026-10-03 08:58:42","2026-10-03","Harley's - VIJAYAWADA - Labbipet","LAB"
"15","Austrian White Forest Medovik Cake","ea","Harley's Grand Celebration Medovik Cakes","Product","Direct","IN","LAB VIJ","LAB1","2026-10-03 08:58:42","2026-10-03","Harley's - VIJAYAWADA - Labbipet","LAB"
"14","Austrian White Forest Medovik Cake","ea","Harley's Grand Celebration Medovik Cakes","Product","Direct","IN","LAB VIJ","LAB1","2026-10-03 08:58:42","2026-10-03","Harley's - VIJAYAWADA - Labbipet","LAB"
"59","French Vanilla Strawberry Rose Medovik Cake","ea","Harley's Grand Celebration Medovik Cakes","Product","Direct","IN","LAB VIJ","LAB1","2026-10-03 08:58:42","2026-10-03","Harley's - VIJAYAWADA - Labbipet","LAB"
"54","Ferrero Nutella Medovik Cake","ea","Harley's Grand Celebration Medovik Cakes","Product","Direct","IN","LAB VIJ","LAB1","2026-10-03 08:58:42","2026-10-03","Harley's - VIJAYAWADA - Labbipet","LAB"
"128","Swiss Black & White Chocolate Medovik Cake","ea","Harley's Grand Celebration Medovik Cakes","Product","Direct","IN","LAB VIJ","LAB1","2026-10-03 08:58:42","2026-10-03","Harley's - VIJAYAWADA - Labbipet","LAB"
"123","Sparkling Dark Chocolate Medovik Cake","ea","Harley's Grand Celebration Medovik Cakes","Product","Direct","IN","LAB VIJ","LAB1","2026-10-03 08:58:42","2026-10-03","Harley's - VIJAYAWADA - Labbipet","LAB"
"115","Signature Belgium Chocolate Medovik Cake","ea","Harley's Grand Celebration Medovik Cakes","Product","Direct","IN","LAB VIJ","LAB1","2026-10-03 08:58:42","2026-10-03","Harley's - VIJAYAWADA - Labbipet","LAB"
"45","Danish Hazelnut Chocolate Medovik Cake","ea","Harley's Grand Celebration Medovik Cakes","Product","Direct","IN","LAB VIJ","LAB1","2026-10-03 08:58:42","2026-10-03","Harley's - VIJAYAWADA - Labbipet","LAB"
"135","Assorted French Macarons (Pack Of 24)","ea","Harley's Sweet Home Assortments","Product","Direct","IN","LAB VIJ","LAB1","2026-10-03 08:59:15","2026-10-03","Harley's - VIJAYAWADA - Labbipet","LAB"
"134","Assorted French Macarons (Pack Of 12)","ea","Harley's Sweet Home Assortments","Product","Direct","IN","LAB VIJ","LAB1","2026-10-03 08:59:15","2026-10-03","Harley's - VIJAYAWADA - Labbipet","LAB"
"136","Assorted French Macarons (Pack Of 5)","ea","Harley's Sweet Home Assortments","Product","Direct","IN","LAB VIJ","LAB1","2026-10-03 08:59:15","2026-10-03","Harley's - VIJAYAWADA - Labbipet","LAB"
"125","Strawberry Macarons (Pack Of 5)","ea","Harley's French Macarons","Product","Direct","IN","LAB VIJ","LAB1","2026-10-03 08:59:35","2026-10-03","Harley's - VIJAYAWADA - Labbipet","LAB"
"111","Red Velvet Macarons (Pack Of 5)","ea","Harley's French Macarons","Product","Direct","IN","LAB VIJ","LAB1","2026-10-03 08:59:35","2026-10-03","Harley's - VIJAYAWADA - Labbipet","LAB"
"98","Passion Fruit & Lemon Fusion Macarons (Pack Of 5)","ea","Harley's French Macarons","Product","Direct","IN","LAB VIJ","LAB1","2026-10-03 08:59:35","2026-10-03","Harley's - VIJAYAWADA - Labbipet","LAB"
"85","Mighty Mango Macarons (Pack Of 5)","ea","Harley's French Macarons","Product","Direct","IN","LAB VIJ","LAB1","2026-10-03 08:59:35","2026-10-03","Harley's - VIJAYAWADA - Labbipet","LAB"
"61","Green Apple Macarons (Pack Of 5)","ea","Harley's French Macarons","Product","Direct","IN","LAB VIJ","LAB1","2026-10-03 08:59:35","2026-10-03","Harley's - VIJAYAWADA - Labbipet","LAB"
"56","French Vanilla Macarons (Pack Of 5)","ea","Harley's French Macarons","Product","Direct","IN","LAB VIJ","LAB1","2026-10-03 08:59:35","2026-10-03","Harley's - VIJAYAWADA - Labbipet","LAB"
"37","Clementine Orange Macarons (Pack Of 5)","ea","Harley's French Macarons","Product","Direct","IN","LAB VIJ","LAB1","2026-10-03 08:59:35","2026-10-03","Harley's - VIJAYAWADA - Labbipet","LAB"
"26","Blueberry Macarons (Pack Of 5)","ea","Harley's French Macarons","Product","Direct","IN","LAB VIJ","LAB1","2026-10-03 08:59:35","2026-10-03","Harley's - VIJAYAWADA - Labbipet","LAB"
"23","Belgium Chocolate Macarons (Pack Of 5)","ea","Harley's French Macarons","Product","Direct","IN","LAB VIJ","LAB1","2026-10-03 08:59:35","2026-10-03","Harley's - VIJAYAWADA - Labbipet","LAB"
"64","Harley's Special Mawa Bar Cake (250 Gms)","ea","Barcakes & Muffins","Product","Direct","IN","LAB VIJ","LAB1","2026-10-03 09:00:39","2026-10-03","Harley's - VIJAYAWADA - Labbipet","LAB"
"105","Premium Banana Walnut Bar Cake (250 Gms)","ea","Barcakes & Muffins","Product","Direct","IN","LAB VIJ","LAB1","2026-10-03 09:00:39","2026-10-03","Harley's - VIJAYAWADA - Labbipet","LAB"
"34","Chocochip Muffin (Pack Of 2)","ea","Barcakes & Muffins","Product","Direct","IN","LAB VIJ","LAB1","2026-10-03 09:00:39","2026-10-03","Harley's - VIJAYAWADA - Labbipet","LAB"
"27","Blueberry Muffin (Pack Of 2)","ea","Barcakes & Muffins","Product","Direct","IN","LAB VIJ","LAB1","2026-10-03 09:00:39","2026-10-03","Harley's - VIJAYAWADA - Labbipet","LAB"
"35","Classic Butter Croissants (Pack Of 2)","ea","Croissants","Product","Direct","IN","LAB VIJ","LAB1","2026-10-03 09:01:00","2026-10-03","Harley's - VIJAYAWADA - Labbipet","LAB"
"119","Smoky Caramel Cheesecake","ea","Harley's Gourmet Celebration Cheesecakes","Product","Direct","IN","LAB VIJ","LAB1","2026-10-03 09:01:31","2026-10-03","Harley's - VIJAYAWADA - Labbipet","LAB"
"77","Lotus Biscoff Cheesecake","ea","Harley's Gourmet Celebration Cheesecakes","Product","Direct","IN","LAB VIJ","LAB1","2026-10-03 09:01:31","2026-10-03","Harley's - VIJAYAWADA - Labbipet","LAB"
"31","Chef's Favourite Blueberry Cheesecake","ea","Harley's Gourmet Celebration Cheesecakes","Product","Direct","IN","LAB VIJ","LAB1","2026-10-03 09:01:31","2026-10-03","Harley's - VIJAYAWADA - Labbipet","LAB"
"95","Pack Of 6 Medoviks And 12 Macarons","ea","All Time Favourite Combinations","Product","Direct","IN","LAB VIJ","LAB1","2026-10-03 09:02:01","2026-10-03","Harley's - VIJAYAWADA - Labbipet","LAB"
"94","Pack Of 6 Cheesecakes And 12 Macarons","ea","All Time Favourite Combinations","Product","Direct","IN","LAB VIJ","LAB1","2026-10-03 09:02:01","2026-10-03","Harley's - VIJAYAWADA - Labbipet","LAB"
"97","Pack Of 9 Medoviks And 6 Macarons","ea","All Time Favourite Combinations","Product","Direct","IN","LAB VIJ","LAB1","2026-10-03 09:02:01","2026-10-03","Harley's - VIJAYAWADA - Labbipet","LAB"
"96","Pack Of 9 Cheesecakes And 6 Macarons","ea","All Time Favourite Combinations","Product","Direct","IN","LAB VIJ","LAB1","2026-10-03 09:02:01","2026-10-03","Harley's - VIJAYAWADA - Labbipet","LAB"
"214","London Viral Whipped Caramel Medovik With Macaron","ea","Harley's Signature Medovik Pastry","Product","Direct","OUT","LAB VIJ","LAB1","2026-10-03 16:46:49","2026-10-03","Harley's - VIJAYAWADA - Labbipet","LAB"
"105","Premium Banana Walnut Bar Cake (250 Gms)","ea","Barcakes & Muffins","Product","Direct","IN","MGR MOM PUNE","MGRMOM1","2026-10-03 11:20:30","2026-10-03","Harley's - PUNE - MOM","MOM"
"64","Harley's Special Mawa Bar Cake (250 Gms)","ea","Barcakes & Muffins","Product","Direct","IN","MGR MOM PUNE","MGRMOM1","2026-10-03 11:20:30","2026-10-03","Harley's - PUNE - MOM","MOM"
"47","Double Chocolate Bar Cake (250 gms)","ea","Barcakes & Muffins","Product","Direct","IN","MGR MOM PUNE","MGRMOM1","2026-10-03 11:20:30","2026-10-03","Harley's - PUNE - MOM","MOM"
"NEW57","Iced Americano","ea","Coffee Brews (Cold)","Product","Direct","OUT","MGR MOM PUNE","MGRMOM1","2026-10-03 11:20:45","2026-10-03","Harley's - PUNE - MOM","MOM"
"104","Pistachio Tres Leches (Pack of 2)","ea","Tres Leches Cakes (Mexican Special)","Product","Direct","OUT","MGR MOM PUNE","MGRMOM1","2026-10-03 15:31:21","2026-10-03","Harley's - PUNE - MOM","MOM"
"64","Harley's Special Mawa Bar Cake (250 Gms)","ea","Barcakes & Muffins","Product","Direct","OUT","TAT PUNE","TAT1","2026-10-03 10:49:24","2026-10-03","Harley's - PUNE - Tathawade","TAT"
"35","Classic Butter Croissants (Pack Of 2)","ea","Croissants","Product","Direct","OUT","KHA2 PUNE","KHA2","2026-10-03 08:48:23","2026-10-03","Harley's - PUNE - Kharadi","KHA"
"28","Caramel Butterscotch Macarons (Pack Of 5)","ea","Harley's French Macarons","Product","Direct","OUT","KHA2 PUNE","KHA2","2026-10-03 08:48:23","2026-10-03","Harley's - PUNE - Kharadi","KHA"
"22","Belgium Chocolate Criossant","ea","Croissants","Product","Direct","OUT","KHA2 PUNE","KHA2","2026-10-03 08:48:23","2026-10-03","Harley's - PUNE - Kharadi","KHA"
"152","Belgium Chocolate Tres Leches [Pack of 2]","ea","Exotic Tresley Cakes","Product","Direct","OUT","KHA2 PUNE","KHA2","2026-10-03 08:48:23","2026-10-03","Harley's - PUNE - Kharadi","KHA"
"33","Choco Mawa Bar Cake 250 gms","ea","Barcakes & Muffins","Product","Direct","OUT","KHA2 PUNE","KHA2","2026-10-03 08:48:23","2026-10-03","Harley's - PUNE - Kharadi","KHA"
"47","Double Chocolate Bar Cake (250 gms)","ea","Barcakes & Muffins","Product","Direct","IN","KHA2 PUNE","KHA2","2026-10-03 13:13:51","2026-10-03","Harley's - PUNE - Kharadi","KHA"
"34","Chocochip Muffin (Pack Of 2)","ea","Barcakes & Muffins","Product","Direct","IN","KHA2 PUNE","KHA2","2026-10-03 13:13:51","2026-10-03","Harley's - PUNE - Kharadi","KHA"
"27","Blueberry Muffin (Pack Of 2)","ea","Barcakes & Muffins","Product","Direct","IN","KHA2 PUNE","KHA2","2026-10-03 13:13:51","2026-10-03","Harley's - PUNE - Kharadi","KHA"
"64","Harley's Special Mawa Bar Cake (250 Gms)","ea","Barcakes & Muffins","Product","Direct","IN","KHA2 PUNE","KHA2","2026-10-03 13:13:51","2026-10-03","Harley's - PUNE - Kharadi","KHA"
"33","Choco Mawa Bar Cake 250 gms","ea","Barcakes & Muffins","Product","Direct","IN","KHA2 PUNE","KHA2","2026-10-03 13:13:51","2026-10-03","Harley's - PUNE - Kharadi","KHA"
"35","Classic Butter Croissants (Pack Of 2)","ea","Croissants","Product","Direct","IN","KHA2 PUNE","KHA2","2026-10-03 13:14:03","2026-10-03","Harley's - PUNE - Kharadi","KHA"
"22","Belgium Chocolate Criossant","ea","Croissants","Product","Direct","IN","KHA2 PUNE","KHA2","2026-10-03 13:14:03","2026-10-03","Harley's - PUNE - Kharadi","KHA"
"27","Blueberry Muffin (Pack Of 2)","ea","Barcakes & Muffins","Product","Direct","OUT","KHA2 PUNE","KHA2","2026-10-03 16:55:33","2026-10-03","Harley's - PUNE - Kharadi","KHA"
"44","Danish Hazelnut Chocolate Medovik Cake","ea","Harley's Grand Celebration Medovik Cakes","Product","Direct","OUT","MDG VIMAN PUNE","MGRVIM1","2026-10-03 10:27:32","2026-10-03","Harley's - PUNE - Viman Nagar","VIM"
"138","Assorted Medoviks (Pack Of 12)","ea","Harley's Sweet Home Assortments","Product","Direct","OUT","MDG VIMAN PUNE","MGRVIM1","2026-10-03 13:40:38","2026-10-03","Harley's - PUNE - Viman Nagar","VIM"
"97","Pack Of 9 Medoviks And 6 Macarons","ea","All Time Favourite Combinations","Product","Direct","OUT","MDG VIMAN PUNE","MGRVIM1","2026-10-03 13:42:02","2026-10-03","Harley's - PUNE - Viman Nagar","VIM"
"95","Pack Of 6 Medoviks And 12 Macarons","ea","All Time Favourite Combinations","Product","Direct","OUT","MDG VIMAN PUNE","MGRVIM1","2026-10-03 13:42:02","2026-10-03","Harley's - PUNE - Viman Nagar","VIM"
"81","Lotus Biscoff Medovik Cake","ea","Harley's Grand Celebration Medovik Cakes","Product","Direct","IN","MDG VIMAN PUNE","MGRVIM1","2026-10-03 14:05:47","2026-10-03","Harley's - PUNE - Viman Nagar","VIM"
"66","Harley's Spl. Classic Russian Medovik Cake","ea","Harley's Grand Celebration Medovik Cakes","Product","Direct","IN","MDG VIMAN PUNE","MGRVIM1","2026-10-03 14:05:47","2026-10-03","Harley's - PUNE - Viman Nagar","VIM"
"97","Pack Of 9 Medoviks And 6 Macarons","ea","All Time Favourite Combinations","Product","Direct","IN","MDG VIMAN PUNE","MGRVIM1","2026-10-03 14:06:32","2026-10-03","Harley's - PUNE - Viman Nagar","VIM"
"95","Pack Of 6 Medoviks And 12 Macarons","ea","All Time Favourite Combinations","Product","Direct","IN","MDG VIMAN PUNE","MGRVIM1","2026-10-03 14:06:32","2026-10-03","Harley's - PUNE - Viman Nagar","VIM"
"84","Lotus Biscoff Tres Leches (Pack of 2)","ea","Tres Leches Cakes (Mexican Special)","Product","Direct","OUT","BSE1 MUM","BSE1","2026-10-03 08:42:35","2026-10-03","Harley's - MUM - BSE","BSE"
"24","Belgium Chocolate Tres Leches (Pack of 2)","ea","Tres Leches Cakes (Mexican Special)","Product","Direct","OUT","BSE1 MUM","BSE1","2026-10-03 08:42:35","2026-10-03","Harley's - MUM - BSE","BSE"
"152","Belgium Chocolate Tres Leches [Pack of 2]","ea","Exotic Tresley Cakes","Product","Direct","OUT","BSE1 MUM","BSE1","2026-10-03 08:42:35","2026-10-03","Harley's - MUM - BSE","BSE"
"150","Lotus Biscoff Tres Leches [Pack of 2]","ea","Exotic Tresley Cakes","Product","Direct","OUT","BSE1 MUM","BSE1","2026-10-03 08:42:35","2026-10-03","Harley's - MUM - BSE","BSE"
"115","Signature Belgium Chocolate Medovik Cake","ea","Harley's Grand Celebration Medovik Cakes","Product","Direct","OUT","BSE1 MUM","BSE1","2026-10-03 10:04:48","2026-10-03","Harley's - MUM - BSE","BSE"
"114","Signature Belgium Chocolate Medovik Cake","ea","Harley's Grand Celebration Medovik Cakes","Product","Direct","OUT","BSE1 MUM","BSE1","2026-10-03 10:04:48","2026-10-03","Harley's - MUM - BSE","BSE"
"53","Ferrero Nutella Medovik Cake","ea","Harley's Grand Celebration Medovik Cakes","Product","Direct","OUT","BSE1 MUM","BSE1","2026-10-03 10:05:15","2026-10-03","Harley's - MUM - BSE","BSE"
"54","Ferrero Nutella Medovik Cake","ea","Harley's Grand Celebration Medovik Cakes","Product","Direct","OUT","BSE1 MUM","BSE1","2026-10-03 10:05:15","2026-10-03","Harley's - MUM - BSE","BSE"
"45","Danish Hazelnut Chocolate Medovik Cake","ea","Harley's Grand Celebration Medovik Cakes","Product","Direct","OUT","BSE1 MUM","BSE1","2026-10-03 10:05:43","2026-10-03","Harley's - MUM - BSE","BSE"
"44","Danish Hazelnut Chocolate Medovik Cake","ea","Harley's Grand Celebration Medovik Cakes","Product","Direct","OUT","BSE1 MUM","BSE1","2026-10-03 10:05:43","2026-10-03","Harley's - MUM - BSE","BSE"
"123","Sparkling Dark Chocolate Medovik Cake","ea","Harley's Grand Celebration Medovik Cakes","Product","Direct","OUT","BSE1 MUM","BSE1","2026-10-03 10:16:45","2026-10-03","Harley's - MUM - BSE","BSE"
"122","Sparkling Dark Chocolate Medovik Cake","ea","Harley's Grand Celebration Medovik Cakes","Product","Direct","OUT","BSE1 MUM","BSE1","2026-10-03 10:16:45","2026-10-03","Harley's - MUM - BSE","BSE"
"128","Swiss Black & White Chocolate Medovik Cake","ea","Harley's Grand Celebration Medovik Cakes","Product","Direct","OUT","BSE1 MUM","BSE1","2026-10-03 10:16:45","2026-10-03","Harley's - MUM - BSE","BSE"
"127","Swiss Black & White Chocolate Medovik Cake","ea","Harley's Grand Celebration Medovik Cakes","Product","Direct","OUT","BSE1 MUM","BSE1","2026-10-03 10:16:45","2026-10-03","Harley's - MUM - BSE","BSE"
"97","Pack Of 9 Medoviks And 6 Macarons","ea","All Time Favourite Combinations","Product","Direct","OUT","BSE1 MUM","BSE1","2026-10-03 10:29:53","2026-10-03","Harley's - MUM - BSE","BSE"
"96","Pack Of 9 Cheesecakes And 6 Macarons","ea","All Time Favourite Combinations","Product","Direct","OUT","BSE1 MUM","BSE1","2026-10-03 10:29:53","2026-10-03","Harley's - MUM - BSE","BSE"
"95","Pack Of 6 Medoviks And 12 Macarons","ea","All Time Favourite Combinations","Product","Direct","OUT","BSE1 MUM","BSE1","2026-10-03 10:29:53","2026-10-03","Harley's - MUM - BSE","BSE"
"94","Pack Of 6 Cheesecakes And 12 Macarons","ea","All Time Favourite Combinations","Product","Direct","OUT","BSE1 MUM","BSE1","2026-10-03 10:29:53","2026-10-03","Harley's - MUM - BSE","BSE"
"93","Pack Of 4 Medoviks And 4 Macarons","ea","All Time Favourite Combinations","Product","Direct","OUT","BSE1 MUM","BSE1","2026-10-03 10:29:53","2026-10-03","Harley's - MUM - BSE","BSE"
"92","Pack Of 4 Cheesecakes And 4 Macarons","ea","All Time Favourite Combinations","Product","Direct","OUT","BSE1 MUM","BSE1","2026-10-03 10:29:53","2026-10-03","Harley's - MUM - BSE","BSE"
"135","Assorted French Macarons (Pack Of 24)","ea","Harley's Sweet Home Assortments","Product","Direct","OUT","BSE1 MUM","BSE1","2026-10-03 10:29:53","2026-10-03","Harley's - MUM - BSE","BSE"
"134","Assorted French Macarons (Pack Of 12)","ea","Harley's Sweet Home Assortments","Product","Direct","OUT","BSE1 MUM","BSE1","2026-10-03 10:29:53","2026-10-03","Harley's - MUM - BSE","BSE"
"136","Assorted French Macarons (Pack Of 5)","ea","Harley's Sweet Home Assortments","Product","Direct","OUT","BSE1 MUM","BSE1","2026-10-03 10:29:53","2026-10-03","Harley's - MUM - BSE","BSE"
"125","Strawberry Macarons (Pack Of 5)","ea","Harley's French Macarons","Product","Direct","OUT","BSE1 MUM","BSE1","2026-10-03 10:37:41","2026-10-03","Harley's - MUM - BSE","BSE"
"98","Passion Fruit & Lemon Fusion Macarons (Pack Of 5)","ea","Harley's French Macarons","Product","Direct","OUT","BSE1 MUM","BSE1","2026-10-03 10:37:41","2026-10-03","Harley's - MUM - BSE","BSE"
"61","Green Apple Macarons (Pack Of 5)","ea","Harley's French Macarons","Product","Direct","OUT","BSE1 MUM","BSE1","2026-10-03 10:37:41","2026-10-03","Harley's - MUM - BSE","BSE"
"148","Premium Blueberry Tres Leches [Pack Of 2]","ea","Exotic Tresley Cakes","Product","Direct","OUT","BSE1 MUM","BSE1","2026-10-03 10:39:50","2026-10-03","Harley's - MUM - BSE","BSE"
"154","Exotic Tresley Cakes [Pack of 6]","ea","Assorted Tresley Cake Packs","Product","Direct","OUT","BSE1 MUM","BSE1","2026-10-03 10:39:50","2026-10-03","Harley's - MUM - BSE","BSE"
"106","Premium Blueberry Tres Leches (Pack of 2)","ea","Tres Leches Cakes (Mexican Special)","Product","Direct","OUT","BSE1 MUM","BSE1","2026-10-03 10:39:50","2026-10-03","Harley's - MUM - BSE","BSE"
"86","Milk Bread(400G)","ea","Breads","Product","Direct","IN","BSE1 MUM","BSE1","2026-10-03 12:01:36","2026-10-03","Harley's - MUM - BSE","BSE"
"23","Belgium Chocolate Macarons (Pack Of 5)","ea","Harley's French Macarons","Product","Direct","IN","BSE1 MUM","BSE1","2026-10-03 12:01:55","2026-10-03","Harley's - MUM - BSE","BSE"
"37","Clementine Orange Macarons (Pack Of 5)","ea","Harley's French Macarons","Product","Direct","IN","BSE1 MUM","BSE1","2026-10-03 12:01:55","2026-10-03","Harley's - MUM - BSE","BSE"
"56","French Vanilla Macarons (Pack Of 5)","ea","Harley's French Macarons","Product","Direct","IN","BSE1 MUM","BSE1","2026-10-03 12:01:55","2026-10-03","Harley's - MUM - BSE","BSE"
"85","Mighty Mango Macarons (Pack Of 5)","ea","Harley's French Macarons","Product","Direct","IN","BSE1 MUM","BSE1","2026-10-03 12:01:55","2026-10-03","Harley's - MUM - BSE","BSE"
"111","Red Velvet Macarons (Pack Of 5)","ea","Harley's French Macarons","Product","Direct","IN","BSE1 MUM","BSE1","2026-10-03 12:01:55","2026-10-03","Harley's - MUM - BSE","BSE"
"26","Blueberry Macarons (Pack Of 5)","ea","Harley's French Macarons","Product","Direct","IN","BSE1 MUM","BSE1","2026-10-03 12:01:55","2026-10-03","Harley's - MUM - BSE","BSE"
"125","Strawberry Macarons (Pack Of 5)","ea","Harley's French Macarons","Product","Direct","IN","BSE1 MUM","BSE1","2026-10-03 12:01:55","2026-10-03","Harley's - MUM - BSE","BSE"
"98","Passion Fruit & Lemon Fusion Macarons (Pack Of 5)","ea","Harley's French Macarons","Product","Direct","IN","BSE1 MUM","BSE1","2026-10-03 12:01:55","2026-10-03","Harley's - MUM - BSE","BSE"
"61","Green Apple Macarons (Pack Of 5)","ea","Harley's French Macarons","Product","Direct","IN","BSE1 MUM","BSE1","2026-10-03 12:01:55","2026-10-03","Harley's - MUM - BSE","BSE"
"213","London Viral Whipped Caramel Medovik Cake","ea","Harley's Grand Celebration Medovik Cakes","Product","Direct","IN","BSE1 MUM","BSE1","2026-10-03 12:02:28","2026-10-03","Harley's - MUM - BSE","BSE"
"212","London Viral Whipped Caramel Medovik Cake","ea","Harley's Grand Celebration Medovik Cakes","Product","Direct","IN","BSE1 MUM","BSE1","2026-10-03 12:02:28","2026-10-03","Harley's - MUM - BSE","BSE"
"115","Signature Belgium Chocolate Medovik Cake","ea","Harley's Grand Celebration Medovik Cakes","Product","Direct","IN","BSE1 MUM","BSE1","2026-10-03 12:02:28","2026-10-03","Harley's - MUM - BSE","BSE"
"114","Signature Belgium Chocolate Medovik Cake","ea","Harley's Grand Celebration Medovik Cakes","Product","Direct","IN","BSE1 MUM","BSE1","2026-10-03 12:02:28","2026-10-03","Harley's - MUM - BSE","BSE"
"53","Ferrero Nutella Medovik Cake","ea","Harley's Grand Celebration Medovik Cakes","Product","Direct","IN","BSE1 MUM","BSE1","2026-10-03 12:02:28","2026-10-03","Harley's - MUM - BSE","BSE"
"54","Ferrero Nutella Medovik Cake","ea","Harley's Grand Celebration Medovik Cakes","Product","Direct","IN","BSE1 MUM","BSE1","2026-10-03 12:02:28","2026-10-03","Harley's - MUM - BSE","BSE"
"45","Danish Hazelnut Chocolate Medovik Cake","ea","Harley's Grand Celebration Medovik Cakes","Product","Direct","IN","BSE1 MUM","BSE1","2026-10-03 12:02:28","2026-10-03","Harley's - MUM - BSE","BSE"
"44","Danish Hazelnut Chocolate Medovik Cake","ea","Harley's Grand Celebration Medovik Cakes","Product","Direct","IN","BSE1 MUM","BSE1","2026-10-03 12:02:28","2026-10-03","Harley's - MUM - BSE","BSE"
"123","Sparkling Dark Chocolate Medovik Cake","ea","Harley's Grand Celebration Medovik Cakes","Product","Direct","IN","BSE1 MUM","BSE1","2026-10-03 12:02:28","2026-10-03","Harley's - MUM - BSE","BSE"
"122","Sparkling Dark Chocolate Medovik Cake","ea","Harley's Grand Celebration Medovik Cakes","Product","Direct","IN","BSE1 MUM","BSE1","2026-10-03 12:02:28","2026-10-03","Harley's - MUM - BSE","BSE"
"128","Swiss Black & White Chocolate Medovik Cake","ea","Harley's Grand Celebration Medovik Cakes","Product","Direct","IN","BSE1 MUM","BSE1","2026-10-03 12:02:28","2026-10-03","Harley's - MUM - BSE","BSE"
"127","Swiss Black & White Chocolate Medovik Cake","ea","Harley's Grand Celebration Medovik Cakes","Product","Direct","IN","BSE1 MUM","BSE1","2026-10-03 12:02:28","2026-10-03","Harley's - MUM - BSE","BSE"
"216","London Viral Whipped Caramel Medovik W/O Macaron","ea","Harley's Signature Medovik Pastry W/O Macaron","Product","Direct","IN","BSE1 MUM","BSE1","2026-10-03 12:02:35","2026-10-03","Harley's - MUM - BSE","BSE"
"97","Pack Of 9 Medoviks And 6 Macarons","ea","All Time Favourite Combinations","Product","Direct","IN","BSE1 MUM","BSE1","2026-10-03 12:02:45","2026-10-03","Harley's - MUM - BSE","BSE"
"96","Pack Of 9 Cheesecakes And 6 Macarons","ea","All Time Favourite Combinations","Product","Direct","IN","BSE1 MUM","BSE1","2026-10-03 12:02:45","2026-10-03","Harley's - MUM - BSE","BSE"
"95","Pack Of 6 Medoviks And 12 Macarons","ea","All Time Favourite Combinations","Product","Direct","IN","BSE1 MUM","BSE1","2026-10-03 12:02:45","2026-10-03","Harley's - MUM - BSE","BSE"
"94","Pack Of 6 Cheesecakes And 12 Macarons","ea","All Time Favourite Combinations","Product","Direct","IN","BSE1 MUM","BSE1","2026-10-03 12:02:45","2026-10-03","Harley's - MUM - BSE","BSE"
"93","Pack Of 4 Medoviks And 4 Macarons","ea","All Time Favourite Combinations","Product","Direct","IN","BSE1 MUM","BSE1","2026-10-03 12:02:45","2026-10-03","Harley's - MUM - BSE","BSE"
"92","Pack Of 4 Cheesecakes And 4 Macarons","ea","All Time Favourite Combinations","Product","Direct","IN","BSE1 MUM","BSE1","2026-10-03 12:02:45","2026-10-03","Harley's - MUM - BSE","BSE"
"135","Assorted French Macarons (Pack Of 24)","ea","Harley's Sweet Home Assortments","Product","Direct","IN","BSE1 MUM","BSE1","2026-10-03 12:02:52","2026-10-03","Harley's - MUM - BSE","BSE"
"134","Assorted French Macarons (Pack Of 12)","ea","Harley's Sweet Home Assortments","Product","Direct","IN","BSE1 MUM","BSE1","2026-10-03 12:02:52","2026-10-03","Harley's - MUM - BSE","BSE"
"136","Assorted French Macarons (Pack Of 5)","ea","Harley's Sweet Home Assortments","Product","Direct","IN","BSE1 MUM","BSE1","2026-10-03 12:02:52","2026-10-03","Harley's - MUM - BSE","BSE"
"214","London Viral Whipped Caramel Medovik With Macaron","ea","Harley's Signature Medovik Pastry","Product","Direct","IN","BSE1 MUM","BSE1","2026-10-03 12:02:59","2026-10-03","Harley's - MUM - BSE","BSE"
"151","Tiramisu Tres leches [Pack of 2]","ea","Exotic Tresley Cakes","Product","Direct","IN","BSE1 MUM","BSE1","2026-10-03 14:32:32","2026-10-03","Harley's - MUM - BSE","BSE"
"84","Lotus Biscoff Tres Leches (Pack of 2)","ea","Tres Leches Cakes (Mexican Special)","Product","Direct","IN","BSE1 MUM","BSE1","2026-10-03 14:32:32","2026-10-03","Harley's - MUM - BSE","BSE"
"24","Belgium Chocolate Tres Leches (Pack of 2)","ea","Tres Leches Cakes (Mexican Special)","Product","Direct","IN","BSE1 MUM","BSE1","2026-10-03 14:32:32","2026-10-03","Harley's - MUM - BSE","BSE"
"152","Belgium Chocolate Tres Leches [Pack of 2]","ea","Exotic Tresley Cakes","Product","Direct","IN","BSE1 MUM","BSE1","2026-10-03 14:32:32","2026-10-03","Harley's - MUM - BSE","BSE"
"150","Lotus Biscoff Tres Leches [Pack of 2]","ea","Exotic Tresley Cakes","Product","Direct","IN","BSE1 MUM","BSE1","2026-10-03 14:32:32","2026-10-03","Harley's - MUM - BSE","BSE"
"148","Premium Blueberry Tres Leches [Pack Of 2]","ea","Exotic Tresley Cakes","Product","Direct","IN","BSE1 MUM","BSE1","2026-10-03 14:32:32","2026-10-03","Harley's - MUM - BSE","BSE"
"154","Exotic Tresley Cakes [Pack of 6]","ea","Assorted Tresley Cake Packs","Product","Direct","IN","BSE1 MUM","BSE1","2026-10-03 14:32:32","2026-10-03","Harley's - MUM - BSE","BSE"
"106","Premium Blueberry Tres Leches (Pack of 2)","ea","Tres Leches Cakes (Mexican Special)","Product","Direct","IN","BSE1 MUM","BSE1","2026-10-03 14:32:32","2026-10-03","Harley's - MUM - BSE","BSE"
"130","Tiramisu Tres leches (Pack of 2)","ea","Tres Leches Cakes (Mexican Special)","Product","Direct","IN","MGR BSE MUM","MGRBSE1","2026-10-03 17:07:45","2026-10-03","Harley's - MUM - BSE","BSE"
"130","Tiramisu Tres leches (Pack of 2)","ea","Tres Leches Cakes (Mexican Special)","Product","Direct","OUT","BSE1 MUM","BSE1","2026-10-03 17:09:53","2026-10-03","Harley's - MUM - BSE","BSE"
"151","Tiramisu Tres leches [Pack of 2]","ea","Exotic Tresley Cakes","Product","Direct","OUT","BSE1 MUM","BSE1","2026-10-03 17:09:53","2026-10-03","Harley's - MUM - BSE","BSE"
"86","Milk Bread(400G)","ea","Breads","Product","Direct","IN","MGR PDM MUM","MGRPDM1","2026-10-03 10:52:08","2026-10-03","Harley's - MUM - Palladium Mall","PDM"
"NEW60","Cafe Latte","ea","Coffee Brews (Hot)","Product","Direct","IN","MGR PDM MUM","MGRPDM1","2026-10-03 10:52:08","2026-10-03","Harley's - MUM - Palladium Mall","PDM"
"NEW63","Cafe Mocha","ea","Coffee Brews (Hot)","Product","Direct","IN","MGR PDM MUM","MGRPDM1","2026-10-03 10:52:08","2026-10-03","Harley's - MUM - Palladium Mall","PDM"
"135","Assorted French Macarons (Pack Of 24)","ea","Harley's Sweet Home Assortments","Product","Direct","IN","PDM MUM","PDM1","2026-10-03 11:08:37","2026-10-03","Harley's - MUM - Palladium Mall","PDM"
"NEW62","Roasted Hazelnut Cappuccino","ea","Coffee Brews (Hot)","Product","Direct","OUT","MGR PDM MUM","MGRPDM1","2026-10-03 11:41:23","2026-10-03","Harley's - MUM - Palladium Mall","PDM"
"NEW59","Italian Cappuccino","ea","Coffee Brews (Hot)","Product","Direct","OUT","MGR PDM MUM","MGRPDM1","2026-10-03 11:41:23","2026-10-03","Harley's - MUM - Palladium Mall","PDM"
"NEW63","Cafe Mocha","ea","Coffee Brews (Hot)","Product","Direct","OUT","MGR PDM MUM","MGRPDM1","2026-10-03 11:41:23","2026-10-03","Harley's - MUM - Palladium Mall","PDM"
"NEW60","Cafe Latte","ea","Coffee Brews (Hot)","Product","Direct","OUT","MGR PDM MUM","MGRPDM1","2026-10-03 11:41:23","2026-10-03","Harley's - MUM - Palladium Mall","PDM"
"NEW51","Choco Medovik Hot Chocolate","ea","Cocoa Brews (Hot)","Product","Direct","OUT","MGR PDM MUM","MGRPDM1","2026-10-03 11:41:32","2026-10-03","Harley's - MUM - Palladium Mall","PDM"
"NEW50","Classic Hot Chocolate","ea","Cocoa Brews (Hot)","Product","Direct","OUT","MGR PDM MUM","MGRPDM1","2026-10-03 11:41:32","2026-10-03","Harley's - MUM - Palladium Mall","PDM"
"NEW49","Danish Hazelnut Hot Chocolate","ea","Cocoa Brews (Hot)","Product","Direct","OUT","MGR PDM MUM","MGRPDM1","2026-10-03 11:41:32","2026-10-03","Harley's - MUM - Palladium Mall","PDM"
"NEW62","Roasted Hazelnut Cappuccino","ea","Coffee Brews (Hot)","Product","Direct","IN","MGR PDM MUM","MGRPDM1","2026-10-03 13:05:49","2026-10-03","Harley's - MUM - Palladium Mall","PDM"
"NEW59","Italian Cappuccino","ea","Coffee Brews (Hot)","Product","Direct","IN","MGR PDM MUM","MGRPDM1","2026-10-03 13:05:49","2026-10-03","Harley's - MUM - Palladium Mall","PDM"
"NEW63","Cafe Mocha","ea","Coffee Brews (Hot)","Product","Direct","IN","MGR PDM MUM","MGRPDM1","2026-10-03 13:05:49","2026-10-03","Harley's - MUM - Palladium Mall","PDM"
"NEW60","Cafe Latte","ea","Coffee Brews (Hot)","Product","Direct","IN","MGR PDM MUM","MGRPDM1","2026-10-03 13:05:49","2026-10-03","Harley's - MUM - Palladium Mall","PDM"
"NEW51","Choco Medovik Hot Chocolate","ea","Cocoa Brews (Hot)","Product","Direct","IN","MGR PDM MUM","MGRPDM1","2026-10-03 13:05:49","2026-10-03","Harley's - MUM - Palladium Mall","PDM"
"NEW50","Classic Hot Chocolate","ea","Cocoa Brews (Hot)","Product","Direct","IN","MGR PDM MUM","MGRPDM1","2026-10-03 13:05:49","2026-10-03","Harley's - MUM - Palladium Mall","PDM"
"NEW49","Danish Hazelnut Hot Chocolate","ea","Cocoa Brews (Hot)","Product","Direct","IN","MGR PDM MUM","MGRPDM1","2026-10-03 13:05:49","2026-10-03","Harley's - MUM - Palladium Mall","PDM"
"105","Premium Banana Walnut Bar Cake (250 Gms)","ea","Barcakes & Muffins","Product","Direct","OUT","MGR JIO MUM","MGRJIO1","2026-10-03 13:24:04","2026-10-03","Harley's - MUM - Jio World","JW"
"106","Premium Blueberry Tres Leches (Pack of 2)","ea","Tres Leches Cakes (Mexican Special)","Product","Direct","OUT","MGR JIO MUM","MGRJIO1","2026-10-03 13:40:10","2026-10-03","Harley's - MUM - Jio World","JW"
"104","Pistachio Tres Leches (Pack of 2)","ea","Tres Leches Cakes (Mexican Special)","Product","Direct","OUT","MGR JIO MUM","MGRJIO1","2026-10-03 13:40:10","2026-10-03","Harley's - MUM - Jio World","JW"
"84","Lotus Biscoff Tres Leches (Pack of 2)","ea","Tres Leches Cakes (Mexican Special)","Product","Direct","OUT","MGR JIO MUM","MGRJIO1","2026-10-03 13:40:10","2026-10-03","Harley's - MUM - Jio World","JW"
"24","Belgium Chocolate Tres Leches (Pack of 2)","ea","Tres Leches Cakes (Mexican Special)","Product","Direct","OUT","MGR JIO MUM","MGRJIO1","2026-10-03 13:40:10","2026-10-03","Harley's - MUM - Jio World","JW"
"33","Choco Mawa Bar Cake 250 gms","ea","Barcakes & Muffins","Product","Direct","OUT","BKC1 MUM MUM","BKC2","2026-10-03 13:06:44","2026-10-03","Harley's - MUM - BKC","BKC"
"135","Assorted French Macarons (Pack Of 24)","ea","Harley's Sweet Home Assortments","Product","Direct","IN","BKC1 MUM MUM","BKC2","2026-10-03 13:24:21","2026-10-03","Harley's - MUM - BKC","BKC"
"111","Red Velvet Macarons (Pack Of 5)","ea","Harley's French Macarons","Product","Direct","IN","BKC1 MUM MUM","BKC2","2026-10-03 13:36:38","2026-10-03","Harley's - MUM - BKC","BKC"
"23","Belgium Chocolate Macarons (Pack Of 5)","ea","Harley's French Macarons","Product","Direct","IN","BKC1 MUM MUM","BKC2","2026-10-03 13:36:38","2026-10-03","Harley's - MUM - BKC","BKC"
"37","Clementine Orange Macarons (Pack Of 5)","ea","Harley's French Macarons","Product","Direct","IN","BKC1 MUM MUM","BKC2","2026-10-03 13:36:38","2026-10-03","Harley's - MUM - BKC","BKC"
"56","French Vanilla Macarons (Pack Of 5)","ea","Harley's French Macarons","Product","Direct","IN","BKC1 MUM MUM","BKC2","2026-10-03 13:36:38","2026-10-03","Harley's - MUM - BKC","BKC"
"85","Mighty Mango Macarons (Pack Of 5)","ea","Harley's French Macarons","Product","Direct","IN","BKC1 MUM MUM","BKC2","2026-10-03 13:36:38","2026-10-03","Harley's - MUM - BKC","BKC"
"26","Blueberry Macarons (Pack Of 5)","ea","Harley's French Macarons","Product","Direct","IN","BKC1 MUM MUM","BKC2","2026-10-03 13:36:38","2026-10-03","Harley's - MUM - BKC","BKC"
"33","Choco Mawa Bar Cake 250 gms","ea","Barcakes & Muffins","Product","Direct","IN","BKC1 MUM MUM","BKC2","2026-10-03 13:36:44","2026-10-03","Harley's - MUM - BKC","BKC"
"33","Choco Mawa Bar Cake 250 gms","ea","Barcakes & Muffins","Product","Direct","OUT","POWAI MUM MUM","POW1","2026-10-03 11:44:35","2026-10-03","Harley's - MUM - Powai","POW"
"47","Double Chocolate Bar Cake (250 gms)","ea","Barcakes & Muffins","Product","Direct","OUT","POWAI MUM MUM","POW1","2026-10-03 16:26:32","2026-10-03","Harley's - MUM - Powai","POW"
"64","Harley's Special Mawa Bar Cake (250 Gms)","ea","Barcakes & Muffins","Product","Direct","OUT","POWAI MUM MUM","POW1","2026-10-03 16:26:32","2026-10-03","Harley's - MUM - Powai","POW"
"134","Assorted French Macarons (Pack Of 12)","ea","Harley's Sweet Home Assortments","Product","Direct","OUT","Chembur2 MUM","CHM2","2026-10-03 11:06:54","2026-10-03","Harley's - MUM - Chembur","CHM"
"135","Assorted French Macarons (Pack Of 24)","ea","Harley's Sweet Home Assortments","Product","Direct","OUT","Chembur2 MUM","CHM2","2026-10-03 11:06:54","2026-10-03","Harley's - MUM - Chembur","CHM"
"136","Assorted French Macarons (Pack Of 5)","ea","Harley's Sweet Home Assortments","Product","Direct","OUT","Chembur2 MUM","CHM2","2026-10-03 11:06:54","2026-10-03","Harley's - MUM - Chembur","CHM"
"95","Pack Of 6 Medoviks And 12 Macarons","ea","All Time Favourite Combinations","Product","Direct","OUT","Chembur2 MUM","CHM2","2026-10-03 11:07:08","2026-10-03","Harley's - MUM - Chembur","CHM"
"94","Pack Of 6 Cheesecakes And 12 Macarons","ea","All Time Favourite Combinations","Product","Direct","OUT","Chembur2 MUM","CHM2","2026-10-03 11:07:08","2026-10-03","Harley's - MUM - Chembur","CHM"
"134","Assorted French Macarons (Pack Of 12)","ea","Harley's Sweet Home Assortments","Product","Direct","IN","Chembur2 MUM","CHM2","2026-10-03 11:12:36","2026-10-03","Harley's - MUM - Chembur","CHM"
"135","Assorted French Macarons (Pack Of 24)","ea","Harley's Sweet Home Assortments","Product","Direct","IN","Chembur2 MUM","CHM2","2026-10-03 11:12:36","2026-10-03","Harley's - MUM - Chembur","CHM"
"136","Assorted French Macarons (Pack Of 5)","ea","Harley's Sweet Home Assortments","Product","Direct","IN","Chembur2 MUM","CHM2","2026-10-03 11:12:36","2026-10-03","Harley's - MUM - Chembur","CHM"
"95","Pack Of 6 Medoviks And 12 Macarons","ea","All Time Favourite Combinations","Product","Direct","IN","Chembur2 MUM","CHM2","2026-10-03 11:12:46","2026-10-03","Harley's - MUM - Chembur","CHM"
"94","Pack Of 6 Cheesecakes And 12 Macarons","ea","All Time Favourite Combinations","Product","Direct","IN","Chembur2 MUM","CHM2","2026-10-03 11:12:46","2026-10-03","Harley's - MUM - Chembur","CHM"
"135","Assorted French Macarons (Pack Of 24)","ea","Harley's Sweet Home Assortments","Product","Direct","OUT","Chembur2 MUM","CHM2","2026-10-03 11:32:11","2026-10-03","Harley's - MUM - Chembur","CHM"
"134","Assorted French Macarons (Pack Of 12)","ea","Harley's Sweet Home Assortments","Product","Direct","OUT","Chembur2 MUM","CHM2","2026-10-03 11:32:11","2026-10-03","Harley's - MUM - Chembur","CHM"
"92","Pack Of 4 Cheesecakes And 4 Macarons","ea","All Time Favourite Combinations","Product","Direct","OUT","Chembur2 MUM","CHM2","2026-10-03 12:10:38","2026-10-03","Harley's - MUM - Chembur","CHM"
"93","Pack Of 4 Medoviks And 4 Macarons","ea","All Time Favourite Combinations","Product","Direct","OUT","Chembur2 MUM","CHM2","2026-10-03 12:10:38","2026-10-03","Harley's - MUM - Chembur","CHM"
"94","Pack Of 6 Cheesecakes And 12 Macarons","ea","All Time Favourite Combinations","Product","Direct","OUT","Chembur2 MUM","CHM2","2026-10-03 12:10:38","2026-10-03","Harley's - MUM - Chembur","CHM"
"95","Pack Of 6 Medoviks And 12 Macarons","ea","All Time Favourite Combinations","Product","Direct","OUT","Chembur2 MUM","CHM2","2026-10-03 12:10:38","2026-10-03","Harley's - MUM - Chembur","CHM"
"96","Pack Of 9 Cheesecakes And 6 Macarons","ea","All Time Favourite Combinations","Product","Direct","OUT","Chembur2 MUM","CHM2","2026-10-03 12:10:38","2026-10-03","Harley's - MUM - Chembur","CHM"
"97","Pack Of 9 Medoviks And 6 Macarons","ea","All Time Favourite Combinations","Product","Direct","OUT","Chembur2 MUM","CHM2","2026-10-03 12:10:38","2026-10-03","Harley's - MUM - Chembur","CHM"
"136","Assorted French Macarons (Pack Of 5)","ea","Harley's Sweet Home Assortments","Product","Direct","OUT","Chembur2 MUM","CHM2","2026-10-03 12:10:46","2026-10-03","Harley's - MUM - Chembur","CHM"
"27","Blueberry Muffin (Pack Of 2)","ea","Barcakes & Muffins","Product","Direct","OUT","Chembur2 MUM","CHM2","2026-10-03 13:26:42","2026-10-03","Harley's - MUM - Chembur","CHM"
"92","Pack Of 4 Cheesecakes And 4 Macarons","ea","All Time Favourite Combinations","Product","Direct","IN","Chembur2 MUM","CHM2","2026-10-03 14:32:43","2026-10-03","Harley's - MUM - Chembur","CHM"
"93","Pack Of 4 Medoviks And 4 Macarons","ea","All Time Favourite Combinations","Product","Direct","IN","Chembur2 MUM","CHM2","2026-10-03 14:32:43","2026-10-03","Harley's - MUM - Chembur","CHM"
"94","Pack Of 6 Cheesecakes And 12 Macarons","ea","All Time Favourite Combinations","Product","Direct","IN","Chembur2 MUM","CHM2","2026-10-03 14:32:43","2026-10-03","Harley's - MUM - Chembur","CHM"
"95","Pack Of 6 Medoviks And 12 Macarons","ea","All Time Favourite Combinations","Product","Direct","IN","Chembur2 MUM","CHM2","2026-10-03 14:32:43","2026-10-03","Harley's - MUM - Chembur","CHM"
"96","Pack Of 9 Cheesecakes And 6 Macarons","ea","All Time Favourite Combinations","Product","Direct","IN","Chembur2 MUM","CHM2","2026-10-03 14:32:43","2026-10-03","Harley's - MUM - Chembur","CHM"
"97","Pack Of 9 Medoviks And 6 Macarons","ea","All Time Favourite Combinations","Product","Direct","IN","Chembur2 MUM","CHM2","2026-10-03 14:32:43","2026-10-03","Harley's - MUM - Chembur","CHM"
"135","Assorted French Macarons (Pack Of 24)","ea","Harley's Sweet Home Assortments","Product","Direct","IN","Chembur2 MUM","CHM2","2026-10-03 14:32:53","2026-10-03","Harley's - MUM - Chembur","CHM"
"134","Assorted French Macarons (Pack Of 12)","ea","Harley's Sweet Home Assortments","Product","Direct","IN","Chembur2 MUM","CHM2","2026-10-03 14:32:53","2026-10-03","Harley's - MUM - Chembur","CHM"
"136","Assorted French Macarons (Pack Of 5)","ea","Harley's Sweet Home Assortments","Product","Direct","IN","Chembur2 MUM","CHM2","2026-10-03 14:32:53","2026-10-03","Harley's - MUM - Chembur","CHM"
"64","Harley's Special Mawa Bar Cake (250 Gms)","ea","Barcakes & Muffins","Product","Direct","OUT","Chembur2 MUM","CHM2","2026-10-03 14:56:16","2026-10-03","Harley's - MUM - Chembur","CHM"
"34","Chocochip Muffin (Pack Of 2)","ea","Barcakes & Muffins","Product","Direct","IN","Chembur2 MUM","CHM2","2026-10-03 15:29:53","2026-10-03","Harley's - MUM - Chembur","CHM"
"47","Double Chocolate Bar Cake (250 gms)","ea","Barcakes & Muffins","Product","Direct","IN","Chembur2 MUM","CHM2","2026-10-03 15:29:53","2026-10-03","Harley's - MUM - Chembur","CHM"
"105","Premium Banana Walnut Bar Cake (250 Gms)","ea","Barcakes & Muffins","Product","Direct","IN","Chembur2 MUM","CHM2","2026-10-03 15:29:53","2026-10-03","Harley's - MUM - Chembur","CHM"
"33","Choco Mawa Bar Cake 250 gms","ea","Barcakes & Muffins","Product","Direct","IN","Chembur2 MUM","CHM2","2026-10-03 15:29:53","2026-10-03","Harley's - MUM - Chembur","CHM"
"27","Blueberry Muffin (Pack Of 2)","ea","Barcakes & Muffins","Product","Direct","IN","Chembur2 MUM","CHM2","2026-10-03 15:29:53","2026-10-03","Harley's - MUM - Chembur","CHM"
"64","Harley's Special Mawa Bar Cake (250 Gms)","ea","Barcakes & Muffins","Product","Direct","IN","Chembur2 MUM","CHM2","2026-10-03 15:29:53","2026-10-03","Harley's - MUM - Chembur","CHM"
"35","Classic Butter Croissants (Pack Of 2)","ea","Croissants","Product","Direct","IN","Chembur2 MUM","CHM2","2026-10-03 15:29:58","2026-10-03","Harley's - MUM - Chembur","CHM"
"64","Harley's Special Mawa Bar Cake (250 Gms)","ea","Barcakes & Muffins","Product","Direct","OUT","Juhu2 MUM","JUHU2","2026-10-03 06:12:11","2026-10-03","Harley's - MUM - Juhu","JUHU"
"33","Choco Mawa Bar Cake 250 gms","ea","Barcakes & Muffins","Product","Direct","OUT","Juhu2 MUM","JUHU2","2026-10-03 06:12:11","2026-10-03","Harley's - MUM - Juhu","JUHU"
"27","Blueberry Muffin (Pack Of 2)","ea","Barcakes & Muffins","Product","Direct","OUT","Juhu2 MUM","JUHU2","2026-10-03 06:12:15","2026-10-03","Harley's - MUM - Juhu","JUHU"
"105","Premium Banana Walnut Bar Cake (250 Gms)","ea","Barcakes & Muffins","Product","Direct","IN","Juhu2 MUM","JUHU2","2026-10-03 15:46:14","2026-10-03","Harley's - MUM - Juhu","JUHU"
"64","Harley's Special Mawa Bar Cake (250 Gms)","ea","Barcakes & Muffins","Product","Direct","IN","Juhu2 MUM","JUHU2","2026-10-03 15:46:14","2026-10-03","Harley's - MUM - Juhu","JUHU"
"33","Choco Mawa Bar Cake 250 gms","ea","Barcakes & Muffins","Product","Direct","IN","Juhu2 MUM","JUHU2","2026-10-03 15:46:14","2026-10-03","Harley's - MUM - Juhu","JUHU"
"27","Blueberry Muffin (Pack Of 2)","ea","Barcakes & Muffins","Product","Direct","IN","Juhu2 MUM","JUHU2","2026-10-03 15:46:14","2026-10-03","Harley's - MUM - Juhu","JUHU"
"101","Pistachio Delight Medovik Cake","ea","Harley's Grand Celebration Medovik Cakes","Product","Direct","IN","Ghatkopar MUM","GHT1","2026-10-03 08:49:14","2026-10-03","Harley's - MUM - Ghatkopar","GHT"
"34","Chocochip Muffin (Pack Of 2)","ea","Barcakes & Muffins","Product","Direct","OUT","Ghatkopar MUM","GHT1","2026-10-03 08:49:27","2026-10-03","Harley's - MUM - Ghatkopar","GHT"
"47","Double Chocolate Bar Cake (250 gms)","ea","Barcakes & Muffins","Product","Direct","IN","Ghatkopar MUM","GHT1","2026-10-03 11:09:18","2026-10-03","Harley's - MUM - Ghatkopar","GHT"
"21","Belgium Chocolate Cheesecake With Macaron","ea","Finely Baked Cheesecake Pastry","Product","Direct","OUT","Thane MUM","THN1","2026-10-03 14:44:36","2026-10-03","Harley's - MUM - Thane","THN"
"21","Belgium Chocolate Cheesecake With Macaron","ea","Finely Baked Cheesecake Pastry","Product","Direct","IN","Thane MUM","THN1","2026-10-03 14:44:47","2026-10-03","Harley's - MUM - Thane","THN"
"73","Italian Tiramisu Medovik Cake","ea","Harley's Grand Celebration Medovik Cakes","Product","Direct","OUT","Thane MUM","THN1","2026-10-03 15:07:27","2026-10-03","Harley's - MUM - Thane","THN"
"27","Blueberry Muffin (Pack Of 2)","ea","Barcakes & Muffins","Product","Direct","OUT","Malad2 MUM","MAL2","2026-10-03 10:33:44","2026-10-03","Harley's - MUM - Malad","MAL"
"33","Choco Mawa Bar Cake 250 gms","ea","Barcakes & Muffins","Product","Direct","OUT","Malad2 MUM","MAL2","2026-10-03 10:33:44","2026-10-03","Harley's - MUM - Malad","MAL"
"47","Double Chocolate Bar Cake (250 gms)","ea","Barcakes & Muffins","Product","Direct","OUT","Malad2 MUM","MAL2","2026-10-03 10:33:44","2026-10-03","Harley's - MUM - Malad","MAL"
"37","Clementine Orange Macarons (Pack Of 5)","ea","Harley's French Macarons","Product","Direct","IN","Malad2 MUM","MAL2","2026-10-03 10:35:36","2026-10-03","Harley's - MUM - Malad","MAL"
"27","Blueberry Muffin (Pack Of 2)","ea","Barcakes & Muffins","Product","Direct","IN","Malad2 MUM","MAL2","2026-10-03 11:00:35","2026-10-03","Harley's - MUM - Malad","MAL"
"33","Choco Mawa Bar Cake 250 gms","ea","Barcakes & Muffins","Product","Direct","IN","Malad2 MUM","MAL2","2026-10-03 11:00:35","2026-10-03","Harley's - MUM - Malad","MAL"
"47","Double Chocolate Bar Cake (250 gms)","ea","Barcakes & Muffins","Product","Direct","IN","Malad2 MUM","MAL2","2026-10-03 11:00:35","2026-10-03","Harley's - MUM - Malad","MAL"
"47","Double Chocolate Bar Cake (250 gms)","ea","Barcakes & Muffins","Product","Direct","OUT","Malad2 MUM","MAL2","2026-10-03 12:06:44","2026-10-03","Harley's - MUM - Malad","MAL"
"111","Red Velvet Macarons (Pack Of 5)","ea","Harley's French Macarons","Product","Direct","IN","Malad2 MUM","MAL2","2026-10-03 16:46:58","2026-10-03","Harley's - MUM - Malad","MAL"
"23","Belgium Chocolate Macarons (Pack Of 5)","ea","Harley's French Macarons","Product","Direct","IN","Malad2 MUM","MAL2","2026-10-03 16:46:58","2026-10-03","Harley's - MUM - Malad","MAL"
"56","French Vanilla Macarons (Pack Of 5)","ea","Harley's French Macarons","Product","Direct","IN","Malad2 MUM","MAL2","2026-10-03 16:46:58","2026-10-03","Harley's - MUM - Malad","MAL"
"33","Choco Mawa Bar Cake 250 gms","ea","Barcakes & Muffins","Product","Direct","OUT","Malad2 MUM","MAL2","2026-10-03 16:47:18","2026-10-03","Harley's - MUM - Malad","MAL"
"92","Pack Of 4 Cheesecakes And 4 Macarons","ea","All Time Favourite Combinations","Product","Direct","OUT","Borivali2 MUM","BOR2","2026-10-03 17:05:47","2026-10-03","Harley's - MUM - Borivali","BOR"
"93","Pack Of 4 Medoviks And 4 Macarons","ea","All Time Favourite Combinations","Product","Direct","OUT","Borivali2 MUM","BOR2","2026-10-03 17:05:47","2026-10-03","Harley's - MUM - Borivali","BOR"
"94","Pack Of 6 Cheesecakes And 12 Macarons","ea","All Time Favourite Combinations","Product","Direct","OUT","Borivali2 MUM","BOR2","2026-10-03 17:05:47","2026-10-03","Harley's - MUM - Borivali","BOR"
"95","Pack Of 6 Medoviks And 12 Macarons","ea","All Time Favourite Combinations","Product","Direct","OUT","Borivali2 MUM","BOR2","2026-10-03 17:06:01","2026-10-03","Harley's - MUM - Borivali","BOR"
"97","Pack Of 9 Medoviks And 6 Macarons","ea","All Time Favourite Combinations","Product","Direct","OUT","Borivali2 MUM","BOR2","2026-10-03 17:06:01","2026-10-03","Harley's - MUM - Borivali","BOR"
"82","Lotus Biscoff Medovik Cake","ea","Harley's Grand Celebration Medovik Cakes","Product","Direct","OUT","Borivali2 MUM","BOR2","2026-10-03 17:10:15","2026-10-03","Harley's - MUM - Borivali","BOR"
"81","Lotus Biscoff Medovik Cake","ea","Harley's Grand Celebration Medovik Cakes","Product","Direct","OUT","Borivali2 MUM","BOR2","2026-10-03 17:10:15","2026-10-03","Harley's - MUM - Borivali","BOR"
"73","Italian Tiramisu Medovik Cake","ea","Harley's Grand Celebration Medovik Cakes","Product","Direct","OUT","Borivali2 MUM","BOR2","2026-10-03 17:10:15","2026-10-03","Harley's - MUM - Borivali","BOR"
"72","Italian Tiramisu Medovik Cake","ea","Harley's Grand Celebration Medovik Cakes","Product","Direct","OUT","Borivali2 MUM","BOR2","2026-10-03 17:10:15","2026-10-03","Harley's - MUM - Borivali","BOR"
"53","Ferrero Nutella Medovik Cake","ea","Harley's Grand Celebration Medovik Cakes","Product","Direct","OUT","Borivali2 MUM","BOR2","2026-10-03 17:10:15","2026-10-03","Harley's - MUM - Borivali","BOR"
"54","Ferrero Nutella Medovik Cake","ea","Harley's Grand Celebration Medovik Cakes","Product","Direct","OUT","Borivali2 MUM","BOR2","2026-10-03 17:10:15","2026-10-03","Harley's - MUM - Borivali","BOR"
"213","London Viral Whipped Caramel Medovik Cake","ea","Harley's Grand Celebration Medovik Cakes","Product","Direct","OUT","Borivali2 MUM","BOR2","2026-10-03 17:10:15","2026-10-03","Harley's - MUM - Borivali","BOR"
"212","London Viral Whipped Caramel Medovik Cake","ea","Harley's Grand Celebration Medovik Cakes","Product","Direct","OUT","Borivali2 MUM","BOR2","2026-10-03 17:10:15","2026-10-03","Harley's - MUM - Borivali","BOR"
"127","Swiss Black & White Chocolate Medovik Cake","ea","Harley's Grand Celebration Medovik Cakes","Product","Direct","OUT","Borivali2 MUM","BOR2","2026-10-03 17:10:15","2026-10-03","Harley's - MUM - Borivali","BOR"
"128","Swiss Black & White Chocolate Medovik Cake","ea","Harley's Grand Celebration Medovik Cakes","Product","Direct","OUT","Borivali2 MUM","BOR2","2026-10-03 17:10:15","2026-10-03","Harley's - MUM - Borivali","BOR"
"123","Sparkling Dark Chocolate Medovik Cake","ea","Harley's Grand Celebration Medovik Cakes","Product","Direct","OUT","Borivali2 MUM","BOR2","2026-10-03 17:10:15","2026-10-03","Harley's - MUM - Borivali","BOR"
"122","Sparkling Dark Chocolate Medovik Cake","ea","Harley's Grand Celebration Medovik Cakes","Product","Direct","OUT","Borivali2 MUM","BOR2","2026-10-03 17:10:15","2026-10-03","Harley's - MUM - Borivali","BOR"
"115","Signature Belgium Chocolate Medovik Cake","ea","Harley's Grand Celebration Medovik Cakes","Product","Direct","OUT","Borivali2 MUM","BOR2","2026-10-03 17:10:15","2026-10-03","Harley's - MUM - Borivali","BOR"
"114","Signature Belgium Chocolate Medovik Cake","ea","Harley's Grand Celebration Medovik Cakes","Product","Direct","OUT","Borivali2 MUM","BOR2","2026-10-03 17:10:15","2026-10-03","Harley's - MUM - Borivali","BOR"
"108","Premium Butterscotch Medovik Cake","ea","Harley's Grand Celebration Medovik Cakes","Product","Direct","OUT","Borivali2 MUM","BOR2","2026-10-03 17:10:15","2026-10-03","Harley's - MUM - Borivali","BOR"
"109","Premium Butterscotch Medovik Cake","ea","Harley's Grand Celebration Medovik Cakes","Product","Direct","OUT","Borivali2 MUM","BOR2","2026-10-03 17:10:15","2026-10-03","Harley's - MUM - Borivali","BOR"
"100","Pistachio Delight Medovik Cake","ea","Harley's Grand Celebration Medovik Cakes","Product","Direct","OUT","Borivali2 MUM","BOR2","2026-10-03 17:10:15","2026-10-03","Harley's - MUM - Borivali","BOR"
"101","Pistachio Delight Medovik Cake","ea","Harley's Grand Celebration Medovik Cakes","Product","Direct","OUT","Borivali2 MUM","BOR2","2026-10-03 17:10:15","2026-10-03","Harley's - MUM - Borivali","BOR"
"67","Harley's Spl. Classic Russian Medovik Cake","ea","Harley's Grand Celebration Medovik Cakes","Product","Direct","OUT","Borivali2 MUM","BOR2","2026-10-03 17:10:15","2026-10-03","Harley's - MUM - Borivali","BOR"
"66","Harley's Spl. Classic Russian Medovik Cake","ea","Harley's Grand Celebration Medovik Cakes","Product","Direct","OUT","Borivali2 MUM","BOR2","2026-10-03 17:10:15","2026-10-03","Harley's - MUM - Borivali","BOR"
"45","Danish Hazelnut Chocolate Medovik Cake","ea","Harley's Grand Celebration Medovik Cakes","Product","Direct","OUT","Borivali2 MUM","BOR2","2026-10-03 17:10:15","2026-10-03","Harley's - MUM - Borivali","BOR"
"44","Danish Hazelnut Chocolate Medovik Cake","ea","Harley's Grand Celebration Medovik Cakes","Product","Direct","OUT","Borivali2 MUM","BOR2","2026-10-03 17:10:15","2026-10-03","Harley's - MUM - Borivali","BOR"
"49","Ferrero Nutella Cheesecake","ea","Harley's Gourmet Celebration Cheesecakes","Product","Direct","OUT","Borivali2 MUM","BOR2","2026-10-03 17:10:22","2026-10-03","Harley's - MUM - Borivali","BOR"
"50","Ferrero Nutella Cheesecake","ea","Harley's Gourmet Celebration Cheesecakes","Product","Direct","OUT","Borivali2 MUM","BOR2","2026-10-03 17:10:22","2026-10-03","Harley's - MUM - Borivali","BOR"
"19","Belgium Chocolate Cheesecake","ea","Harley's Gourmet Celebration Cheesecakes","Product","Direct","OUT","Borivali2 MUM","BOR2","2026-10-03 17:10:22","2026-10-03","Harley's - MUM - Borivali","BOR"
"20","Belgium Chocolate Cheesecake","ea","Harley's Gourmet Celebration Cheesecakes","Product","Direct","OUT","Borivali2 MUM","BOR2","2026-10-03 17:10:22","2026-10-03","Harley's - MUM - Borivali","BOR"
"77","Lotus Biscoff Cheesecake","ea","Harley's Gourmet Celebration Cheesecakes","Product","Direct","OUT","Borivali2 MUM","BOR2","2026-10-03 17:10:22","2026-10-03","Harley's - MUM - Borivali","BOR"
"76","Lotus Biscoff Cheesecake","ea","Harley's Gourmet Celebration Cheesecakes","Product","Direct","OUT","Borivali2 MUM","BOR2","2026-10-03 17:10:22","2026-10-03","Harley's - MUM - Borivali","BOR"
"40","Danish Hazelnut Cheesecake","ea","Harley's Gourmet Celebration Cheesecakes","Product","Direct","OUT","Borivali2 MUM","BOR2","2026-10-03 17:10:22","2026-10-03","Harley's - MUM - Borivali","BOR"
"39","Danish Hazelnut Cheesecake","ea","Harley's Gourmet Celebration Cheesecakes","Product","Direct","OUT","Borivali2 MUM","BOR2","2026-10-03 17:10:22","2026-10-03","Harley's - MUM - Borivali","BOR"
"30","Chef's Favourite Blueberry Cheesecake","ea","Harley's Gourmet Celebration Cheesecakes","Product","Direct","OUT","Borivali2 MUM","BOR2","2026-10-03 17:10:22","2026-10-03","Harley's - MUM - Borivali","BOR"
"31","Chef's Favourite Blueberry Cheesecake","ea","Harley's Gourmet Celebration Cheesecakes","Product","Direct","OUT","Borivali2 MUM","BOR2","2026-10-03 17:10:22","2026-10-03","Harley's - MUM - Borivali","BOR"
"83","Lotus Biscoff Medovik With Macaron","ea","Harley's Signature Medovik Pastry","Product","Direct","OUT","Borivali2 MUM","BOR2","2026-10-03 17:10:28","2026-10-03","Harley's - MUM - Borivali","BOR"
"74","Italian Tiramisu Medovik With Macaron","ea","Harley's Signature Medovik Pastry","Product","Direct","OUT","Borivali2 MUM","BOR2","2026-10-03 17:10:28","2026-10-03","Harley's - MUM - Borivali","BOR"
"68","Harley's Spl. Classic Russian Medovik With Macaron","ea","Harley's Signature Medovik Pastry","Product","Direct","OUT","Borivali2 MUM","BOR2","2026-10-03 17:10:28","2026-10-03","Harley's - MUM - Borivali","BOR"
"57","French Vanilla Rose Medovik With Macaron","ea","Harley's Signature Medovik Pastry","Product","Direct","OUT","Borivali2 MUM","BOR2","2026-10-03 17:10:28","2026-10-03","Harley's - MUM - Borivali","BOR"
"55","Ferrero Nutella Medovik With Macaron","ea","Harley's Signature Medovik Pastry","Product","Direct","OUT","Borivali2 MUM","BOR2","2026-10-03 17:10:28","2026-10-03","Harley's - MUM - Borivali","BOR"
"46","Danish Hazelnut Chocolate Medovik With Macaron","ea","Harley's Signature Medovik Pastry","Product","Direct","OUT","Borivali2 MUM","BOR2","2026-10-03 17:10:28","2026-10-03","Harley's - MUM - Borivali","BOR"
"214","London Viral Whipped Caramel Medovik With Macaron","ea","Harley's Signature Medovik Pastry","Product","Direct","OUT","Borivali2 MUM","BOR2","2026-10-03 17:10:28","2026-10-03","Harley's - MUM - Borivali","BOR"
"16","Austrian White Forest Medovik With Macaron","ea","Harley's Signature Medovik Pastry","Product","Direct","OUT","Borivali2 MUM","BOR2","2026-10-03 17:10:28","2026-10-03","Harley's - MUM - Borivali","BOR"
"129","Swiss Black & White Medovik With Macaron","ea","Harley's Signature Medovik Pastry","Product","Direct","OUT","Borivali2 MUM","BOR2","2026-10-03 17:10:28","2026-10-03","Harley's - MUM - Borivali","BOR"
"124","Sparkling Dark Chocolate Medovik With Macaron","ea","Harley's Signature Medovik Pastry","Product","Direct","OUT","Borivali2 MUM","BOR2","2026-10-03 17:10:28","2026-10-03","Harley's - MUM - Borivali","BOR"
"116","Signature Belgium Chocolate Medovik With Macaron","ea","Harley's Signature Medovik Pastry","Product","Direct","OUT","Borivali2 MUM","BOR2","2026-10-03 17:10:28","2026-10-03","Harley's - MUM - Borivali","BOR"
"102","Pistachio Delight Medovik With Macaron","ea","Harley's Signature Medovik Pastry","Product","Direct","OUT","Borivali2 MUM","BOR2","2026-10-03 17:10:28","2026-10-03","Harley's - MUM - Borivali","BOR"
"110","Premium Butterscotch Medovik With Macaron","ea","Harley's Signature Medovik Pastry","Product","Direct","OUT","Borivali2 MUM","BOR2","2026-10-03 17:10:28","2026-10-03","Harley's - MUM - Borivali","BOR"
"78","Lotus Biscoff Cheesecake With Macaron","ea","Finely Baked Cheesecake Pastry","Product","Direct","OUT","Borivali2 MUM","BOR2","2026-10-03 17:10:37","2026-10-03","Harley's - MUM - Borivali","BOR"
"51","Ferrero Nutella Cheesecake With Macaron","ea","Finely Baked Cheesecake Pastry","Product","Direct","OUT","Borivali2 MUM","BOR2","2026-10-03 17:10:37","2026-10-03","Harley's - MUM - Borivali","BOR"
"41","Danish Hazelnut Cheesecake With Macaron","ea","Finely Baked Cheesecake Pastry","Product","Direct","OUT","Borivali2 MUM","BOR2","2026-10-03 17:10:37","2026-10-03","Harley's - MUM - Borivali","BOR"
"32","Chef's Favourite Blueberry Cheesecake With Macaron","ea","Finely Baked Cheesecake Pastry","Product","Direct","OUT","Borivali2 MUM","BOR2","2026-10-03 17:10:37","2026-10-03","Harley's - MUM - Borivali","BOR"
"21","Belgium Chocolate Cheesecake With Macaron","ea","Finely Baked Cheesecake Pastry","Product","Direct","OUT","Borivali2 MUM","BOR2","2026-10-03 17:10:37","2026-10-03","Harley's - MUM - Borivali","BOR"
"63","Harley's Signatures (Pack of 8)","ea","Chef's Table","Product","Direct","OUT","Borivali2 MUM","BOR2","2026-10-03 17:11:02","2026-10-03","Harley's - MUM - Borivali","BOR"
"NEW43","House Blend Roasted Hazelnut Shake","ea","Cake Shake Indulgence","Product","Direct","IN","JP 1 BNG","JPN1","2026-10-03 07:40:33","2026-10-03","Harley's - BLR - JP Nagar","JPN"
"NEW42","Italian Pistachio Medovik Shake","ea","Cake Shake Indulgence","Product","Direct","IN","JP 1 BNG","JPN1","2026-10-03 07:40:33","2026-10-03","Harley's - BLR - JP Nagar","JPN"
"NEW41","Belgium Chocolate Medovik Shake","ea","Cake Shake Indulgence","Product","Direct","IN","JP 1 BNG","JPN1","2026-10-03 07:40:33","2026-10-03","Harley's - BLR - JP Nagar","JPN"
"NEW40","Tiramisu Medovik Coffee Shake","ea","Cake Shake Indulgence","Product","Direct","IN","JP 1 BNG","JPN1","2026-10-03 07:40:33","2026-10-03","Harley's - BLR - JP Nagar","JPN"
"NEW39","American Blueberry Cake Shake","ea","Cake Shake Indulgence","Product","Direct","IN","JP 1 BNG","JPN1","2026-10-03 07:40:33","2026-10-03","Harley's - BLR - JP Nagar","JPN"
"NEW62","Roasted Hazelnut Cappuccino","ea","Coffee Brews (Hot)","Product","Direct","IN","JP 1 BNG","JPN1","2026-10-03 07:40:33","2026-10-03","Harley's - BLR - JP Nagar","JPN"
"NEW59","Italian Cappuccino","ea","Coffee Brews (Hot)","Product","Direct","IN","JP 1 BNG","JPN1","2026-10-03 07:40:33","2026-10-03","Harley's - BLR - JP Nagar","JPN"
"K3G17","Caffe Latte","ea","Coffee Brews (Hot)","Product","Direct","IN","JP 1 BNG","JPN1","2026-10-03 07:40:33","2026-10-03","Harley's - BLR - JP Nagar","JPN"
"NEW63","Cafe Mocha","ea","Coffee Brews (Hot)","Product","Direct","IN","JP 1 BNG","JPN1","2026-10-03 07:40:33","2026-10-03","Harley's - BLR - JP Nagar","JPN"
"NEW60","Cafe Latte","ea","Coffee Brews (Hot)","Product","Direct","IN","JP 1 BNG","JPN1","2026-10-03 07:40:33","2026-10-03","Harley's - BLR - JP Nagar","JPN"
"NEW55","All Time Classic Cold Coffee","ea","Coffee Brews (Cold)","Product","Direct","IN","JP 1 BNG","JPN1","2026-10-03 07:40:33","2026-10-03","Harley's - BLR - JP Nagar","JPN"
"NEW54","Vietnamese Cold Coffee","ea","Coffee Brews (Cold)","Product","Direct","IN","JP 1 BNG","JPN1","2026-10-03 07:40:33","2026-10-03","Harley's - BLR - JP Nagar","JPN"
"NEW53","White Russian Cold Coffee","ea","Coffee Brews (Cold)","Product","Direct","IN","JP 1 BNG","JPN1","2026-10-03 07:40:33","2026-10-03","Harley's - BLR - JP Nagar","JPN"
"NEW52","Choco Mocha Cold Coffee","ea","Coffee Brews (Cold)","Product","Direct","IN","JP 1 BNG","JPN1","2026-10-03 07:40:33","2026-10-03","Harley's - BLR - JP Nagar","JPN"
"NEW58","Classic Americano","ea","Coffee Brews (Hot)","Product","Direct","IN","JP 1 BNG","JPN1","2026-10-03 07:40:33","2026-10-03","Harley's - BLR - JP Nagar","JPN"
"NEW57","Iced Americano","ea","Coffee Brews (Cold)","Product","Direct","IN","JP 1 BNG","JPN1","2026-10-03 07:40:33","2026-10-03","Harley's - BLR - JP Nagar","JPN"
"NEW61","Espresso (Doppio)","ea","Coffee Brews (Hot)","Product","Direct","IN","JP 1 BNG","JPN1","2026-10-03 07:40:33","2026-10-03","Harley's - BLR - JP Nagar","JPN"
"K3G6","Espresso Single Shot","ea","Coffee Brews (Hot)","Product","Direct","IN","JP 1 BNG","JPN1","2026-10-03 07:40:33","2026-10-03","Harley's - BLR - JP Nagar","JPN"
"154","Exotic Tresley Cakes [Pack of 6]","ea","Assorted Tresley Cake Packs","Product","Direct","OUT","JP 1 BNG","JPN1","2026-10-03 07:40:49","2026-10-03","Harley's - BLR - JP Nagar","JPN"
"114","Signature Belgium Chocolate Medovik Cake","ea","Harley's Grand Celebration Medovik Cakes","Product","Direct","OUT","JP 1 BNG","JPN1","2026-10-03 07:42:56","2026-10-03","Harley's - BLR - JP Nagar","JPN"
"44","Danish Hazelnut Chocolate Medovik Cake","ea","Harley's Grand Celebration Medovik Cakes","Product","Direct","OUT","JP 1 BNG","JPN1","2026-10-03 07:43:05","2026-10-03","Harley's - BLR - JP Nagar","JPN"
"127","Swiss Black & White Chocolate Medovik Cake","ea","Harley's Grand Celebration Medovik Cakes","Product","Direct","OUT","JP 1 BNG","JPN1","2026-10-03 07:43:11","2026-10-03","Harley's - BLR - JP Nagar","JPN"
"53","Ferrero Nutella Medovik Cake","ea","Harley's Grand Celebration Medovik Cakes","Product","Direct","OUT","JP 1 BNG","JPN1","2026-10-03 07:43:42","2026-10-03","Harley's - BLR - JP Nagar","JPN"
"NEW56","Signature Cold Coffee Frappe","ea","Cocoa Brews (Chocolate Frappe)","Product","Direct","IN","JP 1 BNG","JPN1","2026-10-03 07:44:35","2026-10-03","Harley's - BLR - JP Nagar","JPN"
"NEW47","Belgium Double Chocolate Frappe","ea","Cocoa Brews (Chocolate Frappe)","Product","Direct","IN","JP 1 BNG","JPN1","2026-10-03 07:44:35","2026-10-03","Harley's - BLR - JP Nagar","JPN"
"NEW46","American Almond Chocolate Frappe","ea","Cocoa Brews (Chocolate Frappe)","Product","Direct","IN","JP 1 BNG","JPN1","2026-10-03 07:44:35","2026-10-03","Harley's - BLR - JP Nagar","JPN"
"NEW45","Danish Hazelnut Chocolate Frappe","ea","Cocoa Brews (Chocolate Frappe)","Product","Direct","IN","JP 1 BNG","JPN1","2026-10-03 07:44:35","2026-10-03","Harley's - BLR - JP Nagar","JPN"
"NEW44","Dubai Pistachio Chocolate Frappe","ea","Cocoa Brews (Chocolate Frappe)","Product","Direct","IN","JP 1 BNG","JPN1","2026-10-03 07:44:35","2026-10-03","Harley's - BLR - JP Nagar","JPN"
"105","Premium Banana Walnut Bar Cake (250 Gms)","ea","Barcakes & Muffins","Product","Direct","OUT","JP 1 BNG","JPN1","2026-10-03 07:57:58","2026-10-03","Harley's - BLR - JP Nagar","JPN"
"64","Harley's Special Mawa Bar Cake (250 Gms)","ea","Barcakes & Muffins","Product","Direct","OUT","JP 1 BNG","JPN1","2026-10-03 07:58:07","2026-10-03","Harley's - BLR - JP Nagar","JPN"
"33","Choco Mawa Bar Cake 250 gms","ea","Barcakes & Muffins","Product","Direct","OUT","JP 1 BNG","JPN1","2026-10-03 07:58:07","2026-10-03","Harley's - BLR - JP Nagar","JPN"
"47","Double Chocolate Bar Cake (250 gms)","ea","Barcakes & Muffins","Product","Direct","OUT","JP 1 BNG","JPN1","2026-10-03 07:58:24","2026-10-03","Harley's - BLR - JP Nagar","JPN"
"122","Sparkling Dark Chocolate Medovik Cake","ea","Harley's Grand Celebration Medovik Cakes","Product","Direct","OUT","JP 1 BNG","JPN1","2026-10-03 08:08:36","2026-10-03","Harley's - BLR - JP Nagar","JPN"
"104","Pistachio Tres Leches (Pack of 2)","ea","Tres Leches Cakes (Mexican Special)","Product","Direct","OUT","JP 1 BNG","JPN1","2026-10-03 08:09:47","2026-10-03","Harley's - BLR - JP Nagar","JPN"
"149","Pistachio Tres Leches [Pack of 2]","ea","Exotic Tresley Cakes","Product","Direct","OUT","JP 1 BNG","JPN1","2026-10-03 08:09:47","2026-10-03","Harley's - BLR - JP Nagar","JPN"
"105","Premium Banana Walnut Bar Cake (250 Gms)","ea","Barcakes & Muffins","Product","Direct","IN","JP 1 BNG","JPN1","2026-10-03 08:10:07","2026-10-03","Harley's - BLR - JP Nagar","JPN"
"64","Harley's Special Mawa Bar Cake (250 Gms)","ea","Barcakes & Muffins","Product","Direct","IN","JP 1 BNG","JPN1","2026-10-03 08:10:07","2026-10-03","Harley's - BLR - JP Nagar","JPN"
"33","Choco Mawa Bar Cake 250 gms","ea","Barcakes & Muffins","Product","Direct","IN","JP 1 BNG","JPN1","2026-10-03 08:10:07","2026-10-03","Harley's - BLR - JP Nagar","JPN"
"47","Double Chocolate Bar Cake (250 gms)","ea","Barcakes & Muffins","Product","Direct","IN","JP 1 BNG","JPN1","2026-10-03 08:10:07","2026-10-03","Harley's - BLR - JP Nagar","JPN"
"23","Belgium Chocolate Macarons (Pack Of 5)","ea","Harley's French Macarons","Product","Direct","OUT","JP 1 BNG","JPN1","2026-10-03 08:29:17","2026-10-03","Harley's - BLR - JP Nagar","JPN"
"125","Strawberry Macarons (Pack Of 5)","ea","Harley's French Macarons","Product","Direct","OUT","JP 1 BNG","JPN1","2026-10-03 08:29:17","2026-10-03","Harley's - BLR - JP Nagar","JPN"
"84","Lotus Biscoff Tres Leches (Pack of 2)","ea","Tres Leches Cakes (Mexican Special)","Product","Direct","OUT","JP 1 BNG","JPN1","2026-10-03 10:42:39","2026-10-03","Harley's - BLR - JP Nagar","JPN"
"150","Lotus Biscoff Tres Leches [Pack of 2]","ea","Exotic Tresley Cakes","Product","Direct","OUT","JP 1 BNG","JPN1","2026-10-03 10:42:39","2026-10-03","Harley's - BLR - JP Nagar","JPN"
"54","Ferrero Nutella Medovik Cake","ea","Harley's Grand Celebration Medovik Cakes","Product","Direct","IN","JP 1 BNG","JPN1","2026-10-03 11:02:00","2026-10-03","Harley's - BLR - JP Nagar","JPN"
"128","Swiss Black & White Chocolate Medovik Cake","ea","Harley's Grand Celebration Medovik Cakes","Product","Direct","IN","JP 1 BNG","JPN1","2026-10-03 11:02:00","2026-10-03","Harley's - BLR - JP Nagar","JPN"
"123","Sparkling Dark Chocolate Medovik Cake","ea","Harley's Grand Celebration Medovik Cakes","Product","Direct","IN","JP 1 BNG","JPN1","2026-10-03 11:02:00","2026-10-03","Harley's - BLR - JP Nagar","JPN"
"115","Signature Belgium Chocolate Medovik Cake","ea","Harley's Grand Celebration Medovik Cakes","Product","Direct","IN","JP 1 BNG","JPN1","2026-10-03 11:02:00","2026-10-03","Harley's - BLR - JP Nagar","JPN"
"45","Danish Hazelnut Chocolate Medovik Cake","ea","Harley's Grand Celebration Medovik Cakes","Product","Direct","IN","JP 1 BNG","JPN1","2026-10-03 11:02:00","2026-10-03","Harley's - BLR - JP Nagar","JPN"
"114","Signature Belgium Chocolate Medovik Cake","ea","Harley's Grand Celebration Medovik Cakes","Product","Direct","IN","JP 1 BNG","JPN1","2026-10-03 11:02:00","2026-10-03","Harley's - BLR - JP Nagar","JPN"
"44","Danish Hazelnut Chocolate Medovik Cake","ea","Harley's Grand Celebration Medovik Cakes","Product","Direct","IN","JP 1 BNG","JPN1","2026-10-03 11:02:00","2026-10-03","Harley's - BLR - JP Nagar","JPN"
"127","Swiss Black & White Chocolate Medovik Cake","ea","Harley's Grand Celebration Medovik Cakes","Product","Direct","IN","JP 1 BNG","JPN1","2026-10-03 11:02:00","2026-10-03","Harley's - BLR - JP Nagar","JPN"
"53","Ferrero Nutella Medovik Cake","ea","Harley's Grand Celebration Medovik Cakes","Product","Direct","IN","JP 1 BNG","JPN1","2026-10-03 11:02:00","2026-10-03","Harley's - BLR - JP Nagar","JPN"
"122","Sparkling Dark Chocolate Medovik Cake","ea","Harley's Grand Celebration Medovik Cakes","Product","Direct","IN","JP 1 BNG","JPN1","2026-10-03 11:02:00","2026-10-03","Harley's - BLR - JP Nagar","JPN"
"35","Classic Butter Croissants (Pack Of 2)","ea","Croissants","Product","Direct","IN","JP 1 BNG","JPN1","2026-10-03 11:02:17","2026-10-03","Harley's - BLR - JP Nagar","JPN"
"NEW103","Classic Butter Croissant","ea","Croissants","Product","Direct","IN","JP 1 BNG","JPN1","2026-10-03 11:02:17","2026-10-03","Harley's - BLR - JP Nagar","JPN"
"22","Belgium Chocolate Criossant","ea","Croissants","Product","Direct","IN","JP 1 BNG","JPN1","2026-10-03 11:02:17","2026-10-03","Harley's - BLR - JP Nagar","JPN"
"NEW51","Choco Medovik Hot Chocolate","ea","Cocoa Brews (Hot)","Product","Direct","IN","JP 1 BNG","JPN1","2026-10-03 11:03:27","2026-10-03","Harley's - BLR - JP Nagar","JPN"
"NEW50","Classic Hot Chocolate","ea","Cocoa Brews (Hot)","Product","Direct","IN","JP 1 BNG","JPN1","2026-10-03 11:03:27","2026-10-03","Harley's - BLR - JP Nagar","JPN"
"NEW49","Danish Hazelnut Hot Chocolate","ea","Cocoa Brews (Hot)","Product","Direct","IN","JP 1 BNG","JPN1","2026-10-03 11:03:27","2026-10-03","Harley's - BLR - JP Nagar","JPN"
"125","Strawberry Macarons (Pack Of 5)","ea","Harley's French Macarons","Product","Direct","IN","JP 1 BNG","JPN1","2026-10-03 12:31:43","2026-10-03","Harley's - BLR - JP Nagar","JPN"
"23","Belgium Chocolate Macarons (Pack Of 5)","ea","Harley's French Macarons","Product","Direct","IN","JP 1 BNG","JPN1","2026-10-03 12:31:49","2026-10-03","Harley's - BLR - JP Nagar","JPN"
"NEW204","Exotic Tresley Cakes (Pack of 6)","ea","Harley's Sweet Home Assortments","Product","Direct","IN","JP 1 BNG","JPN1","2026-10-03 12:55:34","2026-10-03","Harley's - BLR - JP Nagar","JPN"
"147","Classic Mexican Tres Leches [Pack Of 2]","ea","Exotic Tresley Cakes","Product","Direct","IN","JP 1 BNG","JPN1","2026-10-03 12:55:34","2026-10-03","Harley's - BLR - JP Nagar","JPN"
"36","Classic Mexican Tres Leches  (Pack of 2)","ea","Tres Leches Cakes (Mexican Special)","Product","Direct","IN","JP 1 BNG","JPN1","2026-10-03 12:55:34","2026-10-03","Harley's - BLR - JP Nagar","JPN"
"154","Exotic Tresley Cakes [Pack of 6]","ea","Assorted Tresley Cake Packs","Product","Direct","IN","JP 1 BNG","JPN1","2026-10-03 12:55:34","2026-10-03","Harley's - BLR - JP Nagar","JPN"
"104","Pistachio Tres Leches (Pack of 2)","ea","Tres Leches Cakes (Mexican Special)","Product","Direct","IN","JP 1 BNG","JPN1","2026-10-03 12:55:34","2026-10-03","Harley's - BLR - JP Nagar","JPN"
"149","Pistachio Tres Leches [Pack of 2]","ea","Exotic Tresley Cakes","Product","Direct","IN","JP 1 BNG","JPN1","2026-10-03 12:55:34","2026-10-03","Harley's - BLR - JP Nagar","JPN"
"84","Lotus Biscoff Tres Leches (Pack of 2)","ea","Tres Leches Cakes (Mexican Special)","Product","Direct","IN","JP 1 BNG","JPN1","2026-10-03 12:55:34","2026-10-03","Harley's - BLR - JP Nagar","JPN"
"150","Lotus Biscoff Tres Leches [Pack of 2]","ea","Exotic Tresley Cakes","Product","Direct","IN","JP 1 BNG","JPN1","2026-10-03 12:55:34","2026-10-03","Harley's - BLR - JP Nagar","JPN"
"34","Chocochip Muffin (Pack Of 2)","ea","Barcakes & Muffins","Product","Direct","IN","JP 1 BNG","JPN1","2026-10-03 12:57:42","2026-10-03","Harley's - BLR - JP Nagar","JPN"
"34","Chocochip Muffin (Pack Of 2)","ea","Barcakes & Muffins","Product","Direct","OUT","JP 1 BNG","JPN1","2026-10-03 15:54:22","2026-10-03","Harley's - BLR - JP Nagar","JPN"
"213","London Viral Whipped Caramel Medovik Cake","ea","Harley's Grand Celebration Medovik Cakes","Product","Direct","IN","TAB1 MOA BNG","TABMOA1","2026-10-03 09:30:42","2026-10-03","Harley's - BLR - Mall of Asia","MOA"
"212","London Viral Whipped Caramel Medovik Cake","ea","Harley's Grand Celebration Medovik Cakes","Product","Direct","IN","TAB1 MOA BNG","TABMOA1","2026-10-03 09:30:42","2026-10-03","Harley's - BLR - Mall of Asia","MOA"
"214","London Viral Whipped Caramel Medovik With Macaron","ea","Harley's Signature Medovik Pastry","Product","Direct","IN","TAB1 MOA BNG","TABMOA1","2026-10-03 09:33:16","2026-10-03","Harley's - BLR - Mall of Asia","MOA"
"73","Italian Tiramisu Medovik Cake","ea","Harley's Grand Celebration Medovik Cakes","Product","Direct","OUT","TAB1 MOA BNG","TABMOA1","2026-10-03 15:05:27","2026-10-03","Harley's - BLR - Mall of Asia","MOA"
"67","Harley's Spl. Classic Russian Medovik Cake","ea","Harley's Grand Celebration Medovik Cakes","Product","Direct","OUT","TAB1 MOA BNG","TABMOA1","2026-10-03 15:51:01","2026-10-03","Harley's - BLR - Mall of Asia","MOA"
"66","Harley's Spl. Classic Russian Medovik Cake","ea","Harley's Grand Celebration Medovik Cakes","Product","Direct","OUT","TAB1 MOA BNG","TABMOA1","2026-10-03 15:51:01","2026-10-03","Harley's - BLR - Mall of Asia","MOA"
"105","Premium Banana Walnut Bar Cake (250 Gms)","ea","Barcakes & Muffins","Product","Direct","OUT","TAB1 MOA BNG","TABMOA1","2026-10-03 16:23:07","2026-10-03","Harley's - BLR - Mall of Asia","MOA"
"109","Premium Butterscotch Medovik Cake","ea","Harley's Grand Celebration Medovik Cakes","Product","Direct","OUT","MNG PTP","MGRPTP1","2026-10-03 10:03:16","2026-10-03","Harley's - BLR - Prestige Tech Park","PTP"
"108","Premium Butterscotch Medovik Cake","ea","Harley's Grand Celebration Medovik Cakes","Product","Direct","OUT","MNG PTP","MGRPTP1","2026-10-03 10:03:16","2026-10-03","Harley's - BLR - Prestige Tech Park","PTP"
"119","Smoky Caramel Cheesecake","ea","Harley's Gourmet Celebration Cheesecakes","Product","Direct","OUT","MNG PTP","MGRPTP1","2026-10-03 10:03:16","2026-10-03","Harley's - BLR - Prestige Tech Park","PTP"
"118","Smoky Caramel Cheesecake","ea","Harley's Gourmet Celebration Cheesecakes","Product","Direct","OUT","MNG PTP","MGRPTP1","2026-10-03 10:03:16","2026-10-03","Harley's - BLR - Prestige Tech Park","PTP"
"120","Smoky Caramel Cheesecake With Macaron","ea","Finely Baked Cheesecake Pastry","Product","Direct","OUT","MNG PTP","MGRPTP1","2026-10-03 10:03:56","2026-10-03","Harley's - BLR - Prestige Tech Park","PTP"
"34","Chocochip Muffin (Pack Of 2)","ea","Barcakes & Muffins","Product","Direct","OUT","MNG PTP","MGRPTP1","2026-10-03 10:04:08","2026-10-03","Harley's - BLR - Prestige Tech Park","PTP"
"33","Choco Mawa Bar Cake 250 gms","ea","Barcakes & Muffins","Product","Direct","OUT","MNG PTP","MGRPTP1","2026-10-03 10:04:08","2026-10-03","Harley's - BLR - Prestige Tech Park","PTP"
"109","Premium Butterscotch Medovik Cake","ea","Harley's Grand Celebration Medovik Cakes","Product","Direct","IN","MNG PTP","MGRPTP1","2026-10-03 12:46:45","2026-10-03","Harley's - BLR - Prestige Tech Park","PTP"
"108","Premium Butterscotch Medovik Cake","ea","Harley's Grand Celebration Medovik Cakes","Product","Direct","IN","MNG PTP","MGRPTP1","2026-10-03 12:46:45","2026-10-03","Harley's - BLR - Prestige Tech Park","PTP"
"119","Smoky Caramel Cheesecake","ea","Harley's Gourmet Celebration Cheesecakes","Product","Direct","IN","MNG PTP","MGRPTP1","2026-10-03 12:46:45","2026-10-03","Harley's - BLR - Prestige Tech Park","PTP"
"118","Smoky Caramel Cheesecake","ea","Harley's Gourmet Celebration Cheesecakes","Product","Direct","IN","MNG PTP","MGRPTP1","2026-10-03 12:46:45","2026-10-03","Harley's - BLR - Prestige Tech Park","PTP"
"120","Smoky Caramel Cheesecake With Macaron","ea","Finely Baked Cheesecake Pastry","Product","Direct","IN","MNG PTP","MGRPTP1","2026-10-03 12:46:45","2026-10-03","Harley's - BLR - Prestige Tech Park","PTP"
"35","Classic Butter Croissants (Pack Of 2)","ea","Croissants","Product","Direct","OUT","Whitefield2 BNG","WHT2","2026-10-03 09:08:41","2026-10-03","Harley's - BLR - Whitefield","WHT"
"27","Blueberry Muffin (Pack Of 2)","ea","Barcakes & Muffins","Product","Direct","OUT","Whitefield2 BNG","WHT2","2026-10-03 10:35:49","2026-10-03","Harley's - BLR - Whitefield","WHT"
"64","Harley's Special Mawa Bar Cake (250 Gms)","ea","Barcakes & Muffins","Product","Direct","OUT","Whitefield2 BNG","WHT2","2026-10-03 10:35:49","2026-10-03","Harley's - BLR - Whitefield","WHT"
"53","Ferrero Nutella Medovik Cake","ea","Harley's Grand Celebration Medovik Cakes","Product","Direct","OUT","Whitefield2 BNG","WHT2","2026-10-03 10:56:14","2026-10-03","Harley's - BLR - Whitefield","WHT"
"128","Swiss Black & White Chocolate Medovik Cake","ea","Harley's Grand Celebration Medovik Cakes","Product","Direct","IN","Whitefield2 BNG","WHT2","2026-10-03 14:55:37","2026-10-03","Harley's - BLR - Whitefield","WHT"
"127","Swiss Black & White Chocolate Medovik Cake","ea","Harley's Grand Celebration Medovik Cakes","Product","Direct","IN","Whitefield2 BNG","WHT2","2026-10-03 14:55:37","2026-10-03","Harley's - BLR - Whitefield","WHT"
"123","Sparkling Dark Chocolate Medovik Cake","ea","Harley's Grand Celebration Medovik Cakes","Product","Direct","IN","Whitefield2 BNG","WHT2","2026-10-03 14:55:37","2026-10-03","Harley's - BLR - Whitefield","WHT"
"115","Signature Belgium Chocolate Medovik Cake","ea","Harley's Grand Celebration Medovik Cakes","Product","Direct","IN","Whitefield2 BNG","WHT2","2026-10-03 14:55:37","2026-10-03","Harley's - BLR - Whitefield","WHT"
"45","Danish Hazelnut Chocolate Medovik Cake","ea","Harley's Grand Celebration Medovik Cakes","Product","Direct","IN","Whitefield2 BNG","WHT2","2026-10-03 14:55:37","2026-10-03","Harley's - BLR - Whitefield","WHT"
"122","Sparkling Dark Chocolate Medovik Cake","ea","Harley's Grand Celebration Medovik Cakes","Product","Direct","IN","Whitefield2 BNG","WHT2","2026-10-03 14:55:37","2026-10-03","Harley's - BLR - Whitefield","WHT"
"114","Signature Belgium Chocolate Medovik Cake","ea","Harley's Grand Celebration Medovik Cakes","Product","Direct","IN","Whitefield2 BNG","WHT2","2026-10-03 14:55:37","2026-10-03","Harley's - BLR - Whitefield","WHT"
"44","Danish Hazelnut Chocolate Medovik Cake","ea","Harley's Grand Celebration Medovik Cakes","Product","Direct","IN","Whitefield2 BNG","WHT2","2026-10-03 14:55:37","2026-10-03","Harley's - BLR - Whitefield","WHT"
"53","Ferrero Nutella Medovik Cake","ea","Harley's Grand Celebration Medovik Cakes","Product","Direct","IN","Whitefield2 BNG","WHT2","2026-10-03 14:55:37","2026-10-03","Harley's - BLR - Whitefield","WHT"
"54","Ferrero Nutella Medovik Cake","ea","Harley's Grand Celebration Medovik Cakes","Product","Direct","IN","Whitefield2 BNG","WHT2","2026-10-03 14:55:40","2026-10-03","Harley's - BLR - Whitefield","WHT"
"33","Choco Mawa Bar Cake 250 gms","ea","Barcakes & Muffins","Product","Direct","IN","Whitefield2 BNG","WHT2","2026-10-03 14:55:48","2026-10-03","Harley's - BLR - Whitefield","WHT"
"27","Blueberry Muffin (Pack Of 2)","ea","Barcakes & Muffins","Product","Direct","IN","Whitefield2 BNG","WHT2","2026-10-03 14:55:48","2026-10-03","Harley's - BLR - Whitefield","WHT"
"64","Harley's Special Mawa Bar Cake (250 Gms)","ea","Barcakes & Muffins","Product","Direct","IN","Whitefield2 BNG","WHT2","2026-10-03 14:55:48","2026-10-03","Harley's - BLR - Whitefield","WHT"
"35","Classic Butter Croissants (Pack Of 2)","ea","Croissants","Product","Direct","IN","Whitefield2 BNG","WHT2","2026-10-03 14:55:51","2026-10-03","Harley's - BLR - Whitefield","WHT"
"100","Pistachio Delight Medovik Cake","ea","Harley's Grand Celebration Medovik Cakes","Product","Direct","OUT","Whitefield2 BNG","WHT2","2026-10-03 15:26:51","2026-10-03","Harley's - BLR - Whitefield","WHT"
"102","Pistachio Delight Medovik With Macaron","ea","Harley's Signature Medovik Pastry","Product","Direct","OUT","Whitefield2 BNG","WHT2","2026-10-03 15:59:40","2026-10-03","Harley's - BLR - Whitefield","WHT"
"134","Assorted French Macarons (Pack Of 12)","ea","Harley's Sweet Home Assortments","Product","Direct","OUT","Whitefield2 BNG","WHT2","2026-10-03 17:08:26","2026-10-03","Harley's - BLR - Whitefield","WHT"
"64","Harley's Special Mawa Bar Cake (250 Gms)","ea","Barcakes & Muffins","Product","Direct","OUT","Indira Nagar BNG","ING1","2026-10-03 10:14:05","2026-10-03","Harley's - BLR - Indira Nagar","IN"
"33","Choco Mawa Bar Cake 250 gms","ea","Barcakes & Muffins","Product","Direct","OUT","Indira Nagar BNG","ING1","2026-10-03 10:14:05","2026-10-03","Harley's - BLR - Indira Nagar","IN"
"73","Italian Tiramisu Medovik Cake","ea","Harley's Grand Celebration Medovik Cakes","Product","Direct","IN","Malleshwaram BNG","MSW1","2026-10-03 12:52:12","2026-10-03","Harley's - BLR - Malleshwaram","MSW"
"72","Italian Tiramisu Medovik Cake","ea","Harley's Grand Celebration Medovik Cakes","Product","Direct","IN","Malleshwaram BNG","MSW1","2026-10-03 12:52:12","2026-10-03","Harley's - BLR - Malleshwaram","MSW"
"213","London Viral Whipped Caramel Medovik Cake","ea","Harley's Grand Celebration Medovik Cakes","Product","Direct","IN","Malleshwaram BNG","MSW1","2026-10-03 12:52:24","2026-10-03","Harley's - BLR - Malleshwaram","MSW"
"212","London Viral Whipped Caramel Medovik Cake","ea","Harley's Grand Celebration Medovik Cakes","Product","Direct","IN","Malleshwaram BNG","MSW1","2026-10-03 12:52:24","2026-10-03","Harley's - BLR - Malleshwaram","MSW"
"111","Red Velvet Macarons (Pack Of 5)","ea","Harley's French Macarons","Product","Direct","IN","Yelahanka BNG","YEL1","2026-10-03 10:13:47","2026-10-03","Harleys - BLR - Yelahanka","YEL"
"56","French Vanilla Macarons (Pack Of 5)","ea","Harley's French Macarons","Product","Direct","IN","Yelahanka BNG","YEL1","2026-10-03 10:13:47","2026-10-03","Harleys - BLR - Yelahanka","YEL"
"61","Green Apple Macarons (Pack Of 5)","ea","Harley's French Macarons","Product","Direct","IN","Yelahanka BNG","YEL1","2026-10-03 10:13:47","2026-10-03","Harleys - BLR - Yelahanka","YEL"
"105","Premium Banana Walnut Bar Cake (250 Gms)","ea","Barcakes & Muffins","Product","Direct","OUT","Yelahanka BNG","YEL1","2026-10-03 10:14:15","2026-10-03","Harleys - BLR - Yelahanka","YEL"
"64","Harley's Special Mawa Bar Cake (250 Gms)","ea","Barcakes & Muffins","Product","Direct","OUT","Yelahanka BNG","YEL1","2026-10-03 10:14:15","2026-10-03","Harleys - BLR - Yelahanka","YEL"
"47","Double Chocolate Bar Cake (250 gms)","ea","Barcakes & Muffins","Product","Direct","OUT","Yelahanka BNG","YEL1","2026-10-03 10:14:15","2026-10-03","Harleys - BLR - Yelahanka","YEL"
"34","Chocochip Muffin (Pack Of 2)","ea","Barcakes & Muffins","Product","Direct","OUT","Yelahanka BNG","YEL1","2026-10-03 10:14:15","2026-10-03","Harleys - BLR - Yelahanka","YEL"
"33","Choco Mawa Bar Cake 250 gms","ea","Barcakes & Muffins","Product","Direct","OUT","Yelahanka BNG","YEL1","2026-10-03 10:14:15","2026-10-03","Harleys - BLR - Yelahanka","YEL"
"27","Blueberry Muffin (Pack Of 2)","ea","Barcakes & Muffins","Product","Direct","OUT","Yelahanka BNG","YEL1","2026-10-03 10:14:15","2026-10-03","Harleys - BLR - Yelahanka","YEL"
"30","Chef's Favourite Blueberry Cheesecake","ea","Harley's Gourmet Celebration Cheesecakes","Product","Direct","OUT","BAS2 BNG","BAS2","2026-10-03 08:49:45","2026-10-03","Harley's - BLR - Basaveshwara Nagar","BAS"
"31","Chef's Favourite Blueberry Cheesecake","ea","Harley's Gourmet Celebration Cheesecakes","Product","Direct","OUT","BAS2 BNG","BAS2","2026-10-03 08:49:45","2026-10-03","Harley's - BLR - Basaveshwara Nagar","BAS"
"97","Pack Of 9 Medoviks And 6 Macarons","ea","All Time Favourite Combinations","Product","Direct","OUT","BAS2 BNG","BAS2","2026-10-03 08:49:51","2026-10-03","Harley's - BLR - Basaveshwara Nagar","BAS"
"138","Assorted Medoviks (Pack Of 12)","ea","Harley's Sweet Home Assortments","Product","Direct","OUT","BAS2 BNG","BAS2","2026-10-03 08:50:07","2026-10-03","Harley's - BLR - Basaveshwara Nagar","BAS"
"97","Pack Of 9 Medoviks And 6 Macarons","ea","All Time Favourite Combinations","Product","Direct","IN","BAS2 BNG","BAS2","2026-10-03 12:49:42","2026-10-03","Harley's - BLR - Basaveshwara Nagar","BAS"
"138","Assorted Medoviks (Pack Of 12)","ea","Harley's Sweet Home Assortments","Product","Direct","IN","BAS2 BNG","BAS2","2026-10-03 12:49:42","2026-10-03","Harley's - BLR - Basaveshwara Nagar","BAS"
"136","Assorted French Macarons (Pack Of 5)","ea","Harley's Sweet Home Assortments","Product","Direct","IN","BAS2 BNG","BAS2","2026-10-03 13:42:51","2026-10-03","Harley's - BLR - Basaveshwara Nagar","BAS"
"30","Chef's Favourite Blueberry Cheesecake","ea","Harley's Gourmet Celebration Cheesecakes","Product","Direct","IN","BAS2 BNG","BAS2","2026-10-03 15:53:20","2026-10-03","Harley's - BLR - Basaveshwara Nagar","BAS"
"31","Chef's Favourite Blueberry Cheesecake","ea","Harley's Gourmet Celebration Cheesecakes","Product","Direct","IN","BAS2 BNG","BAS2","2026-10-03 15:53:20","2026-10-03","Harley's - BLR - Basaveshwara Nagar","BAS"
"95","Pack Of 6 Medoviks And 12 Macarons","ea","All Time Favourite Combinations","Product","Direct","IN","BAS2 BNG","BAS2","2026-10-03 15:53:40","2026-10-03","Harley's - BLR - Basaveshwara Nagar","BAS"
"94","Pack Of 6 Cheesecakes And 12 Macarons","ea","All Time Favourite Combinations","Product","Direct","IN","BAS2 BNG","BAS2","2026-10-03 15:53:40","2026-10-03","Harley's - BLR - Basaveshwara Nagar","BAS"
"134","Assorted French Macarons (Pack Of 12)","ea","Harley's Sweet Home Assortments","Product","Direct","OUT","New Bel Road BNG","BELN1","2026-10-03 11:10:58","2026-10-03","Harley's - BLR- New Bel Road","BELN"
"134","Assorted French Macarons (Pack Of 12)","ea","Harley's Sweet Home Assortments","Product","Direct","IN","New Bel Road BNG","BELN1","2026-10-03 12:30:00","2026-10-03","Harley's - BLR- New Bel Road","BELN"
"67","Harley's Spl. Classic Russian Medovik Cake","ea","Harley's Grand Celebration Medovik Cakes","Product","Direct","OUT","New Bel Road BNG","BELN1","2026-10-03 14:49:57","2026-10-03","Harley's - BLR- New Bel Road","BELN"
"109","Premium Butterscotch Medovik Cake","ea","Harley's Grand Celebration Medovik Cakes","Product","Direct","OUT","New Bel Road BNG","BELN1","2026-10-03 14:49:57","2026-10-03","Harley's - BLR- New Bel Road","BELN"
"63","Harley's Signatures (Pack of 8)","ea","Chef's Table","Product","Direct","IN","New Bel Road BNG","BELN1","2026-10-03 16:52:39","2026-10-03","Harley's - BLR- New Bel Road","BELN"
"67","Harley's Spl. Classic Russian Medovik Cake","ea","Harley's Grand Celebration Medovik Cakes","Product","Direct","IN","New Bel Road BNG","BELN1","2026-10-03 16:52:39","2026-10-03","Harley's - BLR- New Bel Road","BELN"
"109","Premium Butterscotch Medovik Cake","ea","Harley's Grand Celebration Medovik Cakes","Product","Direct","IN","New Bel Road BNG","BELN1","2026-10-03 16:52:39","2026-10-03","Harley's - BLR- New Bel Road","BELN"
"134","Assorted French Macarons (Pack Of 12)","ea","Harley's Sweet Home Assortments","Product","Direct","OUT","Sarjapur BNG","SAR1","2026-10-03 12:53:12","2026-10-03","Harley's - BLR - Sarjapur","SAR"
"135","Assorted French Macarons (Pack Of 24)","ea","Harley's Sweet Home Assortments","Product","Direct","OUT","Sarjapur BNG","SAR1","2026-10-03 12:53:12","2026-10-03","Harley's - BLR - Sarjapur","SAR"
"27","Blueberry Muffin (Pack Of 2)","ea","Barcakes & Muffins","Product","Direct","IN","Sarjapur BNG","SAR1","2026-10-03 13:23:17","2026-10-03","Harley's - BLR - Sarjapur","SAR"
"105","Premium Banana Walnut Bar Cake (250 Gms)","ea","Barcakes & Muffins","Product","Direct","IN","Sarjapur BNG","SAR1","2026-10-03 13:23:17","2026-10-03","Harley's - BLR - Sarjapur","SAR"
"35","Classic Butter Croissants (Pack Of 2)","ea","Croissants","Product","Direct","IN","Sarjapur BNG","SAR1","2026-10-03 13:23:17","2026-10-03","Harley's - BLR - Sarjapur","SAR"
"22","Belgium Chocolate Criossant","ea","Croissants","Product","Direct","IN","Sarjapur BNG","SAR1","2026-10-03 13:23:17","2026-10-03","Harley's - BLR - Sarjapur","SAR"
"134","Assorted French Macarons (Pack Of 12)","ea","Harley's Sweet Home Assortments","Product","Direct","IN","Sarjapur BNG","SAR1","2026-10-03 13:23:17","2026-10-03","Harley's - BLR - Sarjapur","SAR"
"135","Assorted French Macarons (Pack Of 24)","ea","Harley's Sweet Home Assortments","Product","Direct","IN","Sarjapur BNG","SAR1","2026-10-03 13:23:17","2026-10-03","Harley's - BLR - Sarjapur","SAR"
"213","London Viral Whipped Caramel Medovik Cake","ea","Harley's Grand Celebration Medovik Cakes","Product","Direct","IN","Nagawara BNG","NAG1","2026-10-03 10:26:15","2026-10-03","Harley's - BLR - Nagawara","NAG"
"26","Blueberry Macarons (Pack Of 5)","ea","Harley's French Macarons","Product","Direct","IN","Nagawara BNG","NAG1","2026-10-03 12:18:40","2026-10-03","Harley's - BLR - Nagawara","NAG"
"23","Belgium Chocolate Macarons (Pack Of 5)","ea","Harley's French Macarons","Product","Direct","IN","Nagawara BNG","NAG1","2026-10-03 12:18:49","2026-10-03","Harley's - BLR - Nagawara","NAG"
"27","Blueberry Muffin (Pack Of 2)","ea","Barcakes & Muffins","Product","Direct","OUT","Rajesh","RajeshNAN","2026-10-03 04:03:56","2026-10-03","Harley's - HYD - Nanakramguda","NAN"
"NEW202","Exotic Veg & Cheese Sandwich","ea","Steamy Croissants","Product","Direct","OUT","Rajesh","RajeshNAN","2026-10-03 05:18:32","2026-10-03","Harley's - HYD - Nanakramguda","NAN"
"NEW201","Jalapeno Cottage Cheese Sandwich","ea","Steamy Croissants","Product","Direct","OUT","Rajesh","RajeshNAN","2026-10-03 05:18:32","2026-10-03","Harley's - HYD - Nanakramguda","NAN"
"NEW200","Creamy Roasted Spinach Sandwich","ea","Steamy Croissants","Product","Direct","OUT","Rajesh","RajeshNAN","2026-10-03 05:18:32","2026-10-03","Harley's - HYD - Nanakramguda","NAN"
"NEW199","Croissant Maska (Regional Fusion)","ea","Steamy Croissants","Product","Direct","OUT","Rajesh","RajeshNAN","2026-10-03 05:18:32","2026-10-03","Harley's - HYD - Nanakramguda","NAN"
"NEW204","Exotic Tresley Cakes (Pack of 6)","ea","Harley's Sweet Home Assortments","Product","Direct","OUT","Rajesh","RajeshNAN","2026-10-03 07:02:37","2026-10-03","Harley's - HYD - Nanakramguda","NAN"
"131","Whole Wheat Bread (400gms)","ea","Breads","Product","Direct","IN","Rajesh","RajeshNAN","2026-10-03 07:40:12","2026-10-03","Harley's - HYD - Nanakramguda","NAN"
"86","Milk Bread(400G)","ea","Breads","Product","Direct","IN","Rajesh","RajeshNAN","2026-10-03 07:40:12","2026-10-03","Harley's - HYD - Nanakramguda","NAN"
"33","Choco Mawa Bar Cake 250 gms","ea","Barcakes & Muffins","Product","Direct","IN","Rajesh","RajeshNAN","2026-10-03 07:40:19","2026-10-03","Harley's - HYD - Nanakramguda","NAN"
"27","Blueberry Muffin (Pack Of 2)","ea","Barcakes & Muffins","Product","Direct","IN","Rajesh","RajeshNAN","2026-10-03 07:40:27","2026-10-03","Harley's - HYD - Nanakramguda","NAN"
"35","Classic Butter Croissants (Pack Of 2)","ea","Croissants","Product","Direct","IN","Rajesh","RajeshNAN","2026-10-03 07:55:38","2026-10-03","Harley's - HYD - Nanakramguda","NAN"
"NEW63","Cafe Mocha","ea","Coffee Brews (Hot)","Product","Direct","IN","Rajesh","RajeshNAN","2026-10-03 07:57:01","2026-10-03","Harley's - HYD - Nanakramguda","NAN"
"NEW62","Roasted Hazelnut Cappuccino","ea","Coffee Brews (Hot)","Product","Direct","IN","Rajesh","RajeshNAN","2026-10-03 07:57:01","2026-10-03","Harley's - HYD - Nanakramguda","NAN"
"NEW61","Espresso (Doppio)","ea","Coffee Brews (Hot)","Product","Direct","IN","Rajesh","RajeshNAN","2026-10-03 07:57:01","2026-10-03","Harley's - HYD - Nanakramguda","NAN"
"NEW60","Cafe Latte","ea","Coffee Brews (Hot)","Product","Direct","IN","Rajesh","RajeshNAN","2026-10-03 07:57:01","2026-10-03","Harley's - HYD - Nanakramguda","NAN"
"NEW59","Italian Cappuccino","ea","Coffee Brews (Hot)","Product","Direct","IN","Rajesh","RajeshNAN","2026-10-03 07:57:01","2026-10-03","Harley's - HYD - Nanakramguda","NAN"
"NEW58","Classic Americano","ea","Coffee Brews (Hot)","Product","Direct","IN","Rajesh","RajeshNAN","2026-10-03 07:57:01","2026-10-03","Harley's - HYD - Nanakramguda","NAN"
"NEW57","Iced Americano","ea","Coffee Brews (Cold)","Product","Direct","IN","Rajesh","RajeshNAN","2026-10-03 07:57:01","2026-10-03","Harley's - HYD - Nanakramguda","NAN"
"NEW55","All Time Classic Cold Coffee","ea","Coffee Brews (Cold)","Product","Direct","IN","Rajesh","RajeshNAN","2026-10-03 07:57:01","2026-10-03","Harley's - HYD - Nanakramguda","NAN"
"NEW54","Vietnamese Cold Coffee","ea","Coffee Brews (Cold)","Product","Direct","IN","Rajesh","RajeshNAN","2026-10-03 07:57:01","2026-10-03","Harley's - HYD - Nanakramguda","NAN"
"NEW53","White Russian Cold Coffee","ea","Coffee Brews (Cold)","Product","Direct","IN","Rajesh","RajeshNAN","2026-10-03 07:57:01","2026-10-03","Harley's - HYD - Nanakramguda","NAN"
"NEW52","Choco Mocha Cold Coffee","ea","Coffee Brews (Cold)","Product","Direct","IN","Rajesh","RajeshNAN","2026-10-03 07:57:01","2026-10-03","Harley's - HYD - Nanakramguda","NAN"
"NEW56","Signature Cold Coffee Frappe","ea","Cocoa Brews (Chocolate Frappe)","Product","Direct","IN","Rajesh","RajeshNAN","2026-10-03 07:57:01","2026-10-03","Harley's - HYD - Nanakramguda","NAN"
"NEW47","Belgium Double Chocolate Frappe","ea","Cocoa Brews (Chocolate Frappe)","Product","Direct","IN","Rajesh","RajeshNAN","2026-10-03 07:57:01","2026-10-03","Harley's - HYD - Nanakramguda","NAN"
"NEW46","American Almond Chocolate Frappe","ea","Cocoa Brews (Chocolate Frappe)","Product","Direct","IN","Rajesh","RajeshNAN","2026-10-03 07:57:01","2026-10-03","Harley's - HYD - Nanakramguda","NAN"
"NEW45","Danish Hazelnut Chocolate Frappe","ea","Cocoa Brews (Chocolate Frappe)","Product","Direct","IN","Rajesh","RajeshNAN","2026-10-03 07:57:01","2026-10-03","Harley's - HYD - Nanakramguda","NAN"
"NEW44","Dubai Pistachio Chocolate Frappe","ea","Cocoa Brews (Chocolate Frappe)","Product","Direct","IN","Rajesh","RajeshNAN","2026-10-03 07:57:01","2026-10-03","Harley's - HYD - Nanakramguda","NAN"
"NEW51","Choco Medovik Hot Chocolate","ea","Cocoa Brews (Hot)","Product","Direct","IN","Rajesh","RajeshNAN","2026-10-03 07:57:01","2026-10-03","Harley's - HYD - Nanakramguda","NAN"
"NEW50","Classic Hot Chocolate","ea","Cocoa Brews (Hot)","Product","Direct","IN","Rajesh","RajeshNAN","2026-10-03 07:57:01","2026-10-03","Harley's - HYD - Nanakramguda","NAN"
"NEW49","Danish Hazelnut Hot Chocolate","ea","Cocoa Brews (Hot)","Product","Direct","IN","Rajesh","RajeshNAN","2026-10-03 07:57:01","2026-10-03","Harley's - HYD - Nanakramguda","NAN"
"NEW43","House Blend Roasted Hazelnut Shake","ea","Cake Shake Indulgence","Product","Direct","IN","Rajesh","RajeshNAN","2026-10-03 07:57:01","2026-10-03","Harley's - HYD - Nanakramguda","NAN"
"NEW42","Italian Pistachio Medovik Shake","ea","Cake Shake Indulgence","Product","Direct","IN","Rajesh","RajeshNAN","2026-10-03 07:57:01","2026-10-03","Harley's - HYD - Nanakramguda","NAN"
"NEW41","Belgium Chocolate Medovik Shake","ea","Cake Shake Indulgence","Product","Direct","IN","Rajesh","RajeshNAN","2026-10-03 07:57:01","2026-10-03","Harley's - HYD - Nanakramguda","NAN"
"NEW40","Tiramisu Medovik Coffee Shake","ea","Cake Shake Indulgence","Product","Direct","IN","Rajesh","RajeshNAN","2026-10-03 07:57:01","2026-10-03","Harley's - HYD - Nanakramguda","NAN"
"NEW39","American Blueberry Cake Shake","ea","Cake Shake Indulgence","Product","Direct","IN","Rajesh","RajeshNAN","2026-10-03 07:57:01","2026-10-03","Harley's - HYD - Nanakramguda","NAN"
"72","Italian Tiramisu Medovik Cake","ea","Harley's Grand Celebration Medovik Cakes","Product","Direct","IN","Rajesh","RajeshNAN","2026-10-03 09:10:21","2026-10-03","Harley's - HYD - Nanakramguda","NAN"
"73","Italian Tiramisu Medovik Cake","ea","Harley's Grand Celebration Medovik Cakes","Product","Direct","IN","Rajesh","RajeshNAN","2026-10-03 09:10:21","2026-10-03","Harley's - HYD - Nanakramguda","NAN"
"TB8","Tiramisu Bento Cake","ea","Bento Party Cakes","Product","Direct","IN","Rajesh","RajeshNAN","2026-10-03 09:10:21","2026-10-03","Harley's - HYD - Nanakramguda","NAN"
"74","Italian Tiramisu Medovik With Macaron","ea","Harley's Signature Medovik Pastry","Product","Direct","IN","Rajesh","RajeshNAN","2026-10-03 09:10:21","2026-10-03","Harley's - HYD - Nanakramguda","NAN"
"101","Pistachio Delight Medovik Cake","ea","Harley's Grand Celebration Medovik Cakes","Product","Direct","IN","Rajesh","RajeshNAN","2026-10-03 09:10:21","2026-10-03","Harley's - HYD - Nanakramguda","NAN"
"100","Pistachio Delight Medovik Cake","ea","Harley's Grand Celebration Medovik Cakes","Product","Direct","IN","Rajesh","RajeshNAN","2026-10-03 09:10:21","2026-10-03","Harley's - HYD - Nanakramguda","NAN"
"TB11","Pistachio Bento Cake","ea","Bento Party Cakes","Product","Direct","IN","Rajesh","RajeshNAN","2026-10-03 09:10:21","2026-10-03","Harley's - HYD - Nanakramguda","NAN"
"102","Pistachio Delight Medovik With Macaron","ea","Harley's Signature Medovik Pastry","Product","Direct","IN","Rajesh","RajeshNAN","2026-10-03 09:10:21","2026-10-03","Harley's - HYD - Nanakramguda","NAN"
"118","Smoky Caramel Cheesecake","ea","Harley's Gourmet Celebration Cheesecakes","Product","Direct","IN","Rajesh","RajeshNAN","2026-10-03 09:10:21","2026-10-03","Harley's - HYD - Nanakramguda","NAN"
"119","Smoky Caramel Cheesecake","ea","Harley's Gourmet Celebration Cheesecakes","Product","Direct","IN","Rajesh","RajeshNAN","2026-10-03 09:10:21","2026-10-03","Harley's - HYD - Nanakramguda","NAN"
"TB16","Caramel Bento Cheesecake","ea","Party Cheesecakes","Product","Direct","IN","Rajesh","RajeshNAN","2026-10-03 09:10:21","2026-10-03","Harley's - HYD - Nanakramguda","NAN"
"TB7","Caramel Bento Cake","ea","Bento Party Cakes","Product","Direct","IN","Rajesh","RajeshNAN","2026-10-03 09:10:21","2026-10-03","Harley's - HYD - Nanakramguda","NAN"
"NEW199","Croissant Maska (Regional Fusion)","ea","Steamy Croissants","Product","Direct","IN","Rajesh","RajeshNAN","2026-10-03 09:36:57","2026-10-03","Harley's - HYD - Nanakramguda","NAN"
"36","Classic Mexican Tres Leches  (Pack of 2)","ea","Tres Leches Cakes (Mexican Special)","Product","Direct","IN","Rajesh","RajeshNAN","2026-10-03 10:17:13","2026-10-03","Harley's - HYD - Nanakramguda","NAN"
"104","Pistachio Tres Leches (Pack of 2)","ea","Tres Leches Cakes (Mexican Special)","Product","Direct","IN","Rajesh","RajeshNAN","2026-10-03 10:17:13","2026-10-03","Harley's - HYD - Nanakramguda","NAN"
"84","Lotus Biscoff Tres Leches (Pack of 2)","ea","Tres Leches Cakes (Mexican Special)","Product","Direct","IN","Rajesh","RajeshNAN","2026-10-03 10:17:13","2026-10-03","Harley's - HYD - Nanakramguda","NAN"
"NEW98","Diced Paneer Croissant Cheese Burger","ea","Croissant Burgers","Product","Direct","IN","Rajesh","RajeshNAN","2026-10-03 12:49:24","2026-10-03","Harley's - HYD - Nanakramguda","NAN"
"NEW202","Exotic Veg & Cheese Sandwich","ea","Steamy Croissants","Product","Direct","IN","Rajesh","RajeshNAN","2026-10-03 12:49:24","2026-10-03","Harley's - HYD - Nanakramguda","NAN"
"NEW201","Jalapeno Cottage Cheese Sandwich","ea","Steamy Croissants","Product","Direct","IN","Rajesh","RajeshNAN","2026-10-03 12:49:24","2026-10-03","Harley's - HYD - Nanakramguda","NAN"
"NEW200","Creamy Roasted Spinach Sandwich","ea","Steamy Croissants","Product","Direct","IN","Rajesh","RajeshNAN","2026-10-03 12:49:24","2026-10-03","Harley's - HYD - Nanakramguda","NAN"
"35","Classic Butter Croissants (Pack Of 2)","ea","Croissants","Product","Direct","OUT","Rajesh","RajeshNAN","2026-10-03 15:05:48","2026-10-03","Harley's - HYD - Nanakramguda","NAN"
"131","Whole Wheat Bread (400gms)","ea","Breads","Product","Direct","OUT","Rajesh","RajeshNAN","2026-10-03 16:54:50","2026-10-03","Harley's - HYD - Nanakramguda","NAN"
"131","Whole Wheat Bread (400gms)","ea","Breads","Product","Direct","IN","TAB2 TSP HYD","TABTSP2","2026-10-03 13:07:59","2026-10-03","Harley's - HYD - TSPA Junction","TSP"
"86","Milk Bread(400G)","ea","Breads","Product","Direct","IN","TAB2 TSP HYD","TABTSP2","2026-10-03 13:07:59","2026-10-03","Harley's - HYD - TSPA Junction","TSP"
"105","Premium Banana Walnut Bar Cake (250 Gms)","ea","Barcakes & Muffins","Product","Direct","IN","TAB2 TSP HYD","TABTSP2","2026-10-03 13:08:10","2026-10-03","Harley's - HYD - TSPA Junction","TSP"
"47","Double Chocolate Bar Cake (250 gms)","ea","Barcakes & Muffins","Product","Direct","IN","TAB2 TSP HYD","TABTSP2","2026-10-03 13:08:10","2026-10-03","Harley's - HYD - TSPA Junction","TSP"
"34","Chocochip Muffin (Pack Of 2)","ea","Barcakes & Muffins","Product","Direct","IN","TAB2 TSP HYD","TABTSP2","2026-10-03 13:08:10","2026-10-03","Harley's - HYD - TSPA Junction","TSP"
"27","Blueberry Muffin (Pack Of 2)","ea","Barcakes & Muffins","Product","Direct","IN","TAB2 TSP HYD","TABTSP2","2026-10-03 13:08:10","2026-10-03","Harley's - HYD - TSPA Junction","TSP"
"64","Harley's Special Mawa Bar Cake (250 Gms)","ea","Barcakes & Muffins","Product","Direct","IN","TAB2 TSP HYD","TABTSP2","2026-10-03 13:08:10","2026-10-03","Harley's - HYD - TSPA Junction","TSP"
"33","Choco Mawa Bar Cake 250 gms","ea","Barcakes & Muffins","Product","Direct","IN","TAB2 TSP HYD","TABTSP2","2026-10-03 13:08:10","2026-10-03","Harley's - HYD - TSPA Junction","TSP"
"NEW167","French Vanilla Rose Medovik Pastry","ea","Harley's Signature Medovik Pastry W/O Macaron","Product","Direct","IN","TAB2 TSP HYD","TABTSP2","2026-10-03 13:25:28","2026-10-03","Harley's - HYD - TSPA Junction","TSP"
"47","Double Chocolate Bar Cake (250 gms)","ea","Barcakes & Muffins","Product","Direct","OUT","TAB2 TSP HYD","TABTSP2","2026-10-03 13:45:54","2026-10-03","Harley's - HYD - TSPA Junction","TSP"
"105","Premium Banana Walnut Bar Cake (250 Gms)","ea","Barcakes & Muffins","Product","Direct","IN","MGR KOM HYD","MGRKOM","2026-10-03 09:49:32","2026-10-03","Harley's - HYD - Kompally","KOM"
"66","Harley's Spl. Classic Russian Medovik Cake","ea","Harley's Grand Celebration Medovik Cakes","Product","Direct","IN","MGR MAD HYD","MGRMAD","2026-10-03 09:24:49","2026-10-03","Harley's - HYD - Madhapur","MAD"
"81","Lotus Biscoff Medovik Cake","ea","Harley's Grand Celebration Medovik Cakes","Product","Direct","IN","MGR MAD HYD","MGRMAD","2026-10-03 09:24:49","2026-10-03","Harley's - HYD - Madhapur","MAD"
"108","Premium Butterscotch Medovik Cake","ea","Harley's Grand Celebration Medovik Cakes","Product","Direct","IN","MGR MAD HYD","MGRMAD","2026-10-03 09:25:01","2026-10-03","Harley's - HYD - Madhapur","MAD"
"27","Blueberry Muffin (Pack Of 2)","ea","Barcakes & Muffins","Product","Direct","IN","MGR MAD HYD","MGRMAD","2026-10-03 09:28:56","2026-10-03","Harley's - HYD - Madhapur","MAD"
"64","Harley's Special Mawa Bar Cake (250 Gms)","ea","Barcakes & Muffins","Product","Direct","IN","MGR MAD HYD","MGRMAD","2026-10-03 09:28:56","2026-10-03","Harley's - HYD - Madhapur","MAD"
"105","Premium Banana Walnut Bar Cake (250 Gms)","ea","Barcakes & Muffins","Product","Direct","IN","MGR MAD HYD","MGRMAD","2026-10-03 09:28:56","2026-10-03","Harley's - HYD - Madhapur","MAD"
"73","Italian Tiramisu Medovik Cake","ea","Harley's Grand Celebration Medovik Cakes","Product","Direct","IN","MGR MAD HYD","MGRMAD","2026-10-03 09:28:56","2026-10-03","Harley's - HYD - Madhapur","MAD"
"72","Italian Tiramisu Medovik Cake","ea","Harley's Grand Celebration Medovik Cakes","Product","Direct","IN","MGR MAD HYD","MGRMAD","2026-10-03 09:28:56","2026-10-03","Harley's - HYD - Madhapur","MAD"
"34","Chocochip Muffin (Pack Of 2)","ea","Barcakes & Muffins","Product","Direct","IN","MGR MAD HYD","MGRMAD","2026-10-03 09:28:56","2026-10-03","Harley's - HYD - Madhapur","MAD"
"72","Italian Tiramisu Medovik Cake","ea","Harley's Grand Celebration Medovik Cakes","Product","Direct","OUT","MGR MAD HYD","MGRMAD","2026-10-03 10:25:54","2026-10-03","Harley's - HYD - Madhapur","MAD"
"73","Italian Tiramisu Medovik Cake","ea","Harley's Grand Celebration Medovik Cakes","Product","Direct","OUT","MGR MAD HYD","MGRMAD","2026-10-03 10:25:54","2026-10-03","Harley's - HYD - Madhapur","MAD"
"64","Harley's Special Mawa Bar Cake (250 Gms)","ea","Barcakes & Muffins","Product","Direct","OUT","MGR MAD HYD","MGRMAD","2026-10-03 15:57:42","2026-10-03","Harley's - HYD - Madhapur","MAD"
"63","Harley's Signatures (Pack of 8)","ea","Chef's Table","Product","Direct","OUT","MGR MAN HYD","MGRMAN","2026-10-03 08:28:01","2026-10-03","Harley's - HYD - Manikonda","MAN"
"45","Danish Hazelnut Chocolate Medovik Cake","ea","Harley's Grand Celebration Medovik Cakes","Product","Direct","OUT","MGR MAN HYD","MGRMAN","2026-10-03 08:41:17","2026-10-03","Harley's - HYD - Manikonda","MAN"
"108","Premium Butterscotch Medovik Cake","ea","Harley's Grand Celebration Medovik Cakes","Product","Direct","IN","MGR MAN HYD","MGRMAN","2026-10-03 08:49:39","2026-10-03","Harley's - HYD - Manikonda","MAN"
"109","Premium Butterscotch Medovik Cake","ea","Harley's Grand Celebration Medovik Cakes","Product","Direct","IN","MGR MAN HYD","MGRMAN","2026-10-03 08:49:39","2026-10-03","Harley's - HYD - Manikonda","MAN"
"108","Premium Butterscotch Medovik Cake","ea","Harley's Grand Celebration Medovik Cakes","Product","Direct","OUT","MGR MAN HYD","MGRMAN","2026-10-03 08:49:46","2026-10-03","Harley's - HYD - Manikonda","MAN"
"109","Premium Butterscotch Medovik Cake","ea","Harley's Grand Celebration Medovik Cakes","Product","Direct","OUT","MGR MAN HYD","MGRMAN","2026-10-03 08:49:46","2026-10-03","Harley's - HYD - Manikonda","MAN"
"15","Austrian White Forest Medovik Cake","ea","Harley's Grand Celebration Medovik Cakes","Product","Direct","IN","MGR MAN HYD","MGRMAN","2026-10-03 08:49:53","2026-10-03","Harley's - HYD - Manikonda","MAN"
"14","Austrian White Forest Medovik Cake","ea","Harley's Grand Celebration Medovik Cakes","Product","Direct","IN","MGR MAN HYD","MGRMAN","2026-10-03 08:49:53","2026-10-03","Harley's - HYD - Manikonda","MAN"
"14","Austrian White Forest Medovik Cake","ea","Harley's Grand Celebration Medovik Cakes","Product","Direct","OUT","MGR MAN HYD","MGRMAN","2026-10-03 08:49:58","2026-10-03","Harley's - HYD - Manikonda","MAN"
"15","Austrian White Forest Medovik Cake","ea","Harley's Grand Celebration Medovik Cakes","Product","Direct","OUT","MGR MAN HYD","MGRMAN","2026-10-03 08:49:58","2026-10-03","Harley's - HYD - Manikonda","MAN"
"59","French Vanilla Strawberry Rose Medovik Cake","ea","Harley's Grand Celebration Medovik Cakes","Product","Direct","IN","MGR MAN HYD","MGRMAN","2026-10-03 08:50:04","2026-10-03","Harley's - HYD - Manikonda","MAN"
"60","French Vanilla Strawberry Rose Medovik Cake","ea","Harley's Grand Celebration Medovik Cakes","Product","Direct","IN","MGR MAN HYD","MGRMAN","2026-10-03 08:50:04","2026-10-03","Harley's - HYD - Manikonda","MAN"
"60","French Vanilla Strawberry Rose Medovik Cake","ea","Harley's Grand Celebration Medovik Cakes","Product","Direct","OUT","MGR MAN HYD","MGRMAN","2026-10-03 08:50:11","2026-10-03","Harley's - HYD - Manikonda","MAN"
"59","French Vanilla Strawberry Rose Medovik Cake","ea","Harley's Grand Celebration Medovik Cakes","Product","Direct","OUT","MGR MAN HYD","MGRMAN","2026-10-03 08:50:11","2026-10-03","Harley's - HYD - Manikonda","MAN"
"105","Premium Banana Walnut Bar Cake (250 Gms)","ea","Barcakes & Muffins","Product","Direct","OUT","MGR MAN HYD","MGRMAN","2026-10-03 09:15:30","2026-10-03","Harley's - HYD - Manikonda","MAN"
"108","Premium Butterscotch Medovik Cake","ea","Harley's Grand Celebration Medovik Cakes","Product","Direct","IN","MGR MAN HYD","MGRMAN","2026-10-03 10:27:02","2026-10-03","Harley's - HYD - Manikonda","MAN"
"109","Premium Butterscotch Medovik Cake","ea","Harley's Grand Celebration Medovik Cakes","Product","Direct","IN","MGR MAN HYD","MGRMAN","2026-10-03 10:27:02","2026-10-03","Harley's - HYD - Manikonda","MAN"
"213","London Viral Whipped Caramel Medovik Cake","ea","Harley's Grand Celebration Medovik Cakes","Product","Direct","IN","MAN HYD","MAN1","2026-10-03 12:04:20","2026-10-03","Harley's - HYD - Manikonda","MAN"
"212","London Viral Whipped Caramel Medovik Cake","ea","Harley's Grand Celebration Medovik Cakes","Product","Direct","IN","MAN HYD","MAN1","2026-10-03 12:04:20","2026-10-03","Harley's - HYD - Manikonda","MAN"
"45","Danish Hazelnut Chocolate Medovik Cake","ea","Harley's Grand Celebration Medovik Cakes","Product","Direct","IN","MAN HYD","MAN1","2026-10-03 12:04:20","2026-10-03","Harley's - HYD - Manikonda","MAN"
"14","Austrian White Forest Medovik Cake","ea","Harley's Grand Celebration Medovik Cakes","Product","Direct","IN","MAN HYD","MAN1","2026-10-03 12:04:20","2026-10-03","Harley's - HYD - Manikonda","MAN"
"15","Austrian White Forest Medovik Cake","ea","Harley's Grand Celebration Medovik Cakes","Product","Direct","IN","MAN HYD","MAN1","2026-10-03 12:04:20","2026-10-03","Harley's - HYD - Manikonda","MAN"
"60","French Vanilla Strawberry Rose Medovik Cake","ea","Harley's Grand Celebration Medovik Cakes","Product","Direct","IN","MAN HYD","MAN1","2026-10-03 12:04:20","2026-10-03","Harley's - HYD - Manikonda","MAN"
"59","French Vanilla Strawberry Rose Medovik Cake","ea","Harley's Grand Celebration Medovik Cakes","Product","Direct","IN","MAN HYD","MAN1","2026-10-03 12:04:20","2026-10-03","Harley's - HYD - Manikonda","MAN"
"214","London Viral Whipped Caramel Medovik With Macaron","ea","Harley's Signature Medovik Pastry","Product","Direct","IN","MAN HYD","MAN1","2026-10-03 12:04:28","2026-10-03","Harley's - HYD - Manikonda","MAN"
"133","Assorted Cheesecakes (Pack Of 6)","ea","Harley's Sweet Home Assortments","Product","Direct","IN","MAN HYD","MAN1","2026-10-03 12:04:36","2026-10-03","Harley's - HYD - Manikonda","MAN"
"132","Assorted Cheesecakes (Pack Of 12)","ea","Harley's Sweet Home Assortments","Product","Direct","IN","MAN HYD","MAN1","2026-10-03 12:04:36","2026-10-03","Harley's - HYD - Manikonda","MAN"
"64","Harley's Special Mawa Bar Cake (250 Gms)","ea","Barcakes & Muffins","Product","Direct","IN","MAN HYD","MAN1","2026-10-03 12:04:46","2026-10-03","Harley's - HYD - Manikonda","MAN"
"105","Premium Banana Walnut Bar Cake (250 Gms)","ea","Barcakes & Muffins","Product","Direct","IN","MAN HYD","MAN1","2026-10-03 12:04:46","2026-10-03","Harley's - HYD - Manikonda","MAN"
"TB6","Pink Vanilla Bento Cake","ea","Bento Party Cakes","Product","Direct","IN","MAN HYD","MAN1","2026-10-03 12:05:43","2026-10-03","Harley's - HYD - Manikonda","MAN"
"30","Chef's Favourite Blueberry Cheesecake","ea","Harley's Gourmet Celebration Cheesecakes","Product","Direct","IN","MAN HYD","MAN1","2026-10-03 12:05:43","2026-10-03","Harley's - HYD - Manikonda","MAN"
"49","Ferrero Nutella Cheesecake","ea","Harley's Gourmet Celebration Cheesecakes","Product","Direct","IN","MAN HYD","MAN1","2026-10-03 12:05:43","2026-10-03","Harley's - HYD - Manikonda","MAN"
"19","Belgium Chocolate Cheesecake","ea","Harley's Gourmet Celebration Cheesecakes","Product","Direct","IN","MAN HYD","MAN1","2026-10-03 12:05:43","2026-10-03","Harley's - HYD - Manikonda","MAN"
"118","Smoky Caramel Cheesecake","ea","Harley's Gourmet Celebration Cheesecakes","Product","Direct","IN","MAN HYD","MAN1","2026-10-03 12:05:43","2026-10-03","Harley's - HYD - Manikonda","MAN"
"76","Lotus Biscoff Cheesecake","ea","Harley's Gourmet Celebration Cheesecakes","Product","Direct","IN","MAN HYD","MAN1","2026-10-03 12:05:43","2026-10-03","Harley's - HYD - Manikonda","MAN"
"39","Danish Hazelnut Cheesecake","ea","Harley's Gourmet Celebration Cheesecakes","Product","Direct","IN","MAN HYD","MAN1","2026-10-03 12:05:43","2026-10-03","Harley's - HYD - Manikonda","MAN"
"TB14","Hazelnut Bento Cheesecake","ea","Party Cheesecakes","Product","Direct","IN","MAN HYD","MAN1","2026-10-03 12:05:43","2026-10-03","Harley's - HYD - Manikonda","MAN"
"TB15","Chocolate Bento Cheesecake","ea","Party Cheesecakes","Product","Direct","IN","MAN HYD","MAN1","2026-10-03 12:05:43","2026-10-03","Harley's - HYD - Manikonda","MAN"
"TB16","Caramel Bento Cheesecake","ea","Party Cheesecakes","Product","Direct","IN","MAN HYD","MAN1","2026-10-03 12:05:43","2026-10-03","Harley's - HYD - Manikonda","MAN"
"TB17","Strawberry Bento Cheesecake","ea","Party Cheesecakes","Product","Direct","IN","MAN HYD","MAN1","2026-10-03 12:05:43","2026-10-03","Harley's - HYD - Manikonda","MAN"
"TB19","Blueberry Bento Cheesecake","ea","Party Cheesecakes","Product","Direct","IN","MAN HYD","MAN1","2026-10-03 12:05:43","2026-10-03","Harley's - HYD - Manikonda","MAN"
"TB20","Nutella Bento Cheesecake","ea","Party Cheesecakes","Product","Direct","IN","MAN HYD","MAN1","2026-10-03 12:05:43","2026-10-03","Harley's - HYD - Manikonda","MAN"
"TB21","Lotus Biscoff Bento Cheesecake","ea","Party Cheesecakes","Product","Direct","IN","MAN HYD","MAN1","2026-10-03 12:05:43","2026-10-03","Harley's - HYD - Manikonda","MAN"
"TB22","Pistachio Bento Cheesecake","ea","Party Cheesecakes","Product","Direct","IN","MAN HYD","MAN1","2026-10-03 12:05:43","2026-10-03","Harley's - HYD - Manikonda","MAN"
"213","London Viral Whipped Caramel Medovik Cake","ea","Harley's Grand Celebration Medovik Cakes","Product","Direct","OUT","MGR MAN HYD","MGRMAN","2026-10-03 14:27:40","2026-10-03","Harley's - HYD - Manikonda","MAN"
"64","Harley's Special Mawa Bar Cake (250 Gms)","ea","Barcakes & Muffins","Product","Direct","OUT","MGR MAN HYD","MGRMAN","2026-10-03 16:02:52","2026-10-03","Harley's - HYD - Manikonda","MAN"
"120","Smoky Caramel Cheesecake With Macaron","ea","Finely Baked Cheesecake Pastry","Product","Direct","IN","ODE HYD","ODE1","2026-10-03 12:02:57","2026-10-03","Harlye's - HYD - Odeon Mall","ODE"
"119","Smoky Caramel Cheesecake","ea","Harley's Gourmet Celebration Cheesecakes","Product","Direct","IN","ODE HYD","ODE1","2026-10-03 12:03:13","2026-10-03","Harlye's - HYD - Odeon Mall","ODE"
"118","Smoky Caramel Cheesecake","ea","Harley's Gourmet Celebration Cheesecakes","Product","Direct","IN","ODE HYD","ODE1","2026-10-03 12:03:13","2026-10-03","Harlye's - HYD - Odeon Mall","ODE"
"77","Lotus Biscoff Cheesecake","ea","Harley's Gourmet Celebration Cheesecakes","Product","Direct","IN","ODE HYD","ODE1","2026-10-03 12:03:13","2026-10-03","Harlye's - HYD - Odeon Mall","ODE"
"76","Lotus Biscoff Cheesecake","ea","Harley's Gourmet Celebration Cheesecakes","Product","Direct","IN","ODE HYD","ODE1","2026-10-03 12:03:13","2026-10-03","Harlye's - HYD - Odeon Mall","ODE"
"30","Chef's Favourite Blueberry Cheesecake","ea","Harley's Gourmet Celebration Cheesecakes","Product","Direct","IN","ODE HYD","ODE1","2026-10-03 12:03:13","2026-10-03","Harlye's - HYD - Odeon Mall","ODE"
"31","Chef's Favourite Blueberry Cheesecake","ea","Harley's Gourmet Celebration Cheesecakes","Product","Direct","IN","ODE HYD","ODE1","2026-10-03 12:03:13","2026-10-03","Harlye's - HYD - Odeon Mall","ODE"
"TB8","Tiramisu Bento Cake","ea","Bento Party Cakes","Product","Direct","IN","ODE HYD","ODE1","2026-10-03 12:03:21","2026-10-03","Harlye's - HYD - Odeon Mall","ODE"
"TB13","Belgium Chocolate Bento Cake","ea","Bento Party Cakes","Product","Direct","IN","ODE HYD","ODE1","2026-10-03 12:03:21","2026-10-03","Harlye's - HYD - Odeon Mall","ODE"
"TB12","Chocolate Truffle Bento Cake","ea","Bento Party Cakes","Product","Direct","IN","ODE HYD","ODE1","2026-10-03 12:03:21","2026-10-03","Harlye's - HYD - Odeon Mall","ODE"
"TB11","Pistachio Bento Cake","ea","Bento Party Cakes","Product","Direct","IN","ODE HYD","ODE1","2026-10-03 12:03:21","2026-10-03","Harlye's - HYD - Odeon Mall","ODE"
"TB10","Butterscotch Bento Cake","ea","Bento Party Cakes","Product","Direct","IN","ODE HYD","ODE1","2026-10-03 12:03:21","2026-10-03","Harlye's - HYD - Odeon Mall","ODE"
"TB9","Lotus Biscoff Bento Cake","ea","Bento Party Cakes","Product","Direct","IN","ODE HYD","ODE1","2026-10-03 12:03:21","2026-10-03","Harlye's - HYD - Odeon Mall","ODE"
"TB7","Caramel Bento Cake","ea","Bento Party Cakes","Product","Direct","IN","ODE HYD","ODE1","2026-10-03 12:03:21","2026-10-03","Harlye's - HYD - Odeon Mall","ODE"
"TB6","Pink Vanilla Bento Cake","ea","Bento Party Cakes","Product","Direct","IN","ODE HYD","ODE1","2026-10-03 12:03:21","2026-10-03","Harlye's - HYD - Odeon Mall","ODE"
"TB5","Hazelnut Choco Bento Cake","ea","Bento Party Cakes","Product","Direct","IN","ODE HYD","ODE1","2026-10-03 12:03:21","2026-10-03","Harlye's - HYD - Odeon Mall","ODE"
"TB18","Tiramisu Bento Cheesecake","ea","Party Cheesecakes","Product","Direct","IN","ODE HYD","ODE1","2026-10-03 12:03:28","2026-10-03","Harlye's - HYD - Odeon Mall","ODE"
"TB22","Pistachio Bento Cheesecake","ea","Party Cheesecakes","Product","Direct","IN","ODE HYD","ODE1","2026-10-03 12:03:28","2026-10-03","Harlye's - HYD - Odeon Mall","ODE"
"TB21","Lotus Biscoff Bento Cheesecake","ea","Party Cheesecakes","Product","Direct","IN","ODE HYD","ODE1","2026-10-03 12:03:28","2026-10-03","Harlye's - HYD - Odeon Mall","ODE"
"TB20","Nutella Bento Cheesecake","ea","Party Cheesecakes","Product","Direct","IN","ODE HYD","ODE1","2026-10-03 12:03:28","2026-10-03","Harlye's - HYD - Odeon Mall","ODE"
"TB19","Blueberry Bento Cheesecake","ea","Party Cheesecakes","Product","Direct","IN","ODE HYD","ODE1","2026-10-03 12:03:28","2026-10-03","Harlye's - HYD - Odeon Mall","ODE"
"TB17","Strawberry Bento Cheesecake","ea","Party Cheesecakes","Product","Direct","IN","ODE HYD","ODE1","2026-10-03 12:03:28","2026-10-03","Harlye's - HYD - Odeon Mall","ODE"
"TB16","Caramel Bento Cheesecake","ea","Party Cheesecakes","Product","Direct","IN","ODE HYD","ODE1","2026-10-03 12:03:28","2026-10-03","Harlye's - HYD - Odeon Mall","ODE"
"TB15","Chocolate Bento Cheesecake","ea","Party Cheesecakes","Product","Direct","IN","ODE HYD","ODE1","2026-10-03 12:03:28","2026-10-03","Harlye's - HYD - Odeon Mall","ODE"
"TB14","Hazelnut Bento Cheesecake","ea","Party Cheesecakes","Product","Direct","IN","ODE HYD","ODE1","2026-10-03 12:03:28","2026-10-03","Harlye's - HYD - Odeon Mall","ODE"
"82","Lotus Biscoff Medovik Cake","ea","Harley's Grand Celebration Medovik Cakes","Product","Direct","IN","ODE HYD","ODE1","2026-10-03 12:04:05","2026-10-03","Harlye's - HYD - Odeon Mall","ODE"
"53","Ferrero Nutella Medovik Cake","ea","Harley's Grand Celebration Medovik Cakes","Product","Direct","IN","ODE HYD","ODE1","2026-10-03 12:04:05","2026-10-03","Harlye's - HYD - Odeon Mall","ODE"
"54","Ferrero Nutella Medovik Cake","ea","Harley's Grand Celebration Medovik Cakes","Product","Direct","IN","ODE HYD","ODE1","2026-10-03 12:04:05","2026-10-03","Harlye's - HYD - Odeon Mall","ODE"
"14","Austrian White Forest Medovik Cake","ea","Harley's Grand Celebration Medovik Cakes","Product","Direct","IN","ODE HYD","ODE1","2026-10-03 12:04:05","2026-10-03","Harlye's - HYD - Odeon Mall","ODE"
"15","Austrian White Forest Medovik Cake","ea","Harley's Grand Celebration Medovik Cakes","Product","Direct","IN","ODE HYD","ODE1","2026-10-03 12:04:05","2026-10-03","Harlye's - HYD - Odeon Mall","ODE"
"127","Swiss Black & White Chocolate Medovik Cake","ea","Harley's Grand Celebration Medovik Cakes","Product","Direct","IN","ODE HYD","ODE1","2026-10-03 12:04:05","2026-10-03","Harlye's - HYD - Odeon Mall","ODE"
"128","Swiss Black & White Chocolate Medovik Cake","ea","Harley's Grand Celebration Medovik Cakes","Product","Direct","IN","ODE HYD","ODE1","2026-10-03 12:04:05","2026-10-03","Harlye's - HYD - Odeon Mall","ODE"
"123","Sparkling Dark Chocolate Medovik Cake","ea","Harley's Grand Celebration Medovik Cakes","Product","Direct","IN","ODE HYD","ODE1","2026-10-03 12:04:05","2026-10-03","Harlye's - HYD - Odeon Mall","ODE"
"122","Sparkling Dark Chocolate Medovik Cake","ea","Harley's Grand Celebration Medovik Cakes","Product","Direct","IN","ODE HYD","ODE1","2026-10-03 12:04:05","2026-10-03","Harlye's - HYD - Odeon Mall","ODE"
"115","Signature Belgium Chocolate Medovik Cake","ea","Harley's Grand Celebration Medovik Cakes","Product","Direct","IN","ODE HYD","ODE1","2026-10-03 12:04:05","2026-10-03","Harlye's - HYD - Odeon Mall","ODE"
"108","Premium Butterscotch Medovik Cake","ea","Harley's Grand Celebration Medovik Cakes","Product","Direct","IN","ODE HYD","ODE1","2026-10-03 12:04:05","2026-10-03","Harlye's - HYD - Odeon Mall","ODE"
"109","Premium Butterscotch Medovik Cake","ea","Harley's Grand Celebration Medovik Cakes","Product","Direct","IN","ODE HYD","ODE1","2026-10-03 12:04:05","2026-10-03","Harlye's - HYD - Odeon Mall","ODE"
"100","Pistachio Delight Medovik Cake","ea","Harley's Grand Celebration Medovik Cakes","Product","Direct","IN","ODE HYD","ODE1","2026-10-03 12:04:05","2026-10-03","Harlye's - HYD - Odeon Mall","ODE"
"101","Pistachio Delight Medovik Cake","ea","Harley's Grand Celebration Medovik Cakes","Product","Direct","IN","ODE HYD","ODE1","2026-10-03 12:04:05","2026-10-03","Harlye's - HYD - Odeon Mall","ODE"
"67","Harley's Spl. Classic Russian Medovik Cake","ea","Harley's Grand Celebration Medovik Cakes","Product","Direct","IN","ODE HYD","ODE1","2026-10-03 12:04:05","2026-10-03","Harlye's - HYD - Odeon Mall","ODE"
"60","French Vanilla Strawberry Rose Medovik Cake","ea","Harley's Grand Celebration Medovik Cakes","Product","Direct","IN","ODE HYD","ODE1","2026-10-03 12:04:05","2026-10-03","Harlye's - HYD - Odeon Mall","ODE"
"59","French Vanilla Strawberry Rose Medovik Cake","ea","Harley's Grand Celebration Medovik Cakes","Product","Direct","IN","ODE HYD","ODE1","2026-10-03 12:04:05","2026-10-03","Harlye's - HYD - Odeon Mall","ODE"
"45","Danish Hazelnut Chocolate Medovik Cake","ea","Harley's Grand Celebration Medovik Cakes","Product","Direct","IN","ODE HYD","ODE1","2026-10-03 12:04:05","2026-10-03","Harlye's - HYD - Odeon Mall","ODE"
"81","Lotus Biscoff Medovik Cake","ea","Harley's Grand Celebration Medovik Cakes","Product","Direct","IN","ODE HYD","ODE1","2026-10-03 12:04:05","2026-10-03","Harlye's - HYD - Odeon Mall","ODE"
"92","Pack Of 4 Cheesecakes And 4 Macarons","ea","All Time Favourite Combinations","Product","Direct","OUT","ODE HYD","ODE1","2026-10-03 12:05:13","2026-10-03","Harlye's - HYD - Odeon Mall","ODE"
"TB8","Tiramisu Bento Cake","ea","Bento Party Cakes","Product","Direct","OUT","ODE HYD","ODE1","2026-10-03 12:05:13","2026-10-03","Harlye's - HYD - Odeon Mall","ODE"
"TB18","Tiramisu Bento Cheesecake","ea","Party Cheesecakes","Product","Direct","OUT","ODE HYD","ODE1","2026-10-03 12:05:25","2026-10-03","Harlye's - HYD - Odeon Mall","ODE"
"214","London Viral Whipped Caramel Medovik With Macaron","ea","Harley's Signature Medovik Pastry","Product","Direct","IN","ODE HYD","ODE1","2026-10-03 12:56:02","2026-10-03","Harlye's - HYD - Odeon Mall","ODE"
"50","Ferrero Nutella Cheesecake","ea","Harley's Gourmet Celebration Cheesecakes","Product","Direct","IN","ODE HYD","ODE1","2026-10-03 12:56:08","2026-10-03","Harlye's - HYD - Odeon Mall","ODE"
"20","Belgium Chocolate Cheesecake","ea","Harley's Gourmet Celebration Cheesecakes","Product","Direct","IN","ODE HYD","ODE1","2026-10-03 12:56:08","2026-10-03","Harlye's - HYD - Odeon Mall","ODE"
"40","Danish Hazelnut Cheesecake","ea","Harley's Gourmet Celebration Cheesecakes","Product","Direct","IN","ODE HYD","ODE1","2026-10-03 12:56:08","2026-10-03","Harlye's - HYD - Odeon Mall","ODE"
"39","Danish Hazelnut Cheesecake","ea","Harley's Gourmet Celebration Cheesecakes","Product","Direct","IN","ODE HYD","ODE1","2026-10-03 12:56:08","2026-10-03","Harlye's - HYD - Odeon Mall","ODE"
"19","Belgium Chocolate Cheesecake","ea","Harley's Gourmet Celebration Cheesecakes","Product","Direct","IN","ODE HYD","ODE1","2026-10-03 12:56:08","2026-10-03","Harlye's - HYD - Odeon Mall","ODE"
"49","Ferrero Nutella Cheesecake","ea","Harley's Gourmet Celebration Cheesecakes","Product","Direct","IN","ODE HYD","ODE1","2026-10-03 12:56:08","2026-10-03","Harlye's - HYD - Odeon Mall","ODE"
"94","Pack Of 6 Cheesecakes And 12 Macarons","ea","All Time Favourite Combinations","Product","Direct","IN","ODE HYD","ODE1","2026-10-03 12:56:20","2026-10-03","Harlye's - HYD - Odeon Mall","ODE"
"95","Pack Of 6 Medoviks And 12 Macarons","ea","All Time Favourite Combinations","Product","Direct","IN","ODE HYD","ODE1","2026-10-03 12:56:20","2026-10-03","Harlye's - HYD - Odeon Mall","ODE"
"92","Pack Of 4 Cheesecakes And 4 Macarons","ea","All Time Favourite Combinations","Product","Direct","IN","ODE HYD","ODE1","2026-10-03 12:56:20","2026-10-03","Harlye's - HYD - Odeon Mall","ODE"
"213","London Viral Whipped Caramel Medovik Cake","ea","Harley's Grand Celebration Medovik Cakes","Product","Direct","IN","ODE HYD","ODE1","2026-10-03 12:56:31","2026-10-03","Harlye's - HYD - Odeon Mall","ODE"
"212","London Viral Whipped Caramel Medovik Cake","ea","Harley's Grand Celebration Medovik Cakes","Product","Direct","IN","ODE HYD","ODE1","2026-10-03 12:56:31","2026-10-03","Harlye's - HYD - Odeon Mall","ODE"
"73","Italian Tiramisu Medovik Cake","ea","Harley's Grand Celebration Medovik Cakes","Product","Direct","IN","ODE HYD","ODE1","2026-10-03 12:56:31","2026-10-03","Harlye's - HYD - Odeon Mall","ODE"
"72","Italian Tiramisu Medovik Cake","ea","Harley's Grand Celebration Medovik Cakes","Product","Direct","IN","ODE HYD","ODE1","2026-10-03 12:56:31","2026-10-03","Harlye's - HYD - Odeon Mall","ODE"
"125","Strawberry Macarons (Pack Of 5)","ea","Harley's French Macarons","Product","Direct","IN","ODE HYD","ODE1","2026-10-03 12:56:54","2026-10-03","Harlye's - HYD - Odeon Mall","ODE"
"111","Red Velvet Macarons (Pack Of 5)","ea","Harley's French Macarons","Product","Direct","IN","ODE HYD","ODE1","2026-10-03 12:56:54","2026-10-03","Harlye's - HYD - Odeon Mall","ODE"
"98","Passion Fruit & Lemon Fusion Macarons (Pack Of 5)","ea","Harley's French Macarons","Product","Direct","IN","ODE HYD","ODE1","2026-10-03 12:56:54","2026-10-03","Harlye's - HYD - Odeon Mall","ODE"
"85","Mighty Mango Macarons (Pack Of 5)","ea","Harley's French Macarons","Product","Direct","IN","ODE HYD","ODE1","2026-10-03 12:56:54","2026-10-03","Harlye's - HYD - Odeon Mall","ODE"
"61","Green Apple Macarons (Pack Of 5)","ea","Harley's French Macarons","Product","Direct","IN","ODE HYD","ODE1","2026-10-03 12:56:54","2026-10-03","Harlye's - HYD - Odeon Mall","ODE"
"56","French Vanilla Macarons (Pack Of 5)","ea","Harley's French Macarons","Product","Direct","IN","ODE HYD","ODE1","2026-10-03 12:56:54","2026-10-03","Harlye's - HYD - Odeon Mall","ODE"
"37","Clementine Orange Macarons (Pack Of 5)","ea","Harley's French Macarons","Product","Direct","IN","ODE HYD","ODE1","2026-10-03 12:56:54","2026-10-03","Harlye's - HYD - Odeon Mall","ODE"
"26","Blueberry Macarons (Pack Of 5)","ea","Harley's French Macarons","Product","Direct","IN","ODE HYD","ODE1","2026-10-03 12:56:54","2026-10-03","Harlye's - HYD - Odeon Mall","ODE"
"23","Belgium Chocolate Macarons (Pack Of 5)","ea","Harley's French Macarons","Product","Direct","IN","ODE HYD","ODE1","2026-10-03 12:56:54","2026-10-03","Harlye's - HYD - Odeon Mall","ODE"
"35","Classic Butter Croissants (Pack Of 2)","ea","Croissants","Product","Direct","IN","ODE HYD","ODE1","2026-10-03 12:57:10","2026-10-03","Harlye's - HYD - Odeon Mall","ODE"
"73","Italian Tiramisu Medovik Cake","ea","Harley's Grand Celebration Medovik Cakes","Product","Direct","OUT","ODE HYD","ODE1","2026-10-03 15:53:00","2026-10-03","Harlye's - HYD - Odeon Mall","ODE"
"73","Italian Tiramisu Medovik Cake","ea","Harley's Grand Celebration Medovik Cakes","Product","Direct","IN","ODE HYD","ODE1","2026-10-03 15:54:55","2026-10-03","Harlye's - HYD - Odeon Mall","ODE"
"15","Austrian White Forest Medovik Cake","ea","Harley's Grand Celebration Medovik Cakes","Product","Direct","OUT","ODE HYD","ODE1","2026-10-03 16:14:18","2026-10-03","Harlye's - HYD - Odeon Mall","ODE"
"14","Austrian White Forest Medovik Cake","ea","Harley's Grand Celebration Medovik Cakes","Product","Direct","OUT","ODE HYD","ODE1","2026-10-03 16:14:18","2026-10-03","Harlye's - HYD - Odeon Mall","ODE"
"59","French Vanilla Strawberry Rose Medovik Cake","ea","Harley's Grand Celebration Medovik Cakes","Product","Direct","OUT","ODE HYD","ODE1","2026-10-03 16:14:27","2026-10-03","Harlye's - HYD - Odeon Mall","ODE"
"60","French Vanilla Strawberry Rose Medovik Cake","ea","Harley's Grand Celebration Medovik Cakes","Product","Direct","OUT","ODE HYD","ODE1","2026-10-03 16:14:27","2026-10-03","Harlye's - HYD - Odeon Mall","ODE"
"124","Sparkling Dark Chocolate Medovik With Macaron","ea","Harley's Signature Medovik Pastry","Product","Direct","OUT","MGR KAP HYD","MGRKAP","2026-10-03 08:14:42","2026-10-03","Harley's - HYD - Kapil Towers","KAP"
"129","Swiss Black & White Medovik With Macaron","ea","Harley's Signature Medovik Pastry","Product","Direct","OUT","MGR KAP HYD","MGRKAP","2026-10-03 08:14:42","2026-10-03","Harley's - HYD - Kapil Towers","KAP"
"57","French Vanilla Rose Medovik With Macaron","ea","Harley's Signature Medovik Pastry","Product","Direct","OUT","MGR KAP HYD","MGRKAP","2026-10-03 08:14:42","2026-10-03","Harley's - HYD - Kapil Towers","KAP"
"134","Assorted French Macarons (Pack Of 12)","ea","Harley's Sweet Home Assortments","Product","Direct","OUT","MGR KAP HYD","MGRKAP","2026-10-03 08:15:04","2026-10-03","Harley's - HYD - Kapil Towers","KAP"
"108","Premium Butterscotch Medovik Cake","ea","Harley's Grand Celebration Medovik Cakes","Product","Direct","IN","MGR KAP HYD","MGRKAP","2026-10-03 11:17:25","2026-10-03","Harley's - HYD - Kapil Towers","KAP"
"53","Ferrero Nutella Medovik Cake","ea","Harley's Grand Celebration Medovik Cakes","Product","Direct","IN","MGR KAP HYD","MGRKAP","2026-10-03 11:17:25","2026-10-03","Harley's - HYD - Kapil Towers","KAP"
"139","Assorted Medoviks (Pack Of 6)","ea","Harley's Sweet Home Assortments","Product","Direct","IN","MGR KAP HYD","MGRKAP","2026-10-03 11:18:48","2026-10-03","Harley's - HYD - Kapil Towers","KAP"
"134","Assorted French Macarons (Pack Of 12)","ea","Harley's Sweet Home Assortments","Product","Direct","IN","MGR KAP HYD","MGRKAP","2026-10-03 11:18:54","2026-10-03","Harley's - HYD - Kapil Towers","KAP"
"21","Belgium Chocolate Cheesecake With Macaron","ea","Finely Baked Cheesecake Pastry","Product","Direct","IN","MGR KAP HYD","MGRKAP","2026-10-03 11:19:21","2026-10-03","Harley's - HYD - Kapil Towers","KAP"
"102","Pistachio Delight Medovik With Macaron","ea","Harley's Signature Medovik Pastry","Product","Direct","IN","MGR KAP HYD","MGRKAP","2026-10-03 11:19:46","2026-10-03","Harley's - HYD - Kapil Towers","KAP"
"110","Premium Butterscotch Medovik With Macaron","ea","Harley's Signature Medovik Pastry","Product","Direct","IN","MGR KAP HYD","MGRKAP","2026-10-03 11:19:46","2026-10-03","Harley's - HYD - Kapil Towers","KAP"
"116","Signature Belgium Chocolate Medovik With Macaron","ea","Harley's Signature Medovik Pastry","Product","Direct","IN","MGR KAP HYD","MGRKAP","2026-10-03 11:19:46","2026-10-03","Harley's - HYD - Kapil Towers","KAP"
"74","Italian Tiramisu Medovik With Macaron","ea","Harley's Signature Medovik Pastry","Product","Direct","IN","MGR KAP HYD","MGRKAP","2026-10-03 11:19:46","2026-10-03","Harley's - HYD - Kapil Towers","KAP"
"124","Sparkling Dark Chocolate Medovik With Macaron","ea","Harley's Signature Medovik Pastry","Product","Direct","IN","MGR KAP HYD","MGRKAP","2026-10-03 11:19:46","2026-10-03","Harley's - HYD - Kapil Towers","KAP"
"129","Swiss Black & White Medovik With Macaron","ea","Harley's Signature Medovik Pastry","Product","Direct","IN","MGR KAP HYD","MGRKAP","2026-10-03 11:19:46","2026-10-03","Harley's - HYD - Kapil Towers","KAP"
"57","French Vanilla Rose Medovik With Macaron","ea","Harley's Signature Medovik Pastry","Product","Direct","IN","MGR KAP HYD","MGRKAP","2026-10-03 11:19:46","2026-10-03","Harley's - HYD - Kapil Towers","KAP"
"NEW62","Roasted Hazelnut Cappuccino","ea","Coffee Brews (Hot)","Product","Direct","IN","MGR KAP HYD","MGRKAP","2026-10-03 11:20:10","2026-10-03","Harley's - HYD - Kapil Towers","KAP"
"NEW61","Espresso (Doppio)","ea","Coffee Brews (Hot)","Product","Direct","IN","MGR KAP HYD","MGRKAP","2026-10-03 11:20:10","2026-10-03","Harley's - HYD - Kapil Towers","KAP"
"105","Premium Banana Walnut Bar Cake (250 Gms)","ea","Barcakes & Muffins","Product","Direct","IN","MGR KAP HYD","MGRKAP","2026-10-03 11:20:41","2026-10-03","Harley's - HYD - Kapil Towers","KAP"
"27","Blueberry Muffin (Pack Of 2)","ea","Barcakes & Muffins","Product","Direct","IN","MGR KAP HYD","MGRKAP","2026-10-03 11:20:41","2026-10-03","Harley's - HYD - Kapil Towers","KAP"
"134","Assorted French Macarons (Pack Of 12)","ea","Harley's Sweet Home Assortments","Product","Direct","OUT","MGR KAP HYD","MGRKAP","2026-10-03 14:02:26","2026-10-03","Harley's - HYD - Kapil Towers","KAP"
"27","Blueberry Muffin (Pack Of 2)","ea","Barcakes & Muffins","Product","Direct","OUT","MGR KAP HYD","MGRKAP","2026-10-03 16:40:38","2026-10-03","Harley's - HYD - Kapil Towers","KAP"
"105","Premium Banana Walnut Bar Cake (250 Gms)","ea","Barcakes & Muffins","Product","Direct","OUT","MGR KAP HYD","MGRKAP","2026-10-03 17:06:16","2026-10-03","Harley's - HYD - Kapil Towers","KAP"
"TB13","Belgium Chocolate Bento Cake","ea","Bento Party Cakes","Product","Direct","OUT","CHA2 HYD","CHA2","2026-10-03 08:17:03","2026-10-03","Harley's - HYD - Chandanagar","CHA"
"TB15","Chocolate Bento Cheesecake","ea","Party Cheesecakes","Product","Direct","OUT","CHA2 HYD","CHA2","2026-10-03 08:17:13","2026-10-03","Harley's - HYD - Chandanagar","CHA"
"123","Sparkling Dark Chocolate Medovik Cake","ea","Harley's Grand Celebration Medovik Cakes","Product","Direct","IN","CHA2 HYD","CHA2","2026-10-03 10:38:23","2026-10-03","Harley's - HYD - Chandanagar","CHA"
"122","Sparkling Dark Chocolate Medovik Cake","ea","Harley's Grand Celebration Medovik Cakes","Product","Direct","IN","CHA2 HYD","CHA2","2026-10-03 10:38:23","2026-10-03","Harley's - HYD - Chandanagar","CHA"
"115","Signature Belgium Chocolate Medovik Cake","ea","Harley's Grand Celebration Medovik Cakes","Product","Direct","IN","CHA2 HYD","CHA2","2026-10-03 10:38:23","2026-10-03","Harley's - HYD - Chandanagar","CHA"
"127","Swiss Black & White Chocolate Medovik Cake","ea","Harley's Grand Celebration Medovik Cakes","Product","Direct","IN","CHA2 HYD","CHA2","2026-10-03 10:38:23","2026-10-03","Harley's - HYD - Chandanagar","CHA"
"128","Swiss Black & White Chocolate Medovik Cake","ea","Harley's Grand Celebration Medovik Cakes","Product","Direct","IN","CHA2 HYD","CHA2","2026-10-03 10:38:23","2026-10-03","Harley's - HYD - Chandanagar","CHA"
"82","Lotus Biscoff Medovik Cake","ea","Harley's Grand Celebration Medovik Cakes","Product","Direct","IN","CHA2 HYD","CHA2","2026-10-03 10:38:23","2026-10-03","Harley's - HYD - Chandanagar","CHA"
"109","Premium Butterscotch Medovik Cake","ea","Harley's Grand Celebration Medovik Cakes","Product","Direct","IN","CHA2 HYD","CHA2","2026-10-03 10:38:23","2026-10-03","Harley's - HYD - Chandanagar","CHA"
"67","Harley's Spl. Classic Russian Medovik Cake","ea","Harley's Grand Celebration Medovik Cakes","Product","Direct","IN","CHA2 HYD","CHA2","2026-10-03 10:38:23","2026-10-03","Harley's - HYD - Chandanagar","CHA"
"81","Lotus Biscoff Medovik Cake","ea","Harley's Grand Celebration Medovik Cakes","Product","Direct","IN","CHA2 HYD","CHA2","2026-10-03 10:38:23","2026-10-03","Harley's - HYD - Chandanagar","CHA"
"66","Harley's Spl. Classic Russian Medovik Cake","ea","Harley's Grand Celebration Medovik Cakes","Product","Direct","IN","CHA2 HYD","CHA2","2026-10-03 10:38:23","2026-10-03","Harley's - HYD - Chandanagar","CHA"
"108","Premium Butterscotch Medovik Cake","ea","Harley's Grand Celebration Medovik Cakes","Product","Direct","IN","CHA2 HYD","CHA2","2026-10-03 10:38:23","2026-10-03","Harley's - HYD - Chandanagar","CHA"
"116","Signature Belgium Chocolate Medovik With Macaron","ea","Harley's Signature Medovik Pastry","Product","Direct","IN","CHA2 HYD","CHA2","2026-10-03 10:38:44","2026-10-03","Harley's - HYD - Chandanagar","CHA"
"83","Lotus Biscoff Medovik With Macaron","ea","Harley's Signature Medovik Pastry","Product","Direct","IN","CHA2 HYD","CHA2","2026-10-03 10:38:44","2026-10-03","Harley's - HYD - Chandanagar","CHA"
"68","Harley's Spl. Classic Russian Medovik With Macaron","ea","Harley's Signature Medovik Pastry","Product","Direct","IN","CHA2 HYD","CHA2","2026-10-03 10:38:44","2026-10-03","Harley's - HYD - Chandanagar","CHA"
"57","French Vanilla Rose Medovik With Macaron","ea","Harley's Signature Medovik Pastry","Product","Direct","IN","CHA2 HYD","CHA2","2026-10-03 10:38:44","2026-10-03","Harley's - HYD - Chandanagar","CHA"
"55","Ferrero Nutella Medovik With Macaron","ea","Harley's Signature Medovik Pastry","Product","Direct","IN","CHA2 HYD","CHA2","2026-10-03 10:38:44","2026-10-03","Harley's - HYD - Chandanagar","CHA"
"46","Danish Hazelnut Chocolate Medovik With Macaron","ea","Harley's Signature Medovik Pastry","Product","Direct","IN","CHA2 HYD","CHA2","2026-10-03 10:38:44","2026-10-03","Harley's - HYD - Chandanagar","CHA"
"214","London Viral Whipped Caramel Medovik With Macaron","ea","Harley's Signature Medovik Pastry","Product","Direct","IN","CHA2 HYD","CHA2","2026-10-03 10:38:44","2026-10-03","Harley's - HYD - Chandanagar","CHA"
"16","Austrian White Forest Medovik With Macaron","ea","Harley's Signature Medovik Pastry","Product","Direct","IN","CHA2 HYD","CHA2","2026-10-03 10:38:44","2026-10-03","Harley's - HYD - Chandanagar","CHA"
"129","Swiss Black & White Medovik With Macaron","ea","Harley's Signature Medovik Pastry","Product","Direct","IN","CHA2 HYD","CHA2","2026-10-03 10:38:44","2026-10-03","Harley's - HYD - Chandanagar","CHA"
"124","Sparkling Dark Chocolate Medovik With Macaron","ea","Harley's Signature Medovik Pastry","Product","Direct","IN","CHA2 HYD","CHA2","2026-10-03 10:38:44","2026-10-03","Harley's - HYD - Chandanagar","CHA"
"102","Pistachio Delight Medovik With Macaron","ea","Harley's Signature Medovik Pastry","Product","Direct","IN","CHA2 HYD","CHA2","2026-10-03 10:38:44","2026-10-03","Harley's - HYD - Chandanagar","CHA"
"110","Premium Butterscotch Medovik With Macaron","ea","Harley's Signature Medovik Pastry","Product","Direct","IN","CHA2 HYD","CHA2","2026-10-03 10:38:44","2026-10-03","Harley's - HYD - Chandanagar","CHA"
"105","Premium Banana Walnut Bar Cake (250 Gms)","ea","Barcakes & Muffins","Product","Direct","IN","CHA2 HYD","CHA2","2026-10-03 10:39:08","2026-10-03","Harley's - HYD - Chandanagar","CHA"
"64","Harley's Special Mawa Bar Cake (250 Gms)","ea","Barcakes & Muffins","Product","Direct","IN","CHA2 HYD","CHA2","2026-10-03 10:39:08","2026-10-03","Harley's - HYD - Chandanagar","CHA"
"TB7","Caramel Bento Cake","ea","Bento Party Cakes","Product","Direct","IN","CHA2 HYD","CHA2","2026-10-03 10:39:23","2026-10-03","Harley's - HYD - Chandanagar","CHA"
"TB9","Lotus Biscoff Bento Cake","ea","Bento Party Cakes","Product","Direct","IN","CHA2 HYD","CHA2","2026-10-03 10:39:23","2026-10-03","Harley's - HYD - Chandanagar","CHA"
"TB10","Butterscotch Bento Cake","ea","Bento Party Cakes","Product","Direct","IN","CHA2 HYD","CHA2","2026-10-03 10:39:23","2026-10-03","Harley's - HYD - Chandanagar","CHA"
"TB6","Pink Vanilla Bento Cake","ea","Bento Party Cakes","Product","Direct","IN","CHA2 HYD","CHA2","2026-10-03 10:39:23","2026-10-03","Harley's - HYD - Chandanagar","CHA"
"TB13","Belgium Chocolate Bento Cake","ea","Bento Party Cakes","Product","Direct","IN","CHA2 HYD","CHA2","2026-10-03 10:39:23","2026-10-03","Harley's - HYD - Chandanagar","CHA"
"TB21","Lotus Biscoff Bento Cheesecake","ea","Party Cheesecakes","Product","Direct","IN","CHA2 HYD","CHA2","2026-10-03 10:40:02","2026-10-03","Harley's - HYD - Chandanagar","CHA"
"TB19","Blueberry Bento Cheesecake","ea","Party Cheesecakes","Product","Direct","IN","CHA2 HYD","CHA2","2026-10-03 10:40:02","2026-10-03","Harley's - HYD - Chandanagar","CHA"
"TB17","Strawberry Bento Cheesecake","ea","Party Cheesecakes","Product","Direct","IN","CHA2 HYD","CHA2","2026-10-03 10:40:02","2026-10-03","Harley's - HYD - Chandanagar","CHA"
"TB16","Caramel Bento Cheesecake","ea","Party Cheesecakes","Product","Direct","IN","CHA2 HYD","CHA2","2026-10-03 10:40:02","2026-10-03","Harley's - HYD - Chandanagar","CHA"
"TB20","Nutella Bento Cheesecake","ea","Party Cheesecakes","Product","Direct","IN","CHA2 HYD","CHA2","2026-10-03 10:40:02","2026-10-03","Harley's - HYD - Chandanagar","CHA"
"TB15","Chocolate Bento Cheesecake","ea","Party Cheesecakes","Product","Direct","IN","CHA2 HYD","CHA2","2026-10-03 10:40:02","2026-10-03","Harley's - HYD - Chandanagar","CHA"
"14","Austrian White Forest Medovik Cake","ea","Harley's Grand Celebration Medovik Cakes","Product","Direct","IN","Manager KUK","ID381Q","2026-10-03 08:45:47","2026-10-03","Harley's - HYD - Kukatpally","KUK"
"15","Austrian White Forest Medovik Cake","ea","Harley's Grand Celebration Medovik Cakes","Product","Direct","IN","Manager KUK","ID381Q","2026-10-03 08:45:47","2026-10-03","Harley's - HYD - Kukatpally","KUK"
"60","French Vanilla Strawberry Rose Medovik Cake","ea","Harley's Grand Celebration Medovik Cakes","Product","Direct","IN","Manager KUK","ID381Q","2026-10-03 08:45:47","2026-10-03","Harley's - HYD - Kukatpally","KUK"
"59","French Vanilla Strawberry Rose Medovik Cake","ea","Harley's Grand Celebration Medovik Cakes","Product","Direct","IN","Manager KUK","ID381Q","2026-10-03 08:45:47","2026-10-03","Harley's - HYD - Kukatpally","KUK"
"82","Lotus Biscoff Medovik Cake","ea","Harley's Grand Celebration Medovik Cakes","Product","Direct","IN","Manager KUK","ID381Q","2026-10-03 08:45:47","2026-10-03","Harley's - HYD - Kukatpally","KUK"
"109","Premium Butterscotch Medovik Cake","ea","Harley's Grand Celebration Medovik Cakes","Product","Direct","IN","Manager KUK","ID381Q","2026-10-03 08:45:47","2026-10-03","Harley's - HYD - Kukatpally","KUK"
"66","Harley's Spl. Classic Russian Medovik Cake","ea","Harley's Grand Celebration Medovik Cakes","Product","Direct","IN","Manager KUK","ID381Q","2026-10-03 08:45:47","2026-10-03","Harley's - HYD - Kukatpally","KUK"
"67","Harley's Spl. Classic Russian Medovik Cake","ea","Harley's Grand Celebration Medovik Cakes","Product","Direct","IN","Manager KUK","ID381Q","2026-10-03 08:45:47","2026-10-03","Harley's - HYD - Kukatpally","KUK"
"57","French Vanilla Rose Medovik With Macaron","ea","Harley's Signature Medovik Pastry","Product","Direct","IN","Manager KUK","ID381Q","2026-10-03 08:46:06","2026-10-03","Harley's - HYD - Kukatpally","KUK"
"16","Austrian White Forest Medovik With Macaron","ea","Harley's Signature Medovik Pastry","Product","Direct","IN","Manager KUK","ID381Q","2026-10-03 08:46:06","2026-10-03","Harley's - HYD - Kukatpally","KUK"
"TB6","Pink Vanilla Bento Cake","ea","Bento Party Cakes","Product","Direct","IN","Manager KUK","ID381Q","2026-10-03 08:46:13","2026-10-03","Harley's - HYD - Kukatpally","KUK"
"133","Assorted Cheesecakes (Pack Of 6)","ea","Harley's Sweet Home Assortments","Product","Direct","IN","Manager KUK","ID381Q","2026-10-03 08:46:45","2026-10-03","Harley's - HYD - Kukatpally","KUK"
"139","Assorted Medoviks (Pack Of 6)","ea","Harley's Sweet Home Assortments","Product","Direct","IN","Manager KUK","ID381Q","2026-10-03 08:46:45","2026-10-03","Harley's - HYD - Kukatpally","KUK"
"134","Assorted French Macarons (Pack Of 12)","ea","Harley's Sweet Home Assortments","Product","Direct","IN","Manager KUK","ID381Q","2026-10-03 08:46:45","2026-10-03","Harley's - HYD - Kukatpally","KUK"
"93","Pack Of 4 Medoviks And 4 Macarons","ea","All Time Favourite Combinations","Product","Direct","IN","Manager KUK","ID381Q","2026-10-03 08:46:58","2026-10-03","Harley's - HYD - Kukatpally","KUK"
"92","Pack Of 4 Cheesecakes And 4 Macarons","ea","All Time Favourite Combinations","Product","Direct","IN","Manager KUK","ID381Q","2026-10-03 08:46:58","2026-10-03","Harley's - HYD - Kukatpally","KUK"
"63","Harley's Signatures (Pack of 8)","ea","Chef's Table","Product","Direct","IN","Manager KUK","ID381Q","2026-10-03 08:47:05","2026-10-03","Harley's - HYD - Kukatpally","KUK"
"93","Pack Of 4 Medoviks And 4 Macarons","ea","All Time Favourite Combinations","Product","Direct","IN","Banjara Hills","BAN2","2026-10-03 08:58:17","2026-10-03","Harley's - HYD - Banjara Hills","BAN"
"92","Pack Of 4 Cheesecakes And 4 Macarons","ea","All Time Favourite Combinations","Product","Direct","IN","Banjara Hills","BAN2","2026-10-03 08:58:17","2026-10-03","Harley's - HYD - Banjara Hills","BAN"
"135","Assorted French Macarons (Pack Of 24)","ea","Harley's Sweet Home Assortments","Product","Direct","IN","Banjara Hills","BAN2","2026-10-03 08:58:32","2026-10-03","Harley's - HYD - Banjara Hills","BAN"
"134","Assorted French Macarons (Pack Of 12)","ea","Harley's Sweet Home Assortments","Product","Direct","IN","Banjara Hills","BAN2","2026-10-03 08:58:32","2026-10-03","Harley's - HYD - Banjara Hills","BAN"
"133","Assorted Cheesecakes (Pack Of 6)","ea","Harley's Sweet Home Assortments","Product","Direct","IN","Banjara Hills","BAN2","2026-10-03 08:58:32","2026-10-03","Harley's - HYD - Banjara Hills","BAN"
"139","Assorted Medoviks (Pack Of 6)","ea","Harley's Sweet Home Assortments","Product","Direct","IN","Banjara Hills","BAN2","2026-10-03 08:58:32","2026-10-03","Harley's - HYD - Banjara Hills","BAN"
"136","Assorted French Macarons (Pack Of 5)","ea","Harley's Sweet Home Assortments","Product","Direct","IN","Banjara Hills","BAN2","2026-10-03 08:58:32","2026-10-03","Harley's - HYD - Banjara Hills","BAN"
"27","Blueberry Muffin (Pack Of 2)","ea","Barcakes & Muffins","Product","Direct","IN","Banjara Hills","BAN2","2026-10-03 08:58:49","2026-10-03","Harley's - HYD - Banjara Hills","BAN"
"105","Premium Banana Walnut Bar Cake (250 Gms)","ea","Barcakes & Muffins","Product","Direct","IN","Banjara Hills","BAN2","2026-10-03 08:58:49","2026-10-03","Harley's - HYD - Banjara Hills","BAN"
"64","Harley's Special Mawa Bar Cake (250 Gms)","ea","Barcakes & Muffins","Product","Direct","IN","Banjara Hills","BAN2","2026-10-03 08:58:49","2026-10-03","Harley's - HYD - Banjara Hills","BAN"
"34","Chocochip Muffin (Pack Of 2)","ea","Barcakes & Muffins","Product","Direct","IN","Banjara Hills","BAN2","2026-10-03 08:58:49","2026-10-03","Harley's - HYD - Banjara Hills","BAN"
"102","Pistachio Delight Medovik With Macaron","ea","Harley's Signature Medovik Pastry","Product","Direct","IN","Banjara Hills","BAN2","2026-10-03 08:58:59","2026-10-03","Harley's - HYD - Banjara Hills","BAN"
"214","London Viral Whipped Caramel Medovik With Macaron","ea","Harley's Signature Medovik Pastry","Product","Direct","IN","Banjara Hills","BAN2","2026-10-03 08:58:59","2026-10-03","Harley's - HYD - Banjara Hills","BAN"
"83","Lotus Biscoff Medovik With Macaron","ea","Harley's Signature Medovik Pastry","Product","Direct","IN","Banjara Hills","BAN2","2026-10-03 08:58:59","2026-10-03","Harley's - HYD - Banjara Hills","BAN"
"74","Italian Tiramisu Medovik With Macaron","ea","Harley's Signature Medovik Pastry","Product","Direct","IN","Banjara Hills","BAN2","2026-10-03 08:58:59","2026-10-03","Harley's - HYD - Banjara Hills","BAN"
"68","Harley's Spl. Classic Russian Medovik With Macaron","ea","Harley's Signature Medovik Pastry","Product","Direct","IN","Banjara Hills","BAN2","2026-10-03 08:58:59","2026-10-03","Harley's - HYD - Banjara Hills","BAN"
"57","French Vanilla Rose Medovik With Macaron","ea","Harley's Signature Medovik Pastry","Product","Direct","IN","Banjara Hills","BAN2","2026-10-03 08:58:59","2026-10-03","Harley's - HYD - Banjara Hills","BAN"
"55","Ferrero Nutella Medovik With Macaron","ea","Harley's Signature Medovik Pastry","Product","Direct","IN","Banjara Hills","BAN2","2026-10-03 08:58:59","2026-10-03","Harley's - HYD - Banjara Hills","BAN"
"46","Danish Hazelnut Chocolate Medovik With Macaron","ea","Harley's Signature Medovik Pastry","Product","Direct","IN","Banjara Hills","BAN2","2026-10-03 08:58:59","2026-10-03","Harley's - HYD - Banjara Hills","BAN"
"16","Austrian White Forest Medovik With Macaron","ea","Harley's Signature Medovik Pastry","Product","Direct","IN","Banjara Hills","BAN2","2026-10-03 08:58:59","2026-10-03","Harley's - HYD - Banjara Hills","BAN"
"129","Swiss Black & White Medovik With Macaron","ea","Harley's Signature Medovik Pastry","Product","Direct","IN","Banjara Hills","BAN2","2026-10-03 08:58:59","2026-10-03","Harley's - HYD - Banjara Hills","BAN"
"124","Sparkling Dark Chocolate Medovik With Macaron","ea","Harley's Signature Medovik Pastry","Product","Direct","IN","Banjara Hills","BAN2","2026-10-03 08:58:59","2026-10-03","Harley's - HYD - Banjara Hills","BAN"
"116","Signature Belgium Chocolate Medovik With Macaron","ea","Harley's Signature Medovik Pastry","Product","Direct","IN","Banjara Hills","BAN2","2026-10-03 08:58:59","2026-10-03","Harley's - HYD - Banjara Hills","BAN"
"110","Premium Butterscotch Medovik With Macaron","ea","Harley's Signature Medovik Pastry","Product","Direct","IN","Banjara Hills","BAN2","2026-10-03 08:58:59","2026-10-03","Harley's - HYD - Banjara Hills","BAN"
"TB22","Pistachio Bento Cheesecake","ea","Party Cheesecakes","Product","Direct","IN","Banjara Hills","BAN2","2026-10-03 08:59:19","2026-10-03","Harley's - HYD - Banjara Hills","BAN"
"40","Danish Hazelnut Cheesecake","ea","Harley's Gourmet Celebration Cheesecakes","Product","Direct","IN","Banjara Hills","BAN2","2026-10-03 08:59:19","2026-10-03","Harley's - HYD - Banjara Hills","BAN"
"39","Danish Hazelnut Cheesecake","ea","Harley's Gourmet Celebration Cheesecakes","Product","Direct","IN","Banjara Hills","BAN2","2026-10-03 08:59:19","2026-10-03","Harley's - HYD - Banjara Hills","BAN"
"TB14","Hazelnut Bento Cheesecake","ea","Party Cheesecakes","Product","Direct","IN","Banjara Hills","BAN2","2026-10-03 08:59:19","2026-10-03","Harley's - HYD - Banjara Hills","BAN"
"78","Lotus Biscoff Cheesecake With Macaron","ea","Finely Baked Cheesecake Pastry","Product","Direct","IN","Banjara Hills","BAN2","2026-10-03 08:59:19","2026-10-03","Harley's - HYD - Banjara Hills","BAN"
"51","Ferrero Nutella Cheesecake With Macaron","ea","Finely Baked Cheesecake Pastry","Product","Direct","IN","Banjara Hills","BAN2","2026-10-03 08:59:19","2026-10-03","Harley's - HYD - Banjara Hills","BAN"
"41","Danish Hazelnut Cheesecake With Macaron","ea","Finely Baked Cheesecake Pastry","Product","Direct","IN","Banjara Hills","BAN2","2026-10-03 08:59:19","2026-10-03","Harley's - HYD - Banjara Hills","BAN"
"32","Chef's Favourite Blueberry Cheesecake With Macaron","ea","Finely Baked Cheesecake Pastry","Product","Direct","IN","Banjara Hills","BAN2","2026-10-03 08:59:19","2026-10-03","Harley's - HYD - Banjara Hills","BAN"
"21","Belgium Chocolate Cheesecake With Macaron","ea","Finely Baked Cheesecake Pastry","Product","Direct","IN","Banjara Hills","BAN2","2026-10-03 08:59:19","2026-10-03","Harley's - HYD - Banjara Hills","BAN"
"120","Smoky Caramel Cheesecake With Macaron","ea","Finely Baked Cheesecake Pastry","Product","Direct","IN","Banjara Hills","BAN2","2026-10-03 08:59:19","2026-10-03","Harley's - HYD - Banjara Hills","BAN"
"TB21","Lotus Biscoff Bento Cheesecake","ea","Party Cheesecakes","Product","Direct","IN","Banjara Hills","BAN2","2026-10-03 08:59:19","2026-10-03","Harley's - HYD - Banjara Hills","BAN"
"TB20","Nutella Bento Cheesecake","ea","Party Cheesecakes","Product","Direct","IN","Banjara Hills","BAN2","2026-10-03 08:59:19","2026-10-03","Harley's - HYD - Banjara Hills","BAN"
"TB19","Blueberry Bento Cheesecake","ea","Party Cheesecakes","Product","Direct","IN","Banjara Hills","BAN2","2026-10-03 08:59:19","2026-10-03","Harley's - HYD - Banjara Hills","BAN"
"TB18","Tiramisu Bento Cheesecake","ea","Party Cheesecakes","Product","Direct","IN","Banjara Hills","BAN2","2026-10-03 08:59:19","2026-10-03","Harley's - HYD - Banjara Hills","BAN"
"TB17","Strawberry Bento Cheesecake","ea","Party Cheesecakes","Product","Direct","IN","Banjara Hills","BAN2","2026-10-03 08:59:19","2026-10-03","Harley's - HYD - Banjara Hills","BAN"
"TB16","Caramel Bento Cheesecake","ea","Party Cheesecakes","Product","Direct","IN","Banjara Hills","BAN2","2026-10-03 08:59:19","2026-10-03","Harley's - HYD - Banjara Hills","BAN"
"TB15","Chocolate Bento Cheesecake","ea","Party Cheesecakes","Product","Direct","IN","Banjara Hills","BAN2","2026-10-03 08:59:19","2026-10-03","Harley's - HYD - Banjara Hills","BAN"
"49","Ferrero Nutella Cheesecake","ea","Harley's Gourmet Celebration Cheesecakes","Product","Direct","IN","Banjara Hills","BAN2","2026-10-03 08:59:19","2026-10-03","Harley's - HYD - Banjara Hills","BAN"
"50","Ferrero Nutella Cheesecake","ea","Harley's Gourmet Celebration Cheesecakes","Product","Direct","IN","Banjara Hills","BAN2","2026-10-03 08:59:19","2026-10-03","Harley's - HYD - Banjara Hills","BAN"
"19","Belgium Chocolate Cheesecake","ea","Harley's Gourmet Celebration Cheesecakes","Product","Direct","IN","Banjara Hills","BAN2","2026-10-03 08:59:19","2026-10-03","Harley's - HYD - Banjara Hills","BAN"
"20","Belgium Chocolate Cheesecake","ea","Harley's Gourmet Celebration Cheesecakes","Product","Direct","IN","Banjara Hills","BAN2","2026-10-03 08:59:19","2026-10-03","Harley's - HYD - Banjara Hills","BAN"
"119","Smoky Caramel Cheesecake","ea","Harley's Gourmet Celebration Cheesecakes","Product","Direct","IN","Banjara Hills","BAN2","2026-10-03 08:59:19","2026-10-03","Harley's - HYD - Banjara Hills","BAN"
"118","Smoky Caramel Cheesecake","ea","Harley's Gourmet Celebration Cheesecakes","Product","Direct","IN","Banjara Hills","BAN2","2026-10-03 08:59:19","2026-10-03","Harley's - HYD - Banjara Hills","BAN"
"77","Lotus Biscoff Cheesecake","ea","Harley's Gourmet Celebration Cheesecakes","Product","Direct","IN","Banjara Hills","BAN2","2026-10-03 08:59:19","2026-10-03","Harley's - HYD - Banjara Hills","BAN"
"76","Lotus Biscoff Cheesecake","ea","Harley's Gourmet Celebration Cheesecakes","Product","Direct","IN","Banjara Hills","BAN2","2026-10-03 08:59:19","2026-10-03","Harley's - HYD - Banjara Hills","BAN"
"30","Chef's Favourite Blueberry Cheesecake","ea","Harley's Gourmet Celebration Cheesecakes","Product","Direct","IN","Banjara Hills","BAN2","2026-10-03 08:59:19","2026-10-03","Harley's - HYD - Banjara Hills","BAN"
"31","Chef's Favourite Blueberry Cheesecake","ea","Harley's Gourmet Celebration Cheesecakes","Product","Direct","IN","Banjara Hills","BAN2","2026-10-03 08:59:19","2026-10-03","Harley's - HYD - Banjara Hills","BAN"
"213","London Viral Whipped Caramel Medovik Cake","ea","Harley's Grand Celebration Medovik Cakes","Product","Direct","IN","Banjara Hills","BAN2","2026-10-03 08:59:53","2026-10-03","Harley's - HYD - Banjara Hills","BAN"
"212","London Viral Whipped Caramel Medovik Cake","ea","Harley's Grand Celebration Medovik Cakes","Product","Direct","IN","Banjara Hills","BAN2","2026-10-03 08:59:53","2026-10-03","Harley's - HYD - Banjara Hills","BAN"
"45","Danish Hazelnut Chocolate Medovik Cake","ea","Harley's Grand Celebration Medovik Cakes","Product","Direct","IN","Banjara Hills","BAN2","2026-10-03 08:59:53","2026-10-03","Harley's - HYD - Banjara Hills","BAN"
"44","Danish Hazelnut Chocolate Medovik Cake","ea","Harley's Grand Celebration Medovik Cakes","Product","Direct","IN","Banjara Hills","BAN2","2026-10-03 08:59:53","2026-10-03","Harley's - HYD - Banjara Hills","BAN"
"82","Lotus Biscoff Medovik Cake","ea","Harley's Grand Celebration Medovik Cakes","Product","Direct","IN","Banjara Hills","BAN2","2026-10-03 08:59:53","2026-10-03","Harley's - HYD - Banjara Hills","BAN"
"81","Lotus Biscoff Medovik Cake","ea","Harley's Grand Celebration Medovik Cakes","Product","Direct","IN","Banjara Hills","BAN2","2026-10-03 08:59:53","2026-10-03","Harley's - HYD - Banjara Hills","BAN"
"73","Italian Tiramisu Medovik Cake","ea","Harley's Grand Celebration Medovik Cakes","Product","Direct","IN","Banjara Hills","BAN2","2026-10-03 08:59:53","2026-10-03","Harley's - HYD - Banjara Hills","BAN"
"72","Italian Tiramisu Medovik Cake","ea","Harley's Grand Celebration Medovik Cakes","Product","Direct","IN","Banjara Hills","BAN2","2026-10-03 08:59:53","2026-10-03","Harley's - HYD - Banjara Hills","BAN"
"53","Ferrero Nutella Medovik Cake","ea","Harley's Grand Celebration Medovik Cakes","Product","Direct","IN","Banjara Hills","BAN2","2026-10-03 08:59:53","2026-10-03","Harley's - HYD - Banjara Hills","BAN"
"54","Ferrero Nutella Medovik Cake","ea","Harley's Grand Celebration Medovik Cakes","Product","Direct","IN","Banjara Hills","BAN2","2026-10-03 08:59:53","2026-10-03","Harley's - HYD - Banjara Hills","BAN"
"14","Austrian White Forest Medovik Cake","ea","Harley's Grand Celebration Medovik Cakes","Product","Direct","IN","Banjara Hills","BAN2","2026-10-03 08:59:53","2026-10-03","Harley's - HYD - Banjara Hills","BAN"
"15","Austrian White Forest Medovik Cake","ea","Harley's Grand Celebration Medovik Cakes","Product","Direct","IN","Banjara Hills","BAN2","2026-10-03 08:59:53","2026-10-03","Harley's - HYD - Banjara Hills","BAN"
"127","Swiss Black & White Chocolate Medovik Cake","ea","Harley's Grand Celebration Medovik Cakes","Product","Direct","IN","Banjara Hills","BAN2","2026-10-03 08:59:53","2026-10-03","Harley's - HYD - Banjara Hills","BAN"
"128","Swiss Black & White Chocolate Medovik Cake","ea","Harley's Grand Celebration Medovik Cakes","Product","Direct","IN","Banjara Hills","BAN2","2026-10-03 08:59:53","2026-10-03","Harley's - HYD - Banjara Hills","BAN"
"123","Sparkling Dark Chocolate Medovik Cake","ea","Harley's Grand Celebration Medovik Cakes","Product","Direct","IN","Banjara Hills","BAN2","2026-10-03 08:59:53","2026-10-03","Harley's - HYD - Banjara Hills","BAN"
"122","Sparkling Dark Chocolate Medovik Cake","ea","Harley's Grand Celebration Medovik Cakes","Product","Direct","IN","Banjara Hills","BAN2","2026-10-03 08:59:53","2026-10-03","Harley's - HYD - Banjara Hills","BAN"
"115","Signature Belgium Chocolate Medovik Cake","ea","Harley's Grand Celebration Medovik Cakes","Product","Direct","IN","Banjara Hills","BAN2","2026-10-03 08:59:53","2026-10-03","Harley's - HYD - Banjara Hills","BAN"
"114","Signature Belgium Chocolate Medovik Cake","ea","Harley's Grand Celebration Medovik Cakes","Product","Direct","IN","Banjara Hills","BAN2","2026-10-03 08:59:53","2026-10-03","Harley's - HYD - Banjara Hills","BAN"
"108","Premium Butterscotch Medovik Cake","ea","Harley's Grand Celebration Medovik Cakes","Product","Direct","IN","Banjara Hills","BAN2","2026-10-03 08:59:53","2026-10-03","Harley's - HYD - Banjara Hills","BAN"
"109","Premium Butterscotch Medovik Cake","ea","Harley's Grand Celebration Medovik Cakes","Product","Direct","IN","Banjara Hills","BAN2","2026-10-03 08:59:53","2026-10-03","Harley's - HYD - Banjara Hills","BAN"
"100","Pistachio Delight Medovik Cake","ea","Harley's Grand Celebration Medovik Cakes","Product","Direct","IN","Banjara Hills","BAN2","2026-10-03 08:59:53","2026-10-03","Harley's - HYD - Banjara Hills","BAN"
"101","Pistachio Delight Medovik Cake","ea","Harley's Grand Celebration Medovik Cakes","Product","Direct","IN","Banjara Hills","BAN2","2026-10-03 08:59:53","2026-10-03","Harley's - HYD - Banjara Hills","BAN"
"67","Harley's Spl. Classic Russian Medovik Cake","ea","Harley's Grand Celebration Medovik Cakes","Product","Direct","IN","Banjara Hills","BAN2","2026-10-03 08:59:53","2026-10-03","Harley's - HYD - Banjara Hills","BAN"
"66","Harley's Spl. Classic Russian Medovik Cake","ea","Harley's Grand Celebration Medovik Cakes","Product","Direct","IN","Banjara Hills","BAN2","2026-10-03 08:59:53","2026-10-03","Harley's - HYD - Banjara Hills","BAN"
"60","French Vanilla Strawberry Rose Medovik Cake","ea","Harley's Grand Celebration Medovik Cakes","Product","Direct","IN","Banjara Hills","BAN2","2026-10-03 08:59:53","2026-10-03","Harley's - HYD - Banjara Hills","BAN"
"59","French Vanilla Strawberry Rose Medovik Cake","ea","Harley's Grand Celebration Medovik Cakes","Product","Direct","IN","Banjara Hills","BAN2","2026-10-03 08:59:53","2026-10-03","Harley's - HYD - Banjara Hills","BAN"
"TB11","Pistachio Bento Cake","ea","Bento Party Cakes","Product","Direct","IN","Banjara Hills","BAN2","2026-10-03 09:00:09","2026-10-03","Harley's - HYD - Banjara Hills","BAN"
"TB8","Tiramisu Bento Cake","ea","Bento Party Cakes","Product","Direct","IN","Banjara Hills","BAN2","2026-10-03 09:00:09","2026-10-03","Harley's - HYD - Banjara Hills","BAN"
"TB5","Hazelnut Choco Bento Cake","ea","Bento Party Cakes","Product","Direct","IN","Banjara Hills","BAN2","2026-10-03 09:00:09","2026-10-03","Harley's - HYD - Banjara Hills","BAN"
"TB13","Belgium Chocolate Bento Cake","ea","Bento Party Cakes","Product","Direct","IN","Banjara Hills","BAN2","2026-10-03 09:00:09","2026-10-03","Harley's - HYD - Banjara Hills","BAN"
"TB12","Chocolate Truffle Bento Cake","ea","Bento Party Cakes","Product","Direct","IN","Banjara Hills","BAN2","2026-10-03 09:00:09","2026-10-03","Harley's - HYD - Banjara Hills","BAN"
"TB10","Butterscotch Bento Cake","ea","Bento Party Cakes","Product","Direct","IN","Banjara Hills","BAN2","2026-10-03 09:00:09","2026-10-03","Harley's - HYD - Banjara Hills","BAN"
"TB9","Lotus Biscoff Bento Cake","ea","Bento Party Cakes","Product","Direct","IN","Banjara Hills","BAN2","2026-10-03 09:00:09","2026-10-03","Harley's - HYD - Banjara Hills","BAN"
"TB7","Caramel Bento Cake","ea","Bento Party Cakes","Product","Direct","IN","Banjara Hills","BAN2","2026-10-03 09:00:09","2026-10-03","Harley's - HYD - Banjara Hills","BAN"
"TB6","Pink Vanilla Bento Cake","ea","Bento Party Cakes","Product","Direct","IN","Banjara Hills","BAN2","2026-10-03 09:00:09","2026-10-03","Harley's - HYD - Banjara Hills","BAN"
"27","Blueberry Muffin (Pack Of 2)","ea","Barcakes & Muffins","Product","Direct","OUT","Banjara Hills","BAN2","2026-10-03 16:18:58","2026-10-03","Harley's - HYD - Banjara Hills","BAN"
"14","Austrian White Forest Medovik Cake","ea","Harley's Grand Celebration Medovik Cakes","Product","Direct","OUT","GOP2 HYD","GOP2","2026-10-03 08:12:18","2026-10-03","Harley's - HYD - Gopanpally","GOP"
"59","French Vanilla Strawberry Rose Medovik Cake","ea","Harley's Grand Celebration Medovik Cakes","Product","Direct","OUT","GOP2 HYD","GOP2","2026-10-03 08:12:18","2026-10-03","Harley's - HYD - Gopanpally","GOP"
"TB6","Pink Vanilla Bento Cake","ea","Bento Party Cakes","Product","Direct","OUT","GOP2 HYD","GOP2","2026-10-03 08:12:26","2026-10-03","Harley's - HYD - Gopanpally","GOP"
"15","Austrian White Forest Medovik Cake","ea","Harley's Grand Celebration Medovik Cakes","Product","Direct","IN","GOP2 HYD","GOP2","2026-10-03 12:42:52","2026-10-03","Harley's - HYD - Gopanpally","GOP"
"60","French Vanilla Strawberry Rose Medovik Cake","ea","Harley's Grand Celebration Medovik Cakes","Product","Direct","IN","GOP2 HYD","GOP2","2026-10-03 12:42:52","2026-10-03","Harley's - HYD - Gopanpally","GOP"
"14","Austrian White Forest Medovik Cake","ea","Harley's Grand Celebration Medovik Cakes","Product","Direct","IN","GOP2 HYD","GOP2","2026-10-03 12:42:52","2026-10-03","Harley's - HYD - Gopanpally","GOP"
"59","French Vanilla Strawberry Rose Medovik Cake","ea","Harley's Grand Celebration Medovik Cakes","Product","Direct","IN","GOP2 HYD","GOP2","2026-10-03 12:42:52","2026-10-03","Harley's - HYD - Gopanpally","GOP"
"TB6","Pink Vanilla Bento Cake","ea","Bento Party Cakes","Product","Direct","IN","GOP2 HYD","GOP2","2026-10-03 12:43:00","2026-10-03","Harley's - HYD - Gopanpally","GOP"
"213","London Viral Whipped Caramel Medovik Cake","ea","Harley's Grand Celebration Medovik Cakes","Product","Direct","OUT","GOP2 HYD","GOP2","2026-10-03 16:27:29","2026-10-03","Harley's - HYD - Gopanpally","GOP"
"15","Austrian White Forest Medovik Cake","ea","Harley's Grand Celebration Medovik Cakes","Product","Direct","OUT","GOP2 HYD","GOP2","2026-10-03 16:54:22","2026-10-03","Harley's - HYD - Gopanpally","GOP"
"14","Austrian White Forest Medovik Cake","ea","Harley's Grand Celebration Medovik Cakes","Product","Direct","OUT","GOP2 HYD","GOP2","2026-10-03 16:54:22","2026-10-03","Harley's - HYD - Gopanpally","GOP"
"60","French Vanilla Strawberry Rose Medovik Cake","ea","Harley's Grand Celebration Medovik Cakes","Product","Direct","OUT","GOP2 HYD","GOP2","2026-10-03 16:54:22","2026-10-03","Harley's - HYD - Gopanpally","GOP"
"59","French Vanilla Strawberry Rose Medovik Cake","ea","Harley's Grand Celebration Medovik Cakes","Product","Direct","OUT","GOP2 HYD","GOP2","2026-10-03 16:54:22","2026-10-03","Harley's - HYD - Gopanpally","GOP"
"105","Premium Banana Walnut Bar Cake (250 Gms)","ea","Barcakes & Muffins","Product","Direct","IN","MOO HYD","MOO1","2026-10-03 13:34:00","2026-10-03","Harley's - HYD - Moosapet","MOO"
"64","Harley's Special Mawa Bar Cake (250 Gms)","ea","Barcakes & Muffins","Product","Direct","IN","MOO HYD","MOO1","2026-10-03 13:34:00","2026-10-03","Harley's - HYD - Moosapet","MOO"
"23","Belgium Chocolate Macarons (Pack Of 5)","ea","Harley's French Macarons","Product","Direct","IN","MOO HYD","MOO1","2026-10-03 13:34:23","2026-10-03","Harley's - HYD - Moosapet","MOO"
"60","French Vanilla Strawberry Rose Medovik Cake","ea","Harley's Grand Celebration Medovik Cakes","Product","Direct","IN","ATT HYD","ATT1","2026-10-03 08:30:01","2026-10-03","Harley's - HYD - Attapur","ATT"
"59","French Vanilla Strawberry Rose Medovik Cake","ea","Harley's Grand Celebration Medovik Cakes","Product","Direct","IN","ATT HYD","ATT1","2026-10-03 08:30:01","2026-10-03","Harley's - HYD - Attapur","ATT"
"14","Austrian White Forest Medovik Cake","ea","Harley's Grand Celebration Medovik Cakes","Product","Direct","IN","ATT HYD","ATT1","2026-10-03 08:30:01","2026-10-03","Harley's - HYD - Attapur","ATT"
"15","Austrian White Forest Medovik Cake","ea","Harley's Grand Celebration Medovik Cakes","Product","Direct","IN","ATT HYD","ATT1","2026-10-03 08:30:01","2026-10-03","Harley's - HYD - Attapur","ATT"
"54","Ferrero Nutella Medovik Cake","ea","Harley's Grand Celebration Medovik Cakes","Product","Direct","IN","ATT HYD","ATT1","2026-10-03 08:30:09","2026-10-03","Harley's - HYD - Attapur","ATT"
"128","Swiss Black & White Chocolate Medovik Cake","ea","Harley's Grand Celebration Medovik Cakes","Product","Direct","IN","ATT HYD","ATT1","2026-10-03 08:30:09","2026-10-03","Harley's - HYD - Attapur","ATT"
"123","Sparkling Dark Chocolate Medovik Cake","ea","Harley's Grand Celebration Medovik Cakes","Product","Direct","IN","ATT HYD","ATT1","2026-10-03 08:30:09","2026-10-03","Harley's - HYD - Attapur","ATT"
"115","Signature Belgium Chocolate Medovik Cake","ea","Harley's Grand Celebration Medovik Cakes","Product","Direct","IN","ATT HYD","ATT1","2026-10-03 08:30:09","2026-10-03","Harley's - HYD - Attapur","ATT"
"45","Danish Hazelnut Chocolate Medovik Cake","ea","Harley's Grand Celebration Medovik Cakes","Product","Direct","IN","ATT HYD","ATT1","2026-10-03 08:30:09","2026-10-03","Harley's - HYD - Attapur","ATT"
"TB6","Pink Vanilla Bento Cake","ea","Bento Party Cakes","Product","Direct","IN","ATT HYD","ATT1","2026-10-03 08:30:17","2026-10-03","Harley's - HYD - Attapur","ATT"
"133","Assorted Cheesecakes (Pack Of 6)","ea","Harley's Sweet Home Assortments","Product","Direct","OUT","ATT HYD","ATT1","2026-10-03 14:35:13","2026-10-03","Harley's - HYD - Attapur","ATT"
"94","Pack Of 6 Cheesecakes And 12 Macarons","ea","All Time Favourite Combinations","Product","Direct","OUT","ATT HYD","ATT1","2026-10-03 14:35:20","2026-10-03","Harley's - HYD - Attapur","ATT"
"21","Belgium Chocolate Cheesecake With Macaron","ea","Finely Baked Cheesecake Pastry","Product","Direct","IN","KON HYD","KON1","2026-10-03 10:12:08","2026-10-03","Harley's - HYD - Kondapur","KON"
"97","Pack Of 9 Medoviks And 6 Macarons","ea","All Time Favourite Combinations","Product","Direct","IN","KON HYD","KON1","2026-10-03 10:12:14","2026-10-03","Harley's - HYD - Kondapur","KON"
"96","Pack Of 9 Cheesecakes And 6 Macarons","ea","All Time Favourite Combinations","Product","Direct","IN","KON HYD","KON1","2026-10-03 10:12:14","2026-10-03","Harley's - HYD - Kondapur","KON"
"95","Pack Of 6 Medoviks And 12 Macarons","ea","All Time Favourite Combinations","Product","Direct","IN","KON HYD","KON1","2026-10-03 10:12:14","2026-10-03","Harley's - HYD - Kondapur","KON"
"19","Belgium Chocolate Cheesecake","ea","Harley's Gourmet Celebration Cheesecakes","Product","Direct","IN","KON HYD","KON1","2026-10-03 10:12:19","2026-10-03","Harley's - HYD - Kondapur","KON"
"20","Belgium Chocolate Cheesecake","ea","Harley's Gourmet Celebration Cheesecakes","Product","Direct","IN","KON HYD","KON1","2026-10-03 10:12:19","2026-10-03","Harley's - HYD - Kondapur","KON"
"135","Assorted French Macarons (Pack Of 24)","ea","Harley's Sweet Home Assortments","Product","Direct","IN","KON HYD","KON1","2026-10-03 10:12:35","2026-10-03","Harley's - HYD - Kondapur","KON"
"138","Assorted Medoviks (Pack Of 12)","ea","Harley's Sweet Home Assortments","Product","Direct","IN","KON HYD","KON1","2026-10-03 10:12:35","2026-10-03","Harley's - HYD - Kondapur","KON"
"TB19","Blueberry Bento Cheesecake","ea","Party Cheesecakes","Product","Direct","IN","KON HYD","KON1","2026-10-03 10:12:50","2026-10-03","Harley's - HYD - Kondapur","KON"
"TB20","Nutella Bento Cheesecake","ea","Party Cheesecakes","Product","Direct","IN","KON HYD","KON1","2026-10-03 10:12:50","2026-10-03","Harley's - HYD - Kondapur","KON"
"TB17","Strawberry Bento Cheesecake","ea","Party Cheesecakes","Product","Direct","IN","KON HYD","KON1","2026-10-03 10:12:50","2026-10-03","Harley's - HYD - Kondapur","KON"
"TB15","Chocolate Bento Cheesecake","ea","Party Cheesecakes","Product","Direct","IN","KON HYD","KON1","2026-10-03 10:12:50","2026-10-03","Harley's - HYD - Kondapur","KON"
"116","Signature Belgium Chocolate Medovik With Macaron","ea","Harley's Signature Medovik Pastry","Product","Direct","IN","KON HYD","KON1","2026-10-03 10:13:02","2026-10-03","Harley's - HYD - Kondapur","KON"
"124","Sparkling Dark Chocolate Medovik With Macaron","ea","Harley's Signature Medovik Pastry","Product","Direct","IN","KON HYD","KON1","2026-10-03 10:13:02","2026-10-03","Harley's - HYD - Kondapur","KON"
"129","Swiss Black & White Medovik With Macaron","ea","Harley's Signature Medovik Pastry","Product","Direct","IN","KON HYD","KON1","2026-10-03 10:13:02","2026-10-03","Harley's - HYD - Kondapur","KON"
"54","Ferrero Nutella Medovik Cake","ea","Harley's Grand Celebration Medovik Cakes","Product","Direct","IN","KON HYD","KON1","2026-10-03 10:13:21","2026-10-03","Harley's - HYD - Kondapur","KON"
"123","Sparkling Dark Chocolate Medovik Cake","ea","Harley's Grand Celebration Medovik Cakes","Product","Direct","IN","KON HYD","KON1","2026-10-03 10:13:21","2026-10-03","Harley's - HYD - Kondapur","KON"
"115","Signature Belgium Chocolate Medovik Cake","ea","Harley's Grand Celebration Medovik Cakes","Product","Direct","IN","KON HYD","KON1","2026-10-03 10:13:21","2026-10-03","Harley's - HYD - Kondapur","KON"
"45","Danish Hazelnut Chocolate Medovik Cake","ea","Harley's Grand Celebration Medovik Cakes","Product","Direct","IN","KON HYD","KON1","2026-10-03 10:13:21","2026-10-03","Harley's - HYD - Kondapur","KON"
"127","Swiss Black & White Chocolate Medovik Cake","ea","Harley's Grand Celebration Medovik Cakes","Product","Direct","IN","KON HYD","KON1","2026-10-03 10:13:21","2026-10-03","Harley's - HYD - Kondapur","KON"
"122","Sparkling Dark Chocolate Medovik Cake","ea","Harley's Grand Celebration Medovik Cakes","Product","Direct","IN","KON HYD","KON1","2026-10-03 10:13:21","2026-10-03","Harley's - HYD - Kondapur","KON"
"114","Signature Belgium Chocolate Medovik Cake","ea","Harley's Grand Celebration Medovik Cakes","Product","Direct","IN","KON HYD","KON1","2026-10-03 10:13:21","2026-10-03","Harley's - HYD - Kondapur","KON"
"44","Danish Hazelnut Chocolate Medovik Cake","ea","Harley's Grand Celebration Medovik Cakes","Product","Direct","IN","KON HYD","KON1","2026-10-03 10:13:21","2026-10-03","Harley's - HYD - Kondapur","KON"
"53","Ferrero Nutella Medovik Cake","ea","Harley's Grand Celebration Medovik Cakes","Product","Direct","IN","KON HYD","KON1","2026-10-03 10:13:21","2026-10-03","Harley's - HYD - Kondapur","KON"
"128","Swiss Black & White Chocolate Medovik Cake","ea","Harley's Grand Celebration Medovik Cakes","Product","Direct","IN","KON HYD","KON1","2026-10-03 10:13:26","2026-10-03","Harley's - HYD - Kondapur","KON"
"TB12","Chocolate Truffle Bento Cake","ea","Bento Party Cakes","Product","Direct","IN","KON HYD","KON1","2026-10-03 10:13:35","2026-10-03","Harley's - HYD - Kondapur","KON"
"TB13","Belgium Chocolate Bento Cake","ea","Bento Party Cakes","Product","Direct","IN","KON HYD","KON1","2026-10-03 10:13:35","2026-10-03","Harley's - HYD - Kondapur","KON"
"57","French Vanilla Rose Medovik With Macaron","ea","Harley's Signature Medovik Pastry","Product","Direct","IN","KON HYD","KON1","2026-10-03 11:50:08","2026-10-03","Harley's - HYD - Kondapur","KON"
"60","French Vanilla Strawberry Rose Medovik Cake","ea","Harley's Grand Celebration Medovik Cakes","Product","Direct","IN","KON HYD","KON1","2026-10-03 11:50:25","2026-10-03","Harley's - HYD - Kondapur","KON"
"59","French Vanilla Strawberry Rose Medovik Cake","ea","Harley's Grand Celebration Medovik Cakes","Product","Direct","IN","KON HYD","KON1","2026-10-03 11:50:25","2026-10-03","Harley's - HYD - Kondapur","KON"
"15","Austrian White Forest Medovik Cake","ea","Harley's Grand Celebration Medovik Cakes","Product","Direct","IN","KON HYD","KON1","2026-10-03 11:50:25","2026-10-03","Harley's - HYD - Kondapur","KON"
"TB6","Pink Vanilla Bento Cake","ea","Bento Party Cakes","Product","Direct","IN","KON HYD","KON1","2026-10-03 11:50:32","2026-10-03","Harley's - HYD - Kondapur","KON"
"105","Premium Banana Walnut Bar Cake (250 Gms)","ea","Barcakes & Muffins","Product","Direct","IN","KON HYD","KON1","2026-10-03 11:51:03","2026-10-03","Harley's - HYD - Kondapur","KON"
"64","Harley's Special Mawa Bar Cake (250 Gms)","ea","Barcakes & Muffins","Product","Direct","IN","KON HYD","KON1","2026-10-03 11:51:03","2026-10-03","Harley's - HYD - Kondapur","KON"
"135","Assorted French Macarons (Pack Of 24)","ea","Harley's Sweet Home Assortments","Product","Direct","OUT","KON HYD","KON1","2026-10-03 12:46:44","2026-10-03","Harley's - HYD - Kondapur","KON"
"138","Assorted Medoviks (Pack Of 12)","ea","Harley's Sweet Home Assortments","Product","Direct","OUT","KON HYD","KON1","2026-10-03 12:46:51","2026-10-03","Harley's - HYD - Kondapur","KON"
"54","Ferrero Nutella Medovik Cake","ea","Harley's Grand Celebration Medovik Cakes","Product","Direct","IN","HAB HYD","HAB1","2026-10-03 12:00:07","2026-10-03","Harley's - HYD - Habsiguda","HAB"
"123","Sparkling Dark Chocolate Medovik Cake","ea","Harley's Grand Celebration Medovik Cakes","Product","Direct","IN","HAB HYD","HAB1","2026-10-03 12:00:07","2026-10-03","Harley's - HYD - Habsiguda","HAB"
"128","Swiss Black & White Chocolate Medovik Cake","ea","Harley's Grand Celebration Medovik Cakes","Product","Direct","IN","HAB HYD","HAB1","2026-10-03 12:00:07","2026-10-03","Harley's - HYD - Habsiguda","HAB"
"115","Signature Belgium Chocolate Medovik Cake","ea","Harley's Grand Celebration Medovik Cakes","Product","Direct","IN","HAB HYD","HAB1","2026-10-03 12:00:07","2026-10-03","Harley's - HYD - Habsiguda","HAB"
"45","Danish Hazelnut Chocolate Medovik Cake","ea","Harley's Grand Celebration Medovik Cakes","Product","Direct","IN","HAB HYD","HAB1","2026-10-03 12:00:07","2026-10-03","Harley's - HYD - Habsiguda","HAB"
"127","Swiss Black & White Chocolate Medovik Cake","ea","Harley's Grand Celebration Medovik Cakes","Product","Direct","IN","HAB HYD","HAB1","2026-10-03 12:00:07","2026-10-03","Harley's - HYD - Habsiguda","HAB"
"122","Sparkling Dark Chocolate Medovik Cake","ea","Harley's Grand Celebration Medovik Cakes","Product","Direct","IN","HAB HYD","HAB1","2026-10-03 12:00:07","2026-10-03","Harley's - HYD - Habsiguda","HAB"
"114","Signature Belgium Chocolate Medovik Cake","ea","Harley's Grand Celebration Medovik Cakes","Product","Direct","IN","HAB HYD","HAB1","2026-10-03 12:00:07","2026-10-03","Harley's - HYD - Habsiguda","HAB"
"44","Danish Hazelnut Chocolate Medovik Cake","ea","Harley's Grand Celebration Medovik Cakes","Product","Direct","IN","HAB HYD","HAB1","2026-10-03 12:00:07","2026-10-03","Harley's - HYD - Habsiguda","HAB"
"46","Danish Hazelnut Chocolate Medovik With Macaron","ea","Harley's Signature Medovik Pastry","Product","Direct","IN","HAB HYD","HAB1","2026-10-03 12:00:33","2026-10-03","Harley's - HYD - Habsiguda","HAB"
"55","Ferrero Nutella Medovik With Macaron","ea","Harley's Signature Medovik Pastry","Product","Direct","IN","HAB HYD","HAB1","2026-10-03 12:00:33","2026-10-03","Harley's - HYD - Habsiguda","HAB"
"129","Swiss Black & White Medovik With Macaron","ea","Harley's Signature Medovik Pastry","Product","Direct","IN","HAB HYD","HAB1","2026-10-03 12:00:33","2026-10-03","Harley's - HYD - Habsiguda","HAB"
"124","Sparkling Dark Chocolate Medovik With Macaron","ea","Harley's Signature Medovik Pastry","Product","Direct","IN","HAB HYD","HAB1","2026-10-03 12:00:33","2026-10-03","Harley's - HYD - Habsiguda","HAB"
"116","Signature Belgium Chocolate Medovik With Macaron","ea","Harley's Signature Medovik Pastry","Product","Direct","IN","HAB HYD","HAB1","2026-10-03 12:00:33","2026-10-03","Harley's - HYD - Habsiguda","HAB"
"TB13","Belgium Chocolate Bento Cake","ea","Bento Party Cakes","Product","Direct","IN","HAB HYD","HAB1","2026-10-03 12:01:07","2026-10-03","Harley's - HYD - Habsiguda","HAB"
"TB5","Hazelnut Choco Bento Cake","ea","Bento Party Cakes","Product","Direct","IN","HAB HYD","HAB1","2026-10-03 12:01:07","2026-10-03","Harley's - HYD - Habsiguda","HAB"
"134","Assorted French Macarons (Pack Of 12)","ea","Harley's Sweet Home Assortments","Product","Direct","IN","HAB HYD","HAB1","2026-10-03 12:02:27","2026-10-03","Harley's - HYD - Habsiguda","HAB"
"139","Assorted Medoviks (Pack Of 6)","ea","Harley's Sweet Home Assortments","Product","Direct","IN","HAB HYD","HAB1","2026-10-03 12:02:27","2026-10-03","Harley's - HYD - Habsiguda","HAB"
"214","London Viral Whipped Caramel Medovik With Macaron","ea","Harley's Signature Medovik Pastry","Product","Direct","IN","Charminar","CHAR2","2026-10-03 09:34:30","2026-10-03","Harley's - HYD - Charminar","CHAR"
"74","Italian Tiramisu Medovik With Macaron","ea","Harley's Signature Medovik Pastry","Product","Direct","IN","Charminar","CHAR2","2026-10-03 09:34:30","2026-10-03","Harley's - HYD - Charminar","CHAR"
"82","Lotus Biscoff Medovik Cake","ea","Harley's Grand Celebration Medovik Cakes","Product","Direct","IN","Charminar","CHAR2","2026-10-03 09:34:30","2026-10-03","Harley's - HYD - Charminar","CHAR"
"68","Harley's Spl. Classic Russian Medovik With Macaron","ea","Harley's Signature Medovik Pastry","Product","Direct","IN","Charminar","CHAR2","2026-10-03 09:34:30","2026-10-03","Harley's - HYD - Charminar","CHAR"
"83","Lotus Biscoff Medovik With Macaron","ea","Harley's Signature Medovik Pastry","Product","Direct","IN","Charminar","CHAR2","2026-10-03 09:34:30","2026-10-03","Harley's - HYD - Charminar","CHAR"
"110","Premium Butterscotch Medovik With Macaron","ea","Harley's Signature Medovik Pastry","Product","Direct","IN","Charminar","CHAR2","2026-10-03 09:34:30","2026-10-03","Harley's - HYD - Charminar","CHAR"
"81","Lotus Biscoff Medovik Cake","ea","Harley's Grand Celebration Medovik Cakes","Product","Direct","IN","Charminar","CHAR2","2026-10-03 09:34:30","2026-10-03","Harley's - HYD - Charminar","CHAR"
"73","Italian Tiramisu Medovik Cake","ea","Harley's Grand Celebration Medovik Cakes","Product","Direct","IN","Charminar","CHAR2","2026-10-03 09:34:30","2026-10-03","Harley's - HYD - Charminar","CHAR"
"72","Italian Tiramisu Medovik Cake","ea","Harley's Grand Celebration Medovik Cakes","Product","Direct","IN","Charminar","CHAR2","2026-10-03 09:34:30","2026-10-03","Harley's - HYD - Charminar","CHAR"
"213","London Viral Whipped Caramel Medovik Cake","ea","Harley's Grand Celebration Medovik Cakes","Product","Direct","IN","Charminar","CHAR2","2026-10-03 09:34:30","2026-10-03","Harley's - HYD - Charminar","CHAR"
"212","London Viral Whipped Caramel Medovik Cake","ea","Harley's Grand Celebration Medovik Cakes","Product","Direct","IN","Charminar","CHAR2","2026-10-03 09:34:30","2026-10-03","Harley's - HYD - Charminar","CHAR"
"108","Premium Butterscotch Medovik Cake","ea","Harley's Grand Celebration Medovik Cakes","Product","Direct","IN","Charminar","CHAR2","2026-10-03 09:34:30","2026-10-03","Harley's - HYD - Charminar","CHAR"
"109","Premium Butterscotch Medovik Cake","ea","Harley's Grand Celebration Medovik Cakes","Product","Direct","IN","Charminar","CHAR2","2026-10-03 09:34:30","2026-10-03","Harley's - HYD - Charminar","CHAR"
"67","Harley's Spl. Classic Russian Medovik Cake","ea","Harley's Grand Celebration Medovik Cakes","Product","Direct","IN","Charminar","CHAR2","2026-10-03 09:34:30","2026-10-03","Harley's - HYD - Charminar","CHAR"
"66","Harley's Spl. Classic Russian Medovik Cake","ea","Harley's Grand Celebration Medovik Cakes","Product","Direct","IN","Charminar","CHAR2","2026-10-03 09:34:30","2026-10-03","Harley's - HYD - Charminar","CHAR"
"15","Austrian White Forest Medovik Cake","ea","Harley's Grand Celebration Medovik Cakes","Product","Direct","IN","Charminar","CHAR2","2026-10-03 09:34:30","2026-10-03","Harley's - HYD - Charminar","CHAR"
"115","Signature Belgium Chocolate Medovik Cake","ea","Harley's Grand Celebration Medovik Cakes","Product","Direct","IN","Charminar","CHAR2","2026-10-03 09:34:30","2026-10-03","Harley's - HYD - Charminar","CHAR"
"123","Sparkling Dark Chocolate Medovik Cake","ea","Harley's Grand Celebration Medovik Cakes","Product","Direct","IN","Charminar","CHAR2","2026-10-03 09:34:30","2026-10-03","Harley's - HYD - Charminar","CHAR"
"128","Swiss Black & White Chocolate Medovik Cake","ea","Harley's Grand Celebration Medovik Cakes","Product","Direct","IN","Charminar","CHAR2","2026-10-03 09:34:30","2026-10-03","Harley's - HYD - Charminar","CHAR"
"122","Sparkling Dark Chocolate Medovik Cake","ea","Harley's Grand Celebration Medovik Cakes","Product","Direct","IN","Charminar","CHAR2","2026-10-03 09:34:30","2026-10-03","Harley's - HYD - Charminar","CHAR"
"114","Signature Belgium Chocolate Medovik Cake","ea","Harley's Grand Celebration Medovik Cakes","Product","Direct","IN","Charminar","CHAR2","2026-10-03 09:34:30","2026-10-03","Harley's - HYD - Charminar","CHAR"
"44","Danish Hazelnut Chocolate Medovik Cake","ea","Harley's Grand Celebration Medovik Cakes","Product","Direct","IN","Charminar","CHAR2","2026-10-03 09:34:30","2026-10-03","Harley's - HYD - Charminar","CHAR"
"45","Danish Hazelnut Chocolate Medovik Cake","ea","Harley's Grand Celebration Medovik Cakes","Product","Direct","IN","Charminar","CHAR2","2026-10-03 09:34:30","2026-10-03","Harley's - HYD - Charminar","CHAR"
"127","Swiss Black & White Chocolate Medovik Cake","ea","Harley's Grand Celebration Medovik Cakes","Product","Direct","IN","Charminar","CHAR2","2026-10-03 09:34:30","2026-10-03","Harley's - HYD - Charminar","CHAR"
"53","Ferrero Nutella Medovik Cake","ea","Harley's Grand Celebration Medovik Cakes","Product","Direct","IN","Charminar","CHAR2","2026-10-03 09:34:30","2026-10-03","Harley's - HYD - Charminar","CHAR"
"54","Ferrero Nutella Medovik Cake","ea","Harley's Grand Celebration Medovik Cakes","Product","Direct","IN","Charminar","CHAR2","2026-10-03 09:34:30","2026-10-03","Harley's - HYD - Charminar","CHAR"
"15","Austrian White Forest Medovik Cake","ea","Harley's Grand Celebration Medovik Cakes","Product","Direct","OUT","Charminar","CHAR2","2026-10-03 09:34:45","2026-10-03","Harley's - HYD - Charminar","CHAR"
"TB8","Tiramisu Bento Cake","ea","Bento Party Cakes","Product","Direct","IN","Charminar","CHAR2","2026-10-03 09:35:19","2026-10-03","Harley's - HYD - Charminar","CHAR"
"TB10","Butterscotch Bento Cake","ea","Bento Party Cakes","Product","Direct","IN","Charminar","CHAR2","2026-10-03 09:35:19","2026-10-03","Harley's - HYD - Charminar","CHAR"
"TB9","Lotus Biscoff Bento Cake","ea","Bento Party Cakes","Product","Direct","IN","Charminar","CHAR2","2026-10-03 09:35:19","2026-10-03","Harley's - HYD - Charminar","CHAR"
"27","Blueberry Muffin (Pack Of 2)","ea","Barcakes & Muffins","Product","Direct","OUT","SOH NCR","4GF6TG","2026-10-03 15:26:40","2026-10-03","Harley's - GUR - Sohna","SOH"
"135","Assorted French Macarons (Pack Of 24)","ea","Harley's Sweet Home Assortments","Product","Direct","IN","KAD BNG","G7EFLT","2026-10-03 12:51:23","2026-10-03","Harley's - BLR - Kadugodi","KAD"
"214","London Viral Whipped Caramel Medovik With Macaron","ea","Harley's Signature Medovik Pastry","Product","Direct","IN","LAK GUN","ManagerGUN","2026-10-03 10:34:44","2026-10-03","Harley's - GUN - Lakshmipuram","LAK"
"129","Swiss Black & White Medovik With Macaron","ea","Harley's Signature Medovik Pastry","Product","Direct","IN","LAK GUN","ManagerGUN","2026-10-03 10:34:44","2026-10-03","Harley's - GUN - Lakshmipuram","LAK"
"124","Sparkling Dark Chocolate Medovik With Macaron","ea","Harley's Signature Medovik Pastry","Product","Direct","IN","LAK GUN","ManagerGUN","2026-10-03 10:34:44","2026-10-03","Harley's - GUN - Lakshmipuram","LAK"
"116","Signature Belgium Chocolate Medovik With Macaron","ea","Harley's Signature Medovik Pastry","Product","Direct","IN","LAK GUN","ManagerGUN","2026-10-03 10:34:44","2026-10-03","Harley's - GUN - Lakshmipuram","LAK"
"110","Premium Butterscotch Medovik With Macaron","ea","Harley's Signature Medovik Pastry","Product","Direct","IN","LAK GUN","ManagerGUN","2026-10-03 10:34:44","2026-10-03","Harley's - GUN - Lakshmipuram","LAK"
"102","Pistachio Delight Medovik With Macaron","ea","Harley's Signature Medovik Pastry","Product","Direct","IN","LAK GUN","ManagerGUN","2026-10-03 10:34:44","2026-10-03","Harley's - GUN - Lakshmipuram","LAK"
"83","Lotus Biscoff Medovik With Macaron","ea","Harley's Signature Medovik Pastry","Product","Direct","IN","LAK GUN","ManagerGUN","2026-10-03 10:34:44","2026-10-03","Harley's - GUN - Lakshmipuram","LAK"
"74","Italian Tiramisu Medovik With Macaron","ea","Harley's Signature Medovik Pastry","Product","Direct","IN","LAK GUN","ManagerGUN","2026-10-03 10:34:44","2026-10-03","Harley's - GUN - Lakshmipuram","LAK"
"68","Harley's Spl. Classic Russian Medovik With Macaron","ea","Harley's Signature Medovik Pastry","Product","Direct","IN","LAK GUN","ManagerGUN","2026-10-03 10:34:44","2026-10-03","Harley's - GUN - Lakshmipuram","LAK"
"57","French Vanilla Rose Medovik With Macaron","ea","Harley's Signature Medovik Pastry","Product","Direct","IN","LAK GUN","ManagerGUN","2026-10-03 10:34:44","2026-10-03","Harley's - GUN - Lakshmipuram","LAK"
"55","Ferrero Nutella Medovik With Macaron","ea","Harley's Signature Medovik Pastry","Product","Direct","IN","LAK GUN","ManagerGUN","2026-10-03 10:34:44","2026-10-03","Harley's - GUN - Lakshmipuram","LAK"
"46","Danish Hazelnut Chocolate Medovik With Macaron","ea","Harley's Signature Medovik Pastry","Product","Direct","IN","LAK GUN","ManagerGUN","2026-10-03 10:34:44","2026-10-03","Harley's - GUN - Lakshmipuram","LAK"
"16","Austrian White Forest Medovik With Macaron","ea","Harley's Signature Medovik Pastry","Product","Direct","IN","LAK GUN","ManagerGUN","2026-10-03 10:34:44","2026-10-03","Harley's - GUN - Lakshmipuram","LAK"
"120","Smoky Caramel Cheesecake With Macaron","ea","Finely Baked Cheesecake Pastry","Product","Direct","IN","LAK GUN","ManagerGUN","2026-10-03 10:34:48","2026-10-03","Harley's - GUN - Lakshmipuram","LAK"
"78","Lotus Biscoff Cheesecake With Macaron","ea","Finely Baked Cheesecake Pastry","Product","Direct","IN","LAK GUN","ManagerGUN","2026-10-03 10:34:48","2026-10-03","Harley's - GUN - Lakshmipuram","LAK"
"51","Ferrero Nutella Cheesecake With Macaron","ea","Finely Baked Cheesecake Pastry","Product","Direct","IN","LAK GUN","ManagerGUN","2026-10-03 10:34:48","2026-10-03","Harley's - GUN - Lakshmipuram","LAK"
"41","Danish Hazelnut Cheesecake With Macaron","ea","Finely Baked Cheesecake Pastry","Product","Direct","IN","LAK GUN","ManagerGUN","2026-10-03 10:34:48","2026-10-03","Harley's - GUN - Lakshmipuram","LAK"
"32","Chef's Favourite Blueberry Cheesecake With Macaron","ea","Finely Baked Cheesecake Pastry","Product","Direct","IN","LAK GUN","ManagerGUN","2026-10-03 10:34:48","2026-10-03","Harley's - GUN - Lakshmipuram","LAK"
"21","Belgium Chocolate Cheesecake With Macaron","ea","Finely Baked Cheesecake Pastry","Product","Direct","IN","LAK GUN","ManagerGUN","2026-10-03 10:34:48","2026-10-03","Harley's - GUN - Lakshmipuram","LAK"
"105","Premium Banana Walnut Bar Cake (250 Gms)","ea","Barcakes & Muffins","Product","Direct","OUT","LAK GUN","ManagerGUN","2026-10-03 13:00:33","2026-10-03","Harley's - GUN - Lakshmipuram","LAK"
"128","Swiss Black & White Chocolate Medovik Cake","ea","Harley's Grand Celebration Medovik Cakes","Product","Direct","OUT","KAN BNG","FZ8PL7","2026-10-03 13:55:20","2026-10-03","Harley's - BLR - Kanakapura Road","KAN"
"123","Sparkling Dark Chocolate Medovik Cake","ea","Harley's Grand Celebration Medovik Cakes","Product","Direct","OUT","KAN BNG","FZ8PL7","2026-10-03 13:55:20","2026-10-03","Harley's - BLR - Kanakapura Road","KAN"
"115","Signature Belgium Chocolate Medovik Cake","ea","Harley's Grand Celebration Medovik Cakes","Product","Direct","OUT","KAN BNG","FZ8PL7","2026-10-03 13:55:20","2026-10-03","Harley's - BLR - Kanakapura Road","KAN"
"45","Danish Hazelnut Chocolate Medovik Cake","ea","Harley's Grand Celebration Medovik Cakes","Product","Direct","OUT","KAN BNG","FZ8PL7","2026-10-03 13:55:20","2026-10-03","Harley's - BLR - Kanakapura Road","KAN"
"54","Ferrero Nutella Medovik Cake","ea","Harley's Grand Celebration Medovik Cakes","Product","Direct","OUT","KAN BNG","FZ8PL7","2026-10-03 13:55:31","2026-10-03","Harley's - BLR - Kanakapura Road","KAN"
"128","Swiss Black & White Chocolate Medovik Cake","ea","Harley's Grand Celebration Medovik Cakes","Product","Direct","IN","KAN BNG","FZ8PL7","2026-10-03 14:56:16","2026-10-03","Harley's - BLR - Kanakapura Road","KAN"
"123","Sparkling Dark Chocolate Medovik Cake","ea","Harley's Grand Celebration Medovik Cakes","Product","Direct","IN","KAN BNG","FZ8PL7","2026-10-03 14:56:16","2026-10-03","Harley's - BLR - Kanakapura Road","KAN"
"115","Signature Belgium Chocolate Medovik Cake","ea","Harley's Grand Celebration Medovik Cakes","Product","Direct","IN","KAN BNG","FZ8PL7","2026-10-03 14:56:16","2026-10-03","Harley's - BLR - Kanakapura Road","KAN"
"45","Danish Hazelnut Chocolate Medovik Cake","ea","Harley's Grand Celebration Medovik Cakes","Product","Direct","IN","KAN BNG","FZ8PL7","2026-10-03 14:56:16","2026-10-03","Harley's - BLR - Kanakapura Road","KAN"
"54","Ferrero Nutella Medovik Cake","ea","Harley's Grand Celebration Medovik Cakes","Product","Direct","IN","KAN BNG","FZ8PL7","2026-10-03 14:56:16","2026-10-03","Harley's - BLR - Kanakapura Road","KAN"
"105","Premium Banana Walnut Bar Cake (250 Gms)","ea","Barcakes & Muffins","Product","Direct","OUT","ZAM NCR","IDASHQ","2026-10-03 11:33:30","2026-10-03","Harley's - Delhi - Zamrudpur","ZAM"
"64","Harley's Special Mawa Bar Cake (250 Gms)","ea","Barcakes & Muffins","Product","Direct","OUT","ZAM NCR","IDASHQ","2026-10-03 11:33:30","2026-10-03","Harley's - Delhi - Zamrudpur","ZAM"
"47","Double Chocolate Bar Cake (250 gms)","ea","Barcakes & Muffins","Product","Direct","OUT","ZAM NCR","IDASHQ","2026-10-03 11:33:30","2026-10-03","Harley's - Delhi - Zamrudpur","ZAM"
"34","Chocochip Muffin (Pack Of 2)","ea","Barcakes & Muffins","Product","Direct","OUT","ZAM NCR","IDASHQ","2026-10-03 11:33:30","2026-10-03","Harley's - Delhi - Zamrudpur","ZAM"
"33","Choco Mawa Bar Cake 250 gms","ea","Barcakes & Muffins","Product","Direct","OUT","ZAM NCR","IDASHQ","2026-10-03 11:33:30","2026-10-03","Harley's - Delhi - Zamrudpur","ZAM"
"27","Blueberry Muffin (Pack Of 2)","ea","Barcakes & Muffins","Product","Direct","OUT","ZAM NCR","IDASHQ","2026-10-03 11:33:30","2026-10-03","Harley's - Delhi - Zamrudpur","ZAM"
"35","Classic Butter Croissants (Pack Of 2)","ea","Croissants","Product","Direct","OUT","ZAM NCR","IDASHQ","2026-10-03 11:33:35","2026-10-03","Harley's - Delhi - Zamrudpur","ZAM"
"22","Belgium Chocolate Criossant","ea","Croissants","Product","Direct","IN","ZAM NCR","IDASHQ","2026-10-03 14:42:59","2026-10-03","Harley's - Delhi - Zamrudpur","ZAM"
"35","Classic Butter Croissants (Pack Of 2)","ea","Croissants","Product","Direct","IN","ZAM NCR","IDASHQ","2026-10-03 14:42:59","2026-10-03","Harley's - Delhi - Zamrudpur","ZAM"
"105","Premium Banana Walnut Bar Cake (250 Gms)","ea","Barcakes & Muffins","Product","Direct","IN","ZAM NCR","IDASHQ","2026-10-03 14:43:33","2026-10-03","Harley's - Delhi - Zamrudpur","ZAM"
"64","Harley's Special Mawa Bar Cake (250 Gms)","ea","Barcakes & Muffins","Product","Direct","IN","ZAM NCR","IDASHQ","2026-10-03 14:43:33","2026-10-03","Harley's - Delhi - Zamrudpur","ZAM"
"47","Double Chocolate Bar Cake (250 gms)","ea","Barcakes & Muffins","Product","Direct","IN","ZAM NCR","IDASHQ","2026-10-03 14:43:33","2026-10-03","Harley's - Delhi - Zamrudpur","ZAM"
"34","Chocochip Muffin (Pack Of 2)","ea","Barcakes & Muffins","Product","Direct","IN","ZAM NCR","IDASHQ","2026-10-03 14:43:33","2026-10-03","Harley's - Delhi - Zamrudpur","ZAM"
"33","Choco Mawa Bar Cake 250 gms","ea","Barcakes & Muffins","Product","Direct","IN","ZAM NCR","IDASHQ","2026-10-03 14:43:33","2026-10-03","Harley's - Delhi - Zamrudpur","ZAM"
"27","Blueberry Muffin (Pack Of 2)","ea","Barcakes & Muffins","Product","Direct","IN","ZAM NCR","IDASHQ","2026-10-03 14:43:33","2026-10-03","Harley's - Delhi - Zamrudpur","ZAM"
"212","London Viral Whipped Caramel Medovik Cake","ea","Harley's Grand Celebration Medovik Cakes","Product","Direct","OUT","ZAM NCR","IDASHQ","2026-10-03 16:06:40","2026-10-03","Harley's - Delhi - Zamrudpur","ZAM"
"213","London Viral Whipped Caramel Medovik Cake","ea","Harley's Grand Celebration Medovik Cakes","Product","Direct","OUT","ZAM NCR","IDASHQ","2026-10-03 16:06:40","2026-10-03","Harley's - Delhi - Zamrudpur","ZAM"
"73","Italian Tiramisu Medovik Cake","ea","Harley's Grand Celebration Medovik Cakes","Product","Direct","IN","ZAM NCR","IDASHQ","2026-10-03 16:07:47","2026-10-03","Harley's - Delhi - Zamrudpur","ZAM"
"72","Italian Tiramisu Medovik Cake","ea","Harley's Grand Celebration Medovik Cakes","Product","Direct","IN","ZAM NCR","IDASHQ","2026-10-03 16:07:47","2026-10-03","Harley's - Delhi - Zamrudpur","ZAM"
"74","Italian Tiramisu Medovik With Macaron","ea","Harley's Signature Medovik Pastry","Product","Direct","IN","ZAM NCR","IDASHQ","2026-10-03 16:09:10","2026-10-03","Harley's - Delhi - Zamrudpur","ZAM"
"212","London Viral Whipped Caramel Medovik Cake","ea","Harley's Grand Celebration Medovik Cakes","Product","Direct","IN","ZAM NCR","IDASHQ","2026-10-03 16:48:44","2026-10-03","Harley's - Delhi - Zamrudpur","ZAM"
"213","London Viral Whipped Caramel Medovik Cake","ea","Harley's Grand Celebration Medovik Cakes","Product","Direct","IN","ZAM NCR","IDASHQ","2026-10-03 16:48:44","2026-10-03","Harley's - Delhi - Zamrudpur","ZAM"
"105","Premium Banana Walnut Bar Cake (250 Gms)","ea","Barcakes & Muffins","Product","Direct","OUT","ADH NCR","483FXV","2026-10-03 09:33:05","2026-10-03","Harley's - Delhi - Adhchini","ADH"
"64","Harley's Special Mawa Bar Cake (250 Gms)","ea","Barcakes & Muffins","Product","Direct","OUT","ADH NCR","483FXV","2026-10-03 09:33:05","2026-10-03","Harley's - Delhi - Adhchini","ADH"
"47","Double Chocolate Bar Cake (250 gms)","ea","Barcakes & Muffins","Product","Direct","OUT","ADH NCR","483FXV","2026-10-03 09:33:05","2026-10-03","Harley's - Delhi - Adhchini","ADH"
"34","Chocochip Muffin (Pack Of 2)","ea","Barcakes & Muffins","Product","Direct","OUT","ADH NCR","483FXV","2026-10-03 09:33:05","2026-10-03","Harley's - Delhi - Adhchini","ADH"
"33","Choco Mawa Bar Cake 250 gms","ea","Barcakes & Muffins","Product","Direct","OUT","ADH NCR","483FXV","2026-10-03 09:33:05","2026-10-03","Harley's - Delhi - Adhchini","ADH"
"27","Blueberry Muffin (Pack Of 2)","ea","Barcakes & Muffins","Product","Direct","OUT","ADH NCR","483FXV","2026-10-03 09:33:05","2026-10-03","Harley's - Delhi - Adhchini","ADH"
"82","Lotus Biscoff Medovik Cake","ea","Harley's Grand Celebration Medovik Cakes","Product","Direct","OUT","ADH NCR","483FXV","2026-10-03 10:03:04","2026-10-03","Harley's - Delhi - Adhchini","ADH"
"81","Lotus Biscoff Medovik Cake","ea","Harley's Grand Celebration Medovik Cakes","Product","Direct","OUT","ADH NCR","483FXV","2026-10-03 10:03:04","2026-10-03","Harley's - Delhi - Adhchini","ADH"
"73","Italian Tiramisu Medovik Cake","ea","Harley's Grand Celebration Medovik Cakes","Product","Direct","OUT","ADH NCR","483FXV","2026-10-03 10:03:04","2026-10-03","Harley's - Delhi - Adhchini","ADH"
"72","Italian Tiramisu Medovik Cake","ea","Harley's Grand Celebration Medovik Cakes","Product","Direct","OUT","ADH NCR","483FXV","2026-10-03 10:03:04","2026-10-03","Harley's - Delhi - Adhchini","ADH"
"108","Premium Butterscotch Medovik Cake","ea","Harley's Grand Celebration Medovik Cakes","Product","Direct","OUT","ADH NCR","483FXV","2026-10-03 10:03:35","2026-10-03","Harley's - Delhi - Adhchini","ADH"
"109","Premium Butterscotch Medovik Cake","ea","Harley's Grand Celebration Medovik Cakes","Product","Direct","OUT","ADH NCR","483FXV","2026-10-03 10:03:41","2026-10-03","Harley's - Delhi - Adhchini","ADH"
"100","Pistachio Delight Medovik Cake","ea","Harley's Grand Celebration Medovik Cakes","Product","Direct","OUT","ADH NCR","483FXV","2026-10-03 10:03:47","2026-10-03","Harley's - Delhi - Adhchini","ADH"
"101","Pistachio Delight Medovik Cake","ea","Harley's Grand Celebration Medovik Cakes","Product","Direct","OUT","ADH NCR","483FXV","2026-10-03 10:03:54","2026-10-03","Harley's - Delhi - Adhchini","ADH"
"67","Harley's Spl. Classic Russian Medovik Cake","ea","Harley's Grand Celebration Medovik Cakes","Product","Direct","OUT","ADH NCR","483FXV","2026-10-03 10:03:59","2026-10-03","Harley's - Delhi - Adhchini","ADH"
"66","Harley's Spl. Classic Russian Medovik Cake","ea","Harley's Grand Celebration Medovik Cakes","Product","Direct","OUT","ADH NCR","483FXV","2026-10-03 10:04:04","2026-10-03","Harley's - Delhi - Adhchini","ADH"
"105","Premium Banana Walnut Bar Cake (250 Gms)","ea","Barcakes & Muffins","Product","Direct","IN","ADH NCR","483FXV","2026-10-03 13:31:47","2026-10-03","Harley's - Delhi - Adhchini","ADH"
"64","Harley's Special Mawa Bar Cake (250 Gms)","ea","Barcakes & Muffins","Product","Direct","IN","ADH NCR","483FXV","2026-10-03 13:31:47","2026-10-03","Harley's - Delhi - Adhchini","ADH"
"47","Double Chocolate Bar Cake (250 gms)","ea","Barcakes & Muffins","Product","Direct","IN","ADH NCR","483FXV","2026-10-03 13:31:47","2026-10-03","Harley's - Delhi - Adhchini","ADH"
"34","Chocochip Muffin (Pack Of 2)","ea","Barcakes & Muffins","Product","Direct","IN","ADH NCR","483FXV","2026-10-03 13:31:47","2026-10-03","Harley's - Delhi - Adhchini","ADH"
"33","Choco Mawa Bar Cake 250 gms","ea","Barcakes & Muffins","Product","Direct","IN","ADH NCR","483FXV","2026-10-03 13:31:47","2026-10-03","Harley's - Delhi - Adhchini","ADH"
"27","Blueberry Muffin (Pack Of 2)","ea","Barcakes & Muffins","Product","Direct","IN","ADH NCR","483FXV","2026-10-03 13:31:47","2026-10-03","Harley's - Delhi - Adhchini","ADH"
"45","Danish Hazelnut Chocolate Medovik Cake","ea","Harley's Grand Celebration Medovik Cakes","Product","Direct","IN","ADH NCR","483FXV","2026-10-03 13:31:58","2026-10-03","Harley's - Delhi - Adhchini","ADH"
"44","Danish Hazelnut Chocolate Medovik Cake","ea","Harley's Grand Celebration Medovik Cakes","Product","Direct","IN","ADH NCR","483FXV","2026-10-03 13:31:58","2026-10-03","Harley's - Delhi - Adhchini","ADH"
"115","Signature Belgium Chocolate Medovik Cake","ea","Harley's Grand Celebration Medovik Cakes","Product","Direct","IN","ADH NCR","483FXV","2026-10-03 13:31:58","2026-10-03","Harley's - Delhi - Adhchini","ADH"
"114","Signature Belgium Chocolate Medovik Cake","ea","Harley's Grand Celebration Medovik Cakes","Product","Direct","IN","ADH NCR","483FXV","2026-10-03 13:31:58","2026-10-03","Harley's - Delhi - Adhchini","ADH"
"127","Swiss Black & White Chocolate Medovik Cake","ea","Harley's Grand Celebration Medovik Cakes","Product","Direct","IN","ADH NCR","483FXV","2026-10-03 13:31:58","2026-10-03","Harley's - Delhi - Adhchini","ADH"
"128","Swiss Black & White Chocolate Medovik Cake","ea","Harley's Grand Celebration Medovik Cakes","Product","Direct","IN","ADH NCR","483FXV","2026-10-03 13:31:58","2026-10-03","Harley's - Delhi - Adhchini","ADH"
"60","French Vanilla Strawberry Rose Medovik Cake","ea","Harley's Grand Celebration Medovik Cakes","Product","Direct","IN","ADH NCR","483FXV","2026-10-03 13:31:58","2026-10-03","Harley's - Delhi - Adhchini","ADH"
"59","French Vanilla Strawberry Rose Medovik Cake","ea","Harley's Grand Celebration Medovik Cakes","Product","Direct","IN","ADH NCR","483FXV","2026-10-03 13:31:58","2026-10-03","Harley's - Delhi - Adhchini","ADH"
"14","Austrian White Forest Medovik Cake","ea","Harley's Grand Celebration Medovik Cakes","Product","Direct","IN","ADH NCR","483FXV","2026-10-03 13:31:58","2026-10-03","Harley's - Delhi - Adhchini","ADH"
"15","Austrian White Forest Medovik Cake","ea","Harley's Grand Celebration Medovik Cakes","Product","Direct","IN","ADH NCR","483FXV","2026-10-03 13:31:58","2026-10-03","Harley's - Delhi - Adhchini","ADH"
"82","Lotus Biscoff Medovik Cake","ea","Harley's Grand Celebration Medovik Cakes","Product","Direct","IN","ADH NCR","483FXV","2026-10-03 13:31:58","2026-10-03","Harley's - Delhi - Adhchini","ADH"
"81","Lotus Biscoff Medovik Cake","ea","Harley's Grand Celebration Medovik Cakes","Product","Direct","IN","ADH NCR","483FXV","2026-10-03 13:31:58","2026-10-03","Harley's - Delhi - Adhchini","ADH"
"73","Italian Tiramisu Medovik Cake","ea","Harley's Grand Celebration Medovik Cakes","Product","Direct","IN","ADH NCR","483FXV","2026-10-03 13:31:58","2026-10-03","Harley's - Delhi - Adhchini","ADH"
"72","Italian Tiramisu Medovik Cake","ea","Harley's Grand Celebration Medovik Cakes","Product","Direct","IN","ADH NCR","483FXV","2026-10-03 13:31:58","2026-10-03","Harley's - Delhi - Adhchini","ADH"
"108","Premium Butterscotch Medovik Cake","ea","Harley's Grand Celebration Medovik Cakes","Product","Direct","IN","ADH NCR","483FXV","2026-10-03 13:31:58","2026-10-03","Harley's - Delhi - Adhchini","ADH"
"109","Premium Butterscotch Medovik Cake","ea","Harley's Grand Celebration Medovik Cakes","Product","Direct","IN","ADH NCR","483FXV","2026-10-03 13:31:58","2026-10-03","Harley's - Delhi - Adhchini","ADH"
"100","Pistachio Delight Medovik Cake","ea","Harley's Grand Celebration Medovik Cakes","Product","Direct","IN","ADH NCR","483FXV","2026-10-03 13:31:58","2026-10-03","Harley's - Delhi - Adhchini","ADH"
"101","Pistachio Delight Medovik Cake","ea","Harley's Grand Celebration Medovik Cakes","Product","Direct","IN","ADH NCR","483FXV","2026-10-03 13:31:58","2026-10-03","Harley's - Delhi - Adhchini","ADH"
"67","Harley's Spl. Classic Russian Medovik Cake","ea","Harley's Grand Celebration Medovik Cakes","Product","Direct","IN","ADH NCR","483FXV","2026-10-03 13:31:58","2026-10-03","Harley's - Delhi - Adhchini","ADH"
"66","Harley's Spl. Classic Russian Medovik Cake","ea","Harley's Grand Celebration Medovik Cakes","Product","Direct","IN","ADH NCR","483FXV","2026-10-03 13:31:58","2026-10-03","Harley's - Delhi - Adhchini","ADH"
"35","Classic Butter Croissants (Pack Of 2)","ea","Croissants","Product","Direct","IN","ADH NCR","483FXV","2026-10-03 13:33:19","2026-10-03","Harley's - Delhi - Adhchini","ADH"
"130","Tiramisu Tres leches (Pack of 2)","ea","Tres Leches Cakes (Mexican Special)","Product","Direct","IN","ADH NCR","483FXV","2026-10-03 15:58:35","2026-10-03","Harley's - Delhi - Adhchini","ADH"
"106","Premium Blueberry Tres Leches (Pack of 2)","ea","Tres Leches Cakes (Mexican Special)","Product","Direct","IN","ADH NCR","483FXV","2026-10-03 15:58:35","2026-10-03","Harley's - Delhi - Adhchini","ADH"
"104","Pistachio Tres Leches (Pack of 2)","ea","Tres Leches Cakes (Mexican Special)","Product","Direct","IN","ADH NCR","483FXV","2026-10-03 15:58:35","2026-10-03","Harley's - Delhi - Adhchini","ADH"
"84","Lotus Biscoff Tres Leches (Pack of 2)","ea","Tres Leches Cakes (Mexican Special)","Product","Direct","IN","ADH NCR","483FXV","2026-10-03 15:58:35","2026-10-03","Harley's - Delhi - Adhchini","ADH"
"36","Classic Mexican Tres Leches  (Pack of 2)","ea","Tres Leches Cakes (Mexican Special)","Product","Direct","IN","ADH NCR","483FXV","2026-10-03 15:58:35","2026-10-03","Harley's - Delhi - Adhchini","ADH"
"24","Belgium Chocolate Tres Leches (Pack of 2)","ea","Tres Leches Cakes (Mexican Special)","Product","Direct","IN","ADH NCR","483FXV","2026-10-03 15:58:35","2026-10-03","Harley's - Delhi - Adhchini","ADH"