SKU,Item Name,UOM,Category,Item Type,Sold out Type,Item In/Out,User Name,User Id,Date and Time,Business Date,Branch Name,Branch Code,dt
105,Premium Banana Walnut Bar Cake (250 Gms),ea,Barcakes & Muffins,Product,Direct,OUT,Manager Wazirabad,MWZBD,2026-10-07 10:24:31,2026-10-07,Harley's - GUR - Wazirabad,WZBD,2026-10-07 10:24:31
64,Harley's Special Mawa Bar Cake (250 Gms),ea,Barcakes & Muffins,Product,Direct,OUT,Manager Wazirabad,MWZBD,2026-10-07 10:24:31,2026-10-07,Harley's - GUR - Wazirabad,WZBD,2026-10-07 10:24:31
47,Double Chocolate Bar Cake (250 gms),ea,Barcakes & Muffins,Product,Direct,OUT,Manager Wazirabad,MWZBD,2026-10-07 10:24:31,2026-10-07,Harley's - GUR - Wazirabad,WZBD,2026-10-07 10:24:31
34,Chocochip Muffin (Pack Of 2),ea,Barcakes & Muffins,Product,Direct,OUT,Manager Wazirabad,MWZBD,2026-10-07 10:24:31,2026-10-07,Harley's - GUR - Wazirabad,WZBD,2026-10-07 10:24:31
33,Choco Mawa Bar Cake 250 gms,ea,Barcakes & Muffins,Product,Direct,OUT,Manager Wazirabad,MWZBD,2026-10-07 10:24:31,2026-10-07,Harley's - GUR - Wazirabad,WZBD,2026-10-07 10:24:31
35,Classic Butter Croissants (Pack Of 2),ea,Croissants,Product,Direct,IN,Manager Wazirabad,MWZBD,2026-10-07 13:12:45,2026-10-07,Harley's - GUR - Wazirabad,WZBD,2026-10-07 13:12:45
22,Belgium Chocolate Criossant,ea,Croissants,Product,Direct,IN,Manager Wazirabad,MWZBD,2026-10-07 13:12:45,2026-10-07,Harley's - GUR - Wazirabad,WZBD,2026-10-07 13:12:45
27,Blueberry Muffin (Pack Of 2),ea,Barcakes & Muffins,Product,Direct,IN,Manager Wazirabad,MWZBD,2026-10-07 13:12:50,2026-10-07,Harley's - GUR - Wazirabad,WZBD,2026-10-07 13:12:50
105,Premium Banana Walnut Bar Cake (250 Gms),ea,Barcakes & Muffins,Product,Direct,IN,Manager Wazirabad,MWZBD,2026-10-07 13:12:50,2026-10-07,Harley's - GUR - Wazirabad,WZBD,2026-10-07 13:12:50
64,Harley's Special Mawa Bar Cake (250 Gms),ea,Barcakes & Muffins,Product,Direct,IN,Manager Wazirabad,MWZBD,2026-10-07 13:12:50,2026-10-07,Harley's - GUR - Wazirabad,WZBD,2026-10-07 13:12:50
47,Double Chocolate Bar Cake (250 gms),ea,Barcakes & Muffins,Product,Direct,IN,Manager Wazirabad,MWZBD,2026-10-07 13:12:50,2026-10-07,Harley's - GUR - Wazirabad,WZBD,2026-10-07 13:12:50
34,Chocochip Muffin (Pack Of 2),ea,Barcakes & Muffins,Product,Direct,IN,Manager Wazirabad,MWZBD,2026-10-07 13:12:50,2026-10-07,Harley's - GUR - Wazirabad,WZBD,2026-10-07 13:12:50
33,Choco Mawa Bar Cake 250 gms,ea,Barcakes & Muffins,Product,Direct,IN,Manager Wazirabad,MWZBD,2026-10-07 13:12:50,2026-10-07,Harley's - GUR - Wazirabad,WZBD,2026-10-07 13:12:50
105,Premium Banana Walnut Bar Cake (250 Gms),ea,Barcakes & Muffins,Product,Direct,OUT,Manager DLF,MDLF,2026-10-07 08:59:59,2026-10-07,Harley's - GUR - DLF,DLF,2026-10-07 08:59:59
64,Harley's Special Mawa Bar Cake (250 Gms),ea,Barcakes & Muffins,Product,Direct,OUT,Manager DLF,MDLF,2026-10-07 08:59:59,2026-10-07,Harley's - GUR - DLF,DLF,2026-10-07 08:59:59
47,Double Chocolate Bar Cake (250 gms),ea,Barcakes & Muffins,Product,Direct,OUT,Manager DLF,MDLF,2026-10-07 08:59:59,2026-10-07,Harley's - GUR - DLF,DLF,2026-10-07 08:59:59
34,Chocochip Muffin (Pack Of 2),ea,Barcakes & Muffins,Product,Direct,OUT,Manager DLF,MDLF,2026-10-07 08:59:59,2026-10-07,Harley's - GUR - DLF,DLF,2026-10-07 08:59:59
33,Choco Mawa Bar Cake 250 gms,ea,Barcakes & Muffins,Product,Direct,OUT,Manager DLF,MDLF,2026-10-07 08:59:59,2026-10-07,Harley's - GUR - DLF,DLF,2026-10-07 08:59:59
27,Blueberry Muffin (Pack Of 2),ea,Barcakes & Muffins,Product,Direct,OUT,Manager DLF,MDLF,2026-10-07 08:59:59,2026-10-07,Harley's - GUR - DLF,DLF,2026-10-07 08:59:59
125,Strawberry Macarons (Pack Of 5),ea,Harley's French Macarons,Product,Direct,OUT,Manager DLF,MDLF,2026-10-07 09:10:48,2026-10-07,Harley's - GUR - DLF,DLF,2026-10-07 09:10:48
23,Belgium Chocolate Macarons (Pack Of 5),ea,Harley's French Macarons,Product,Direct,IN,Manager DLF,MDLF,2026-10-07 12:21:48,2026-10-07,Harley's - GUR - DLF,DLF,2026-10-07 12:21:48
125,Strawberry Macarons (Pack Of 5),ea,Harley's French Macarons,Product,Direct,IN,Manager DLF,MDLF,2026-10-07 12:21:48,2026-10-07,Harley's - GUR - DLF,DLF,2026-10-07 12:21:48
105,Premium Banana Walnut Bar Cake (250 Gms),ea,Barcakes & Muffins,Product,Direct,IN,Manager DLF,MDLF,2026-10-07 12:21:55,2026-10-07,Harley's - GUR - DLF,DLF,2026-10-07 12:21:55
64,Harley's Special Mawa Bar Cake (250 Gms),ea,Barcakes & Muffins,Product,Direct,IN,Manager DLF,MDLF,2026-10-07 12:21:55,2026-10-07,Harley's - GUR - DLF,DLF,2026-10-07 12:21:55
47,Double Chocolate Bar Cake (250 gms),ea,Barcakes & Muffins,Product,Direct,IN,Manager DLF,MDLF,2026-10-07 12:21:55,2026-10-07,Harley's - GUR - DLF,DLF,2026-10-07 12:21:55
34,Chocochip Muffin (Pack Of 2),ea,Barcakes & Muffins,Product,Direct,IN,Manager DLF,MDLF,2026-10-07 12:21:55,2026-10-07,Harley's - GUR - DLF,DLF,2026-10-07 12:21:55
33,Choco Mawa Bar Cake 250 gms,ea,Barcakes & Muffins,Product,Direct,IN,Manager DLF,MDLF,2026-10-07 12:21:55,2026-10-07,Harley's - GUR - DLF,DLF,2026-10-07 12:21:55
27,Blueberry Muffin (Pack Of 2),ea,Barcakes & Muffins,Product,Direct,IN,Manager DLF,MDLF,2026-10-07 12:21:55,2026-10-07,Harley's - GUR - DLF,DLF,2026-10-07 12:21:55
35,Classic Butter Croissants (Pack Of 2),ea,Croissants,Product,Direct,IN,Manager DLF,MDLF,2026-10-07 12:22:01,2026-10-07,Harley's - GUR - DLF,DLF,2026-10-07 12:22:01
64,Harley's Special Mawa Bar Cake (250 Gms),ea,Barcakes & Muffins,Product,Direct,OUT,Manager DLF,MDLF,2026-10-07 19:15:52,2026-10-07,Harley's - GUR - DLF,DLF,2026-10-07 19:15:52
34,Chocochip Muffin (Pack Of 2),ea,Barcakes & Muffins,Product,Direct,OUT,Manager DLF,MDLF,2026-10-07 19:54:01,2026-10-07,Harley's - GUR - DLF,DLF,2026-10-07 19:54:01
147,Classic Mexican Tres Leches [Pack Of 2],ea,Exotic Tresley Cakes,Product,Direct,IN,Basavanagudi,SS4KLH,2026-10-07 13:48:53,2026-10-07,Harley's - BLR - BSVG,BSVG,2026-10-07 13:48:53
152,Belgium Chocolate Tres Leches [Pack of 2],ea,Exotic Tresley Cakes,Product,Direct,IN,Basavanagudi,SS4KLH,2026-10-07 13:48:53,2026-10-07,Harley's - BLR - BSVG,BSVG,2026-10-07 13:48:53
148,Premium Blueberry Tres Leches [Pack Of 2],ea,Exotic Tresley Cakes,Product,Direct,IN,Basavanagudi,SS4KLH,2026-10-07 13:48:53,2026-10-07,Harley's - BLR - BSVG,BSVG,2026-10-07 13:48:53
151,Tiramisu Tres leches [Pack of 2],ea,Exotic Tresley Cakes,Product,Direct,IN,Basavanagudi,SS4KLH,2026-10-07 13:48:53,2026-10-07,Harley's - BLR - BSVG,BSVG,2026-10-07 13:48:53
150,Lotus Biscoff Tres Leches [Pack of 2],ea,Exotic Tresley Cakes,Product,Direct,IN,Basavanagudi,SS4KLH,2026-10-07 13:48:53,2026-10-07,Harley's - BLR - BSVG,BSVG,2026-10-07 13:48:53
105,Premium Banana Walnut Bar Cake (250 Gms),ea,Barcakes & Muffins,Product,Direct,IN,Basavanagudi,SS4KLH,2026-10-07 13:49:22,2026-10-07,Harley's - BLR - BSVG,BSVG,2026-10-07 13:49:22
47,Double Chocolate Bar Cake (250 gms),ea,Barcakes & Muffins,Product,Direct,IN,Basavanagudi,SS4KLH,2026-10-07 13:49:22,2026-10-07,Harley's - BLR - BSVG,BSVG,2026-10-07 13:49:22
64,Harley's Special Mawa Bar Cake (250 Gms),ea,Barcakes & Muffins,Product,Direct,IN,Basavanagudi,SS4KLH,2026-10-07 13:49:22,2026-10-07,Harley's - BLR - BSVG,BSVG,2026-10-07 13:49:22
105,Premium Banana Walnut Bar Cake (250 Gms),ea,Barcakes & Muffins,Product,Direct,OUT,Basavanagudi,SS4KLH,2026-10-07 14:44:38,2026-10-07,Harley's - BLR - BSVG,BSVG,2026-10-07 14:44:38
34,Chocochip Muffin (Pack Of 2),ea,Barcakes & Muffins,Product,Direct,OUT,Basavanagudi,SS4KLH,2026-10-07 19:39:43,2026-10-07,Harley's - BLR - BSVG,BSVG,2026-10-07 19:39:43
119,Smoky Caramel Cheesecake,ea,Harley's Gourmet Celebration Cheesecakes,Product,Direct,OUT,Hsr system,7RF2L2,2026-10-07 14:37:52,2026-10-07,Harley's - BLR - HSR Layout,HSR,2026-10-07 14:37:52
118,Smoky Caramel Cheesecake,ea,Harley's Gourmet Celebration Cheesecakes,Product,Direct,OUT,Hsr system,7RF2L2,2026-10-07 14:37:52,2026-10-07,Harley's - BLR - HSR Layout,HSR,2026-10-07 14:37:52
44,Danish Hazelnut Chocolate Medovik Cake,ea,Harley's Grand Celebration Medovik Cakes,Product,Direct,IN,Hsr system,7RF2L2,2026-10-07 14:46:14,2026-10-07,Harley's - BLR - HSR Layout,HSR,2026-10-07 14:46:14
45,Danish Hazelnut Chocolate Medovik Cake,ea,Harley's Grand Celebration Medovik Cakes,Product,Direct,IN,Hsr system,7RF2L2,2026-10-07 14:46:14,2026-10-07,Harley's - BLR - HSR Layout,HSR,2026-10-07 14:46:14
114,Signature Belgium Chocolate Medovik Cake,ea,Harley's Grand Celebration Medovik Cakes,Product,Direct,IN,Hsr system,7RF2L2,2026-10-07 14:46:14,2026-10-07,Harley's - BLR - HSR Layout,HSR,2026-10-07 14:46:14
115,Signature Belgium Chocolate Medovik Cake,ea,Harley's Grand Celebration Medovik Cakes,Product,Direct,IN,Hsr system,7RF2L2,2026-10-07 14:46:14,2026-10-07,Harley's - BLR - HSR Layout,HSR,2026-10-07 14:46:14
122,Sparkling Dark Chocolate Medovik Cake,ea,Harley's Grand Celebration Medovik Cakes,Product,Direct,IN,Hsr system,7RF2L2,2026-10-07 14:46:14,2026-10-07,Harley's - BLR - HSR Layout,HSR,2026-10-07 14:46:14
123,Sparkling Dark Chocolate Medovik Cake,ea,Harley's Grand Celebration Medovik Cakes,Product,Direct,IN,Hsr system,7RF2L2,2026-10-07 14:46:14,2026-10-07,Harley's - BLR - HSR Layout,HSR,2026-10-07 14:46:14
128,Swiss Black & White Chocolate Medovik Cake,ea,Harley's Grand Celebration Medovik Cakes,Product,Direct,IN,Hsr system,7RF2L2,2026-10-07 14:46:14,2026-10-07,Harley's - BLR - HSR Layout,HSR,2026-10-07 14:46:14
127,Swiss Black & White Chocolate Medovik Cake,ea,Harley's Grand Celebration Medovik Cakes,Product,Direct,IN,Hsr system,7RF2L2,2026-10-07 14:46:14,2026-10-07,Harley's - BLR - HSR Layout,HSR,2026-10-07 14:46:14
54,Ferrero Nutella Medovik Cake,ea,Harley's Grand Celebration Medovik Cakes,Product,Direct,IN,Hsr system,7RF2L2,2026-10-07 14:46:14,2026-10-07,Harley's - BLR - HSR Layout,HSR,2026-10-07 14:46:14
53,Ferrero Nutella Medovik Cake,ea,Harley's Grand Celebration Medovik Cakes,Product,Direct,IN,Hsr system,7RF2L2,2026-10-07 14:46:14,2026-10-07,Harley's - BLR - HSR Layout,HSR,2026-10-07 14:46:14
129,Swiss Black & White Medovik With Macaron,ea,Harley's Signature Medovik Pastry,Product,Direct,IN,Hsr system,7RF2L2,2026-10-07 14:46:14,2026-10-07,Harley's - BLR - HSR Layout,HSR,2026-10-07 14:46:14
124,Sparkling Dark Chocolate Medovik With Macaron,ea,Harley's Signature Medovik Pastry,Product,Direct,IN,Hsr system,7RF2L2,2026-10-07 14:46:14,2026-10-07,Harley's - BLR - HSR Layout,HSR,2026-10-07 14:46:14
116,Signature Belgium Chocolate Medovik With Macaron,ea,Harley's Signature Medovik Pastry,Product,Direct,IN,Hsr system,7RF2L2,2026-10-07 14:46:14,2026-10-07,Harley's - BLR - HSR Layout,HSR,2026-10-07 14:46:14
55,Ferrero Nutella Medovik With Macaron,ea,Harley's Signature Medovik Pastry,Product,Direct,IN,Hsr system,7RF2L2,2026-10-07 14:46:14,2026-10-07,Harley's - BLR - HSR Layout,HSR,2026-10-07 14:46:14
46,Danish Hazelnut Chocolate Medovik With Macaron,ea,Harley's Signature Medovik Pastry,Product,Direct,IN,Hsr system,7RF2L2,2026-10-07 14:46:14,2026-10-07,Harley's - BLR - HSR Layout,HSR,2026-10-07 14:46:14
105,Premium Banana Walnut Bar Cake (250 Gms),ea,Barcakes & Muffins,Product,Direct,IN,Hsr system,7RF2L2,2026-10-07 14:46:14,2026-10-07,Harley's - BLR - HSR Layout,HSR,2026-10-07 14:46:14
35,Classic Butter Croissants (Pack Of 2),ea,Croissants,Product,Direct,OUT,Hsr system,7RF2L2,2026-10-07 18:02:32,2026-10-07,Harley's - BLR - HSR Layout,HSR,2026-10-07 18:02:32
105,Premium Banana Walnut Bar Cake (250 Gms),ea,Barcakes & Muffins,Product,Direct,OUT,Hsr system,7RF2L2,2026-10-07 19:52:43,2026-10-07,Harley's - BLR - HSR Layout,HSR,2026-10-07 19:52:43
34,Chocochip Muffin (Pack Of 2),ea,Barcakes & Muffins,Product,Direct,IN,Srivanas Manager SNK,VH7VBT,2026-10-07 15:58:43,2026-10-07,Harley's - HYD - Sainikpuri Outlet,SNK,2026-10-07 15:58:43
47,Double Chocolate Bar Cake (250 gms),ea,Barcakes & Muffins,Product,Direct,IN,Srivanas Manager SNK,VH7VBT,2026-10-07 15:58:43,2026-10-07,Harley's - HYD - Sainikpuri Outlet,SNK,2026-10-07 15:58:43
36,Classic Mexican Tres Leches  (Pack of 2),ea,Tres Leches Cakes (Mexican Special),Product,Direct,IN,Srivanas Manager SNK,VH7VBT,2026-10-07 17:31:44,2026-10-07,Harley's - HYD - Sainikpuri Outlet,SNK,2026-10-07 17:31:44
106,Premium Blueberry Tres Leches (Pack of 2),ea,Tres Leches Cakes (Mexican Special),Product,Direct,IN,Srivanas Manager SNK,VH7VBT,2026-10-07 17:31:44,2026-10-07,Harley's - HYD - Sainikpuri Outlet,SNK,2026-10-07 17:31:44
104,Pistachio Tres Leches (Pack of 2),ea,Tres Leches Cakes (Mexican Special),Product,Direct,IN,Srivanas Manager SNK,VH7VBT,2026-10-07 17:31:44,2026-10-07,Harley's - HYD - Sainikpuri Outlet,SNK,2026-10-07 17:31:44
84,Lotus Biscoff Tres Leches (Pack of 2),ea,Tres Leches Cakes (Mexican Special),Product,Direct,IN,Srivanas Manager SNK,VH7VBT,2026-10-07 17:31:44,2026-10-07,Harley's - HYD - Sainikpuri Outlet,SNK,2026-10-07 17:31:44
24,Belgium Chocolate Tres Leches (Pack of 2),ea,Tres Leches Cakes (Mexican Special),Product,Direct,IN,Srivanas Manager SNK,VH7VBT,2026-10-07 17:31:44,2026-10-07,Harley's - HYD - Sainikpuri Outlet,SNK,2026-10-07 17:31:44
214,London Viral Whipped Caramel Medovik With Macaron,ea,Harley's Signature Medovik Pastry,Product,Direct,OUT,Srivanas Manager SNK,VH7VBT,2026-10-07 20:26:46,2026-10-07,Harley's - HYD - Sainikpuri Outlet,SNK,2026-10-07 20:26:46
212,London Viral Whipped Caramel Medovik Cake,ea,Harley's Grand Celebration Medovik Cakes,Product,Direct,OUT,Srivanas Manager SNK,VH7VBT,2026-10-07 20:26:46,2026-10-07,Harley's - HYD - Sainikpuri Outlet,SNK,2026-10-07 20:26:46
60,French Vanilla Strawberry Rose Medovik Cake,ea,Harley's Grand Celebration Medovik Cakes,Product,Direct,OUT,Srivanas Manager SNK,VH7VBT,2026-10-07 21:16:45,2026-10-07,Harley's - HYD - Sainikpuri Outlet,SNK,2026-10-07 21:16:45
15,Austrian White Forest Medovik Cake,ea,Harley's Grand Celebration Medovik Cakes,Product,Direct,OUT,Srivanas Manager SNK,VH7VBT,2026-10-07 21:16:53,2026-10-07,Harley's - HYD - Sainikpuri Outlet,SNK,2026-10-07 21:16:53
60,French Vanilla Strawberry Rose Medovik Cake,ea,Harley's Grand Celebration Medovik Cakes,Product,Direct,IN,Srivanas Manager SNK,VH7VBT,2026-10-07 21:31:59,2026-10-07,Harley's - HYD - Sainikpuri Outlet,SNK,2026-10-07 21:31:59
15,Austrian White Forest Medovik Cake,ea,Harley's Grand Celebration Medovik Cakes,Product,Direct,IN,Srivanas Manager SNK,VH7VBT,2026-10-07 21:32:09,2026-10-07,Harley's - HYD - Sainikpuri Outlet,SNK,2026-10-07 21:32:09
35,Classic Butter Croissants (Pack Of 2),ea,Croissants,Product,Direct,OUT,MAHA MANAGER 1,MANAGER 1,2026-10-07 11:18:23,2026-10-07,Harley's - BLR - Mahadevapura,MAH,2026-10-07 11:18:23
54,Ferrero Nutella Medovik Cake,ea,Harley's Grand Celebration Medovik Cakes,Product,Direct,OUT,MAHA MANAGER 1,MANAGER 1,2026-10-07 11:19:11,2026-10-07,Harley's - BLR - Mahadevapura,MAH,2026-10-07 11:19:11
128,Swiss Black & White Chocolate Medovik Cake,ea,Harley's Grand Celebration Medovik Cakes,Product,Direct,OUT,MAHA MANAGER 1,MANAGER 1,2026-10-07 11:19:11,2026-10-07,Harley's - BLR - Mahadevapura,MAH,2026-10-07 11:19:11
123,Sparkling Dark Chocolate Medovik Cake,ea,Harley's Grand Celebration Medovik Cakes,Product,Direct,OUT,MAHA MANAGER 1,MANAGER 1,2026-10-07 11:19:11,2026-10-07,Harley's - BLR - Mahadevapura,MAH,2026-10-07 11:19:11
115,Signature Belgium Chocolate Medovik Cake,ea,Harley's Grand Celebration Medovik Cakes,Product,Direct,OUT,MAHA MANAGER 1,MANAGER 1,2026-10-07 11:19:11,2026-10-07,Harley's - BLR - Mahadevapura,MAH,2026-10-07 11:19:11
45,Danish Hazelnut Chocolate Medovik Cake,ea,Harley's Grand Celebration Medovik Cakes,Product,Direct,OUT,MAHA MANAGER 1,MANAGER 1,2026-10-07 11:19:11,2026-10-07,Harley's - BLR - Mahadevapura,MAH,2026-10-07 11:19:11
73,Italian Tiramisu Medovik Cake,ea,Harley's Grand Celebration Medovik Cakes,Product,Direct,OUT,MAHA MANAGER 1,MANAGER 1,2026-10-07 13:04:21,2026-10-07,Harley's - BLR - Mahadevapura,MAH,2026-10-07 13:04:21
72,Italian Tiramisu Medovik Cake,ea,Harley's Grand Celebration Medovik Cakes,Product,Direct,OUT,MAHA MANAGER 1,MANAGER 1,2026-10-07 13:04:21,2026-10-07,Harley's - BLR - Mahadevapura,MAH,2026-10-07 13:04:21
73,Italian Tiramisu Medovik Cake,ea,Harley's Grand Celebration Medovik Cakes,Product,Direct,IN,MAHA MANAGER 1,MANAGER 1,2026-10-07 15:13:52,2026-10-07,Harley's - BLR - Mahadevapura,MAH,2026-10-07 15:13:52
72,Italian Tiramisu Medovik Cake,ea,Harley's Grand Celebration Medovik Cakes,Product,Direct,IN,MAHA MANAGER 1,MANAGER 1,2026-10-07 15:13:52,2026-10-07,Harley's - BLR - Mahadevapura,MAH,2026-10-07 15:13:52
64,Harley's Special Mawa Bar Cake (250 Gms),ea,Barcakes & Muffins,Product,Direct,IN,MAHA MANAGER 1,MANAGER 1,2026-10-07 15:14:07,2026-10-07,Harley's - BLR - Mahadevapura,MAH,2026-10-07 15:14:07
53,Ferrero Nutella Medovik Cake,ea,Harley's Grand Celebration Medovik Cakes,Product,Direct,OUT,MAHA MANAGER 1,MANAGER 1,2026-10-07 18:55:35,2026-10-07,Harley's - BLR - Mahadevapura,MAH,2026-10-07 18:55:35
127,Swiss Black & White Chocolate Medovik Cake,ea,Harley's Grand Celebration Medovik Cakes,Product,Direct,OUT,MAHA MANAGER 1,MANAGER 1,2026-10-07 18:55:35,2026-10-07,Harley's - BLR - Mahadevapura,MAH,2026-10-07 18:55:35
122,Sparkling Dark Chocolate Medovik Cake,ea,Harley's Grand Celebration Medovik Cakes,Product,Direct,OUT,MAHA MANAGER 1,MANAGER 1,2026-10-07 18:55:35,2026-10-07,Harley's - BLR - Mahadevapura,MAH,2026-10-07 18:55:35
114,Signature Belgium Chocolate Medovik Cake,ea,Harley's Grand Celebration Medovik Cakes,Product,Direct,OUT,MAHA MANAGER 1,MANAGER 1,2026-10-07 18:55:35,2026-10-07,Harley's - BLR - Mahadevapura,MAH,2026-10-07 18:55:35
44,Danish Hazelnut Chocolate Medovik Cake,ea,Harley's Grand Celebration Medovik Cakes,Product,Direct,OUT,MAHA MANAGER 1,MANAGER 1,2026-10-07 18:55:35,2026-10-07,Harley's - BLR - Mahadevapura,MAH,2026-10-07 18:55:35
134,Assorted French Macarons (Pack Of 12),ea,Harley's Sweet Home Assortments,Product,Direct,OUT,MAHA MANAGER 1,MANAGER 1,2026-10-07 21:11:01,2026-10-07,Harley's - BLR - Mahadevapura,MAH,2026-10-07 21:11:01
135,Assorted French Macarons (Pack Of 24),ea,Harley's Sweet Home Assortments,Product,Direct,OUT,MAHA MANAGER 1,MANAGER 1,2026-10-07 21:11:01,2026-10-07,Harley's - BLR - Mahadevapura,MAH,2026-10-07 21:11:01
129,Swiss Black & White Medovik With Macaron,ea,Harley's Signature Medovik Pastry,Product,Direct,OUT,MAHA MANAGER 1,MANAGER 1,2026-10-07 21:24:21,2026-10-07,Harley's - BLR - Mahadevapura,MAH,2026-10-07 21:24:21
124,Sparkling Dark Chocolate Medovik With Macaron,ea,Harley's Signature Medovik Pastry,Product,Direct,OUT,MAHA MANAGER 1,MANAGER 1,2026-10-07 21:24:21,2026-10-07,Harley's - BLR - Mahadevapura,MAH,2026-10-07 21:24:21
116,Signature Belgium Chocolate Medovik With Macaron,ea,Harley's Signature Medovik Pastry,Product,Direct,OUT,MAHA MANAGER 1,MANAGER 1,2026-10-07 21:24:21,2026-10-07,Harley's - BLR - Mahadevapura,MAH,2026-10-07 21:24:21
55,Ferrero Nutella Medovik With Macaron,ea,Harley's Signature Medovik Pastry,Product,Direct,OUT,MAHA MANAGER 1,MANAGER 1,2026-10-07 21:24:21,2026-10-07,Harley's - BLR - Mahadevapura,MAH,2026-10-07 21:24:21
46,Danish Hazelnut Chocolate Medovik With Macaron,ea,Harley's Signature Medovik Pastry,Product,Direct,OUT,MAHA MANAGER 1,MANAGER 1,2026-10-07 21:24:21,2026-10-07,Harley's - BLR - Mahadevapura,MAH,2026-10-07 21:24:21
212,London Viral Whipped Caramel Medovik Cake,ea,Harley's Grand Celebration Medovik Cakes,Product,Direct,OUT,BEL CLOUD 1,CLOUD 1,2026-10-07 15:27:24,2026-10-07,Harley's - BLR - Bellandur,BEL,2026-10-07 15:27:24
214,London Viral Whipped Caramel Medovik With Macaron,ea,Harley's Signature Medovik Pastry,Product,Direct,OUT,BEL CLOUD 1,CLOUD 1,2026-10-07 15:27:24,2026-10-07,Harley's - BLR - Bellandur,BEL,2026-10-07 15:27:24
123,Sparkling Dark Chocolate Medovik Cake,ea,Harley's Grand Celebration Medovik Cakes,Product,Direct,OUT,BEL CLOUD 1,CLOUD 1,2026-10-07 19:03:32,2026-10-07,Harley's - BLR - Bellandur,BEL,2026-10-07 19:03:32
115,Signature Belgium Chocolate Medovik Cake,ea,Harley's Grand Celebration Medovik Cakes,Product,Direct,OUT,BEL CLOUD 1,CLOUD 1,2026-10-07 19:03:32,2026-10-07,Harley's - BLR - Bellandur,BEL,2026-10-07 19:03:32
45,Danish Hazelnut Chocolate Medovik Cake,ea,Harley's Grand Celebration Medovik Cakes,Product,Direct,OUT,BEL CLOUD 1,CLOUD 1,2026-10-07 19:03:32,2026-10-07,Harley's - BLR - Bellandur,BEL,2026-10-07 19:03:32
60,French Vanilla Strawberry Rose Medovik Cake,ea,Harley's Grand Celebration Medovik Cakes,Product,Direct,OUT,BEL CLOUD 1,CLOUD 1,2026-10-07 19:03:32,2026-10-07,Harley's - BLR - Bellandur,BEL,2026-10-07 19:03:32
44,Danish Hazelnut Chocolate Medovik Cake,ea,Harley's Grand Celebration Medovik Cakes,Product,Direct,OUT,BEL CLOUD 1,CLOUD 1,2026-10-07 19:03:48,2026-10-07,Harley's - BLR - Bellandur,BEL,2026-10-07 19:03:48
55,Ferrero Nutella Medovik With Macaron,ea,Harley's Signature Medovik Pastry,Product,Direct,OUT,BEL CLOUD 1,CLOUD 1,2026-10-07 19:16:58,2026-10-07,Harley's - BLR - Bellandur,BEL,2026-10-07 19:16:58
74,Italian Tiramisu Medovik With Macaron,ea,Harley's Signature Medovik Pastry,Product,Direct,OUT,BEL CLOUD 1,CLOUD 1,2026-10-07 19:16:58,2026-10-07,Harley's - BLR - Bellandur,BEL,2026-10-07 19:16:58
61,Green Apple Macarons (Pack Of 5),ea,Harley's French Macarons,Product,Direct,OUT,BEL CLOUD 1,CLOUD 1,2026-10-07 20:21:48,2026-10-07,Harley's - BLR - Bellandur,BEL,2026-10-07 20:21:48
26,Blueberry Macarons (Pack Of 5),ea,Harley's French Macarons,Product,Direct,OUT,BEL CLOUD 1,CLOUD 1,2026-10-07 20:21:48,2026-10-07,Harley's - BLR - Bellandur,BEL,2026-10-07 20:21:48
111,Red Velvet Macarons (Pack Of 5),ea,Harley's French Macarons,Product,Direct,OUT,BEL CLOUD 1,CLOUD 1,2026-10-07 20:21:48,2026-10-07,Harley's - BLR - Bellandur,BEL,2026-10-07 20:21:48
125,Strawberry Macarons (Pack Of 5),ea,Harley's French Macarons,Product,Direct,OUT,BEL CLOUD 1,CLOUD 1,2026-10-07 20:21:48,2026-10-07,Harley's - BLR - Bellandur,BEL,2026-10-07 20:21:48
64,Harley's Special Mawa Bar Cake (250 Gms),ea,Barcakes & Muffins,Product,Direct,OUT,KAL CLOUD 2,CLOUD 2,2026-10-07 16:09:04,2026-10-07,Harley's - BLR - Kalyan Nagar,KAL,2026-10-07 16:09:04
24,Belgium Chocolate Tres Leches (Pack of 2),ea,Tres Leches Cakes (Mexican Special),Product,Direct,OUT,KAL CLOUD 2,CLOUD 2,2026-10-07 18:00:48,2026-10-07,Harley's - BLR - Kalyan Nagar,KAL,2026-10-07 18:00:48
24,Belgium Chocolate Tres Leches (Pack of 2),ea,Tres Leches Cakes (Mexican Special),Product,Direct,IN,KAL MANAGER 1,GFNK5L,2026-10-07 19:21:28,2026-10-07,Harley's - BLR - Kalyan Nagar,KAL,2026-10-07 19:21:28
105,Premium Banana Walnut Bar Cake (250 Gms),ea,Barcakes & Muffins,Product,Direct,OUT,KAL MANAGER 1,GFNK5L,2026-10-07 21:34:53,2026-10-07,Harley's - BLR - Kalyan Nagar,KAL,2026-10-07 21:34:53
54,Ferrero Nutella Medovik Cake,ea,Harley's Grand Celebration Medovik Cakes,Product,Direct,IN,ARE CLOUD 1,CLOUD 1,2026-10-07 15:11:15,2026-10-07,Harley's - BLR - Arekere,ARE,2026-10-07 15:11:15
127,Swiss Black & White Chocolate Medovik Cake,ea,Harley's Grand Celebration Medovik Cakes,Product,Direct,IN,ARE CLOUD 1,CLOUD 1,2026-10-07 15:11:15,2026-10-07,Harley's - BLR - Arekere,ARE,2026-10-07 15:11:15
128,Swiss Black & White Chocolate Medovik Cake,ea,Harley's Grand Celebration Medovik Cakes,Product,Direct,IN,ARE CLOUD 1,CLOUD 1,2026-10-07 15:11:15,2026-10-07,Harley's - BLR - Arekere,ARE,2026-10-07 15:11:15
123,Sparkling Dark Chocolate Medovik Cake,ea,Harley's Grand Celebration Medovik Cakes,Product,Direct,IN,ARE CLOUD 1,CLOUD 1,2026-10-07 15:11:15,2026-10-07,Harley's - BLR - Arekere,ARE,2026-10-07 15:11:15
122,Sparkling Dark Chocolate Medovik Cake,ea,Harley's Grand Celebration Medovik Cakes,Product,Direct,IN,ARE CLOUD 1,CLOUD 1,2026-10-07 15:11:15,2026-10-07,Harley's - BLR - Arekere,ARE,2026-10-07 15:11:15
115,Signature Belgium Chocolate Medovik Cake,ea,Harley's Grand Celebration Medovik Cakes,Product,Direct,IN,ARE CLOUD 1,CLOUD 1,2026-10-07 15:11:15,2026-10-07,Harley's - BLR - Arekere,ARE,2026-10-07 15:11:15
114,Signature Belgium Chocolate Medovik Cake,ea,Harley's Grand Celebration Medovik Cakes,Product,Direct,IN,ARE CLOUD 1,CLOUD 1,2026-10-07 15:11:15,2026-10-07,Harley's - BLR - Arekere,ARE,2026-10-07 15:11:15
44,Danish Hazelnut Chocolate Medovik Cake,ea,Harley's Grand Celebration Medovik Cakes,Product,Direct,IN,ARE CLOUD 1,CLOUD 1,2026-10-07 15:11:15,2026-10-07,Harley's - BLR - Arekere,ARE,2026-10-07 15:11:15
45,Danish Hazelnut Chocolate Medovik Cake,ea,Harley's Grand Celebration Medovik Cakes,Product,Direct,IN,ARE CLOUD 1,CLOUD 1,2026-10-07 15:11:15,2026-10-07,Harley's - BLR - Arekere,ARE,2026-10-07 15:11:15
53,Ferrero Nutella Medovik Cake,ea,Harley's Grand Celebration Medovik Cakes,Product,Direct,IN,ARE CLOUD 1,CLOUD 1,2026-10-07 15:11:15,2026-10-07,Harley's - BLR - Arekere,ARE,2026-10-07 15:11:15
105,Premium Banana Walnut Bar Cake (250 Gms),ea,Barcakes & Muffins,Product,Direct,IN,ARE CLOUD 1,CLOUD 1,2026-10-07 15:11:28,2026-10-07,Harley's - BLR - Arekere,ARE,2026-10-07 15:11:28
64,Harley's Special Mawa Bar Cake (250 Gms),ea,Barcakes & Muffins,Product,Direct,IN,ARE CLOUD 1,CLOUD 1,2026-10-07 15:11:28,2026-10-07,Harley's - BLR - Arekere,ARE,2026-10-07 15:11:28
47,Double Chocolate Bar Cake (250 gms),ea,Barcakes & Muffins,Product,Direct,IN,ARE CLOUD 1,CLOUD 1,2026-10-07 15:11:28,2026-10-07,Harley's - BLR - Arekere,ARE,2026-10-07 15:11:28
34,Chocochip Muffin (Pack Of 2),ea,Barcakes & Muffins,Product,Direct,IN,ARE CLOUD 1,CLOUD 1,2026-10-07 15:11:28,2026-10-07,Harley's - BLR - Arekere,ARE,2026-10-07 15:11:28
33,Choco Mawa Bar Cake 250 gms,ea,Barcakes & Muffins,Product,Direct,IN,ARE CLOUD 1,CLOUD 1,2026-10-07 15:11:28,2026-10-07,Harley's - BLR - Arekere,ARE,2026-10-07 15:11:28
27,Blueberry Muffin (Pack Of 2),ea,Barcakes & Muffins,Product,Direct,IN,ARE CLOUD 1,CLOUD 1,2026-10-07 15:11:28,2026-10-07,Harley's - BLR - Arekere,ARE,2026-10-07 15:11:28
105,Premium Banana Walnut Bar Cake (250 Gms),ea,Barcakes & Muffins,Product,Direct,OUT,ARE CLOUD 1,CLOUD 1,2026-10-07 17:09:37,2026-10-07,Harley's - BLR - Arekere,ARE,2026-10-07 17:09:37
135,Assorted French Macarons (Pack Of 24),ea,Harley's Sweet Home Assortments,Product,Direct,OUT,DIL MANAGER1,MANAGER1,2026-10-07 17:37:57,2026-10-07,Harley's - HYD - Dilshuknagar,DIL,2026-10-07 17:37:57
125,Strawberry Macarons (Pack Of 5),ea,Harley's French Macarons,Product,Direct,OUT,DIL MANAGER1,MANAGER1,2026-10-07 17:37:57,2026-10-07,Harley's - HYD - Dilshuknagar,DIL,2026-10-07 17:37:57
85,Mighty Mango Macarons (Pack Of 5),ea,Harley's French Macarons,Product,Direct,OUT,DIL MANAGER1,MANAGER1,2026-10-07 17:37:57,2026-10-07,Harley's - HYD - Dilshuknagar,DIL,2026-10-07 17:37:57
56,French Vanilla Macarons (Pack Of 5),ea,Harley's French Macarons,Product,Direct,OUT,DIL MANAGER1,MANAGER1,2026-10-07 17:37:57,2026-10-07,Harley's - HYD - Dilshuknagar,DIL,2026-10-07 17:37:57
37,Clementine Orange Macarons (Pack Of 5),ea,Harley's French Macarons,Product,Direct,OUT,DIL MANAGER1,MANAGER1,2026-10-07 17:37:57,2026-10-07,Harley's - HYD - Dilshuknagar,DIL,2026-10-07 17:37:57
26,Blueberry Macarons (Pack Of 5),ea,Harley's French Macarons,Product,Direct,OUT,DIL MANAGER1,MANAGER1,2026-10-07 17:37:57,2026-10-07,Harley's - HYD - Dilshuknagar,DIL,2026-10-07 17:37:57
NEW42,Italian Pistachio Medovik Shake,ea,Cake Shake Indulgence,Product,Direct,OUT,MGR UDY NCR,MGRUDY1,2026-10-07 08:54:39,2026-10-07,Harley's - GUR - Udyod Vihar,UDY,2026-10-07 08:54:39
NEW41,Belgium Chocolate Medovik Shake,ea,Cake Shake Indulgence,Product,Direct,OUT,MGR UDY NCR,MGRUDY1,2026-10-07 08:54:39,2026-10-07,Harley's - GUR - Udyod Vihar,UDY,2026-10-07 08:54:39
NEW40,Tiramisu Medovik Coffee Shake,ea,Cake Shake Indulgence,Product,Direct,OUT,MGR UDY NCR,MGRUDY1,2026-10-07 08:54:39,2026-10-07,Harley's - GUR - Udyod Vihar,UDY,2026-10-07 08:54:39
NEW39,American Blueberry Cake Shake,ea,Cake Shake Indulgence,Product,Direct,OUT,MGR UDY NCR,MGRUDY1,2026-10-07 08:54:39,2026-10-07,Harley's - GUR - Udyod Vihar,UDY,2026-10-07 08:54:39
K3G17,Caffe Latte,ea,Coffee Brews (Hot),Product,Direct,OUT,MGR UDY NCR,MGRUDY1,2026-10-07 08:54:39,2026-10-07,Harley's - GUR - Udyod Vihar,UDY,2026-10-07 08:54:39
K3G6,Espresso Single Shot,ea,Coffee Brews (Hot),Product,Direct,OUT,MGR UDY NCR,MGRUDY1,2026-10-07 08:54:39,2026-10-07,Harley's - GUR - Udyod Vihar,UDY,2026-10-07 08:54:39
NEW63,Cafe Mocha,ea,Coffee Brews (Hot),Product,Direct,OUT,MGR UDY NCR,MGRUDY1,2026-10-07 08:54:39,2026-10-07,Harley's - GUR - Udyod Vihar,UDY,2026-10-07 08:54:39
NEW62,Roasted Hazelnut Cappuccino,ea,Coffee Brews (Hot),Product,Direct,OUT,MGR UDY NCR,MGRUDY1,2026-10-07 08:54:39,2026-10-07,Harley's - GUR - Udyod Vihar,UDY,2026-10-07 08:54:39
NEW61,Espresso (Doppio),ea,Coffee Brews (Hot),Product,Direct,OUT,MGR UDY NCR,MGRUDY1,2026-10-07 08:54:39,2026-10-07,Harley's - GUR - Udyod Vihar,UDY,2026-10-07 08:54:39
NEW60,Cafe Latte,ea,Coffee Brews (Hot),Product,Direct,OUT,MGR UDY NCR,MGRUDY1,2026-10-07 08:54:39,2026-10-07,Harley's - GUR - Udyod Vihar,UDY,2026-10-07 08:54:39
NEW59,Italian Cappuccino,ea,Coffee Brews (Hot),Product,Direct,OUT,MGR UDY NCR,MGRUDY1,2026-10-07 08:54:39,2026-10-07,Harley's - GUR - Udyod Vihar,UDY,2026-10-07 08:54:39
NEW58,Classic Americano,ea,Coffee Brews (Hot),Product,Direct,OUT,MGR UDY NCR,MGRUDY1,2026-10-07 08:54:39,2026-10-07,Harley's - GUR - Udyod Vihar,UDY,2026-10-07 08:54:39
59,French Vanilla Strawberry Rose Medovik Cake,ea,Harley's Grand Celebration Medovik Cakes,Product,Direct,OUT,MGR UDY NCR,MGRUDY1,2026-10-07 14:23:05,2026-10-07,Harley's - GUR - Udyod Vihar,UDY,2026-10-07 14:23:05
14,Austrian White Forest Medovik Cake,ea,Harley's Grand Celebration Medovik Cakes,Product,Direct,OUT,MGR UDY NCR,MGRUDY1,2026-10-07 14:23:05,2026-10-07,Harley's - GUR - Udyod Vihar,UDY,2026-10-07 14:23:05
15,Austrian White Forest Medovik Cake,ea,Harley's Grand Celebration Medovik Cakes,Product,Direct,OUT,MGR UDY NCR,MGRUDY1,2026-10-07 14:23:17,2026-10-07,Harley's - GUR - Udyod Vihar,UDY,2026-10-07 14:23:17
60,French Vanilla Strawberry Rose Medovik Cake,ea,Harley's Grand Celebration Medovik Cakes,Product,Direct,OUT,MGR UDY NCR,MGRUDY1,2026-10-07 14:23:17,2026-10-07,Harley's - GUR - Udyod Vihar,UDY,2026-10-07 14:23:17
K3G17,Caffe Latte,ea,Coffee Brews (Hot),Product,Direct,IN,MGR UDY NCR,MGRUDY1,2026-10-07 14:23:59,2026-10-07,Harley's - GUR - Udyod Vihar,UDY,2026-10-07 14:23:59
K3G6,Espresso Single Shot,ea,Coffee Brews (Hot),Product,Direct,IN,MGR UDY NCR,MGRUDY1,2026-10-07 14:23:59,2026-10-07,Harley's - GUR - Udyod Vihar,UDY,2026-10-07 14:23:59
NEW63,Cafe Mocha,ea,Coffee Brews (Hot),Product,Direct,IN,MGR UDY NCR,MGRUDY1,2026-10-07 14:23:59,2026-10-07,Harley's - GUR - Udyod Vihar,UDY,2026-10-07 14:23:59
NEW62,Roasted Hazelnut Cappuccino,ea,Coffee Brews (Hot),Product,Direct,IN,MGR UDY NCR,MGRUDY1,2026-10-07 14:23:59,2026-10-07,Harley's - GUR - Udyod Vihar,UDY,2026-10-07 14:23:59
NEW61,Espresso (Doppio),ea,Coffee Brews (Hot),Product,Direct,IN,MGR UDY NCR,MGRUDY1,2026-10-07 14:23:59,2026-10-07,Harley's - GUR - Udyod Vihar,UDY,2026-10-07 14:23:59
NEW60,Cafe Latte,ea,Coffee Brews (Hot),Product,Direct,IN,MGR UDY NCR,MGRUDY1,2026-10-07 14:23:59,2026-10-07,Harley's - GUR - Udyod Vihar,UDY,2026-10-07 14:23:59
NEW59,Italian Cappuccino,ea,Coffee Brews (Hot),Product,Direct,IN,MGR UDY NCR,MGRUDY1,2026-10-07 14:23:59,2026-10-07,Harley's - GUR - Udyod Vihar,UDY,2026-10-07 14:23:59
NEW58,Classic Americano,ea,Coffee Brews (Hot),Product,Direct,IN,MGR UDY NCR,MGRUDY1,2026-10-07 14:23:59,2026-10-07,Harley's - GUR - Udyod Vihar,UDY,2026-10-07 14:23:59
72,Italian Tiramisu Medovik Cake,ea,Harley's Grand Celebration Medovik Cakes,Product,Direct,OUT,MGR UDY NCR,MGRUDY1,2026-10-07 14:28:39,2026-10-07,Harley's - GUR - Udyod Vihar,UDY,2026-10-07 14:28:39
73,Italian Tiramisu Medovik Cake,ea,Harley's Grand Celebration Medovik Cakes,Product,Direct,OUT,MGR UDY NCR,MGRUDY1,2026-10-07 14:28:39,2026-10-07,Harley's - GUR - Udyod Vihar,UDY,2026-10-07 14:28:39
NEW42,Italian Pistachio Medovik Shake,ea,Cake Shake Indulgence,Product,Direct,IN,MGR UDY NCR,MGRUDY1,2026-10-07 14:30:45,2026-10-07,Harley's - GUR - Udyod Vihar,UDY,2026-10-07 14:30:45
NEW41,Belgium Chocolate Medovik Shake,ea,Cake Shake Indulgence,Product,Direct,IN,MGR UDY NCR,MGRUDY1,2026-10-07 14:30:45,2026-10-07,Harley's - GUR - Udyod Vihar,UDY,2026-10-07 14:30:45
NEW40,Tiramisu Medovik Coffee Shake,ea,Cake Shake Indulgence,Product,Direct,IN,MGR UDY NCR,MGRUDY1,2026-10-07 14:30:45,2026-10-07,Harley's - GUR - Udyod Vihar,UDY,2026-10-07 14:30:45
NEW39,American Blueberry Cake Shake,ea,Cake Shake Indulgence,Product,Direct,IN,MGR UDY NCR,MGRUDY1,2026-10-07 14:30:45,2026-10-07,Harley's - GUR - Udyod Vihar,UDY,2026-10-07 14:30:45
33,Choco Mawa Bar Cake 250 gms,ea,Barcakes & Muffins,Product,Direct,IN,MGR UDY NCR,MGRUDY1,2026-10-07 15:00:10,2026-10-07,Harley's - GUR - Udyod Vihar,UDY,2026-10-07 15:00:10
72,Italian Tiramisu Medovik Cake,ea,Harley's Grand Celebration Medovik Cakes,Product,Direct,IN,MGR UDY NCR,MGRUDY1,2026-10-07 15:00:20,2026-10-07,Harley's - GUR - Udyod Vihar,UDY,2026-10-07 15:00:20
73,Italian Tiramisu Medovik Cake,ea,Harley's Grand Celebration Medovik Cakes,Product,Direct,IN,MGR UDY NCR,MGRUDY1,2026-10-07 15:00:20,2026-10-07,Harley's - GUR - Udyod Vihar,UDY,2026-10-07 15:00:20
27,Blueberry Muffin (Pack Of 2),ea,Barcakes & Muffins,Product,Direct,OUT,SEN1 VIJAY,SEN1VIJ,2026-10-07 08:04:29,2026-10-07,Harley's - Vijayawada - Sentini Mall,SEN,2026-10-07 08:04:29
47,Double Chocolate Bar Cake (250 gms),ea,Barcakes & Muffins,Product,Direct,IN,SEN1 VIJAY,SEN1VIJ,2026-10-07 08:04:45,2026-10-07,Harley's - Vijayawada - Sentini Mall,SEN,2026-10-07 08:04:45
34,Chocochip Muffin (Pack Of 2),ea,Barcakes & Muffins,Product,Direct,IN,SEN1 VIJAY,SEN1VIJ,2026-10-07 09:53:36,2026-10-07,Harley's - Vijayawada - Sentini Mall,SEN,2026-10-07 09:53:36
33,Choco Mawa Bar Cake 250 gms,ea,Barcakes & Muffins,Product,Direct,IN,SEN1 VIJAY,SEN1VIJ,2026-10-07 09:53:36,2026-10-07,Harley's - Vijayawada - Sentini Mall,SEN,2026-10-07 09:53:36
27,Blueberry Muffin (Pack Of 2),ea,Barcakes & Muffins,Product,Direct,IN,SEN1 VIJAY,SEN1VIJ,2026-10-07 09:53:36,2026-10-07,Harley's - Vijayawada - Sentini Mall,SEN,2026-10-07 09:53:36
33,Choco Mawa Bar Cake 250 gms,ea,Barcakes & Muffins,Product,Direct,OUT,SEN1 VIJAY,SEN1VIJ,2026-10-07 11:23:41,2026-10-07,Harley's - Vijayawada - Sentini Mall,SEN,2026-10-07 11:23:41
27,Blueberry Muffin (Pack Of 2),ea,Barcakes & Muffins,Product,Direct,OUT,SEN1 VIJAY,SEN1VIJ,2026-10-07 14:44:29,2026-10-07,Harley's - Vijayawada - Sentini Mall,SEN,2026-10-07 14:44:29
34,Chocochip Muffin (Pack Of 2),ea,Barcakes & Muffins,Product,Direct,OUT,SEN1 VIJAY,SEN1VIJ,2026-10-07 15:36:46,2026-10-07,Harley's - Vijayawada - Sentini Mall,SEN,2026-10-07 15:36:46
35,Classic Butter Croissants (Pack Of 2),ea,Croissants,Product,Direct,IN,SEN1 VIJAY,SEN1VIJ,2026-10-07 15:37:03,2026-10-07,Harley's - Vijayawada - Sentini Mall,SEN,2026-10-07 15:37:03
22,Belgium Chocolate Criossant,ea,Croissants,Product,Direct,IN,SEN1 VIJAY,SEN1VIJ,2026-10-07 15:37:52,2026-10-07,Harley's - Vijayawada - Sentini Mall,SEN,2026-10-07 15:37:52
47,Double Chocolate Bar Cake (250 gms),ea,Barcakes & Muffins,Product,Direct,IN,BHA VIJ,BHA1,2026-10-07 10:34:02,2026-10-07,Harley's - VIJAYAWADA - Bhavanipuram,BPM,2026-10-07 10:34:02
34,Chocochip Muffin (Pack Of 2),ea,Barcakes & Muffins,Product,Direct,IN,BHA VIJ,BHA1,2026-10-07 10:34:02,2026-10-07,Harley's - VIJAYAWADA - Bhavanipuram,BPM,2026-10-07 10:34:02
132,Assorted Cheesecakes (Pack Of 12),ea,Harley's Sweet Home Assortments,Product,Direct,IN,BHA VIJ,BHA1,2026-10-07 10:34:02,2026-10-07,Harley's - VIJAYAWADA - Bhavanipuram,BPM,2026-10-07 10:34:02
96,Pack Of 9 Cheesecakes And 6 Macarons,ea,All Time Favourite Combinations,Product,Direct,IN,BHA VIJ,BHA1,2026-10-07 10:34:02,2026-10-07,Harley's - VIJAYAWADA - Bhavanipuram,BPM,2026-10-07 10:34:02
119,Smoky Caramel Cheesecake,ea,Harley's Gourmet Celebration Cheesecakes,Product,Direct,IN,BHA VIJ,BHA1,2026-10-07 10:34:02,2026-10-07,Harley's - VIJAYAWADA - Bhavanipuram,BPM,2026-10-07 10:34:02
118,Smoky Caramel Cheesecake,ea,Harley's Gourmet Celebration Cheesecakes,Product,Direct,IN,BHA VIJ,BHA1,2026-10-07 10:34:02,2026-10-07,Harley's - VIJAYAWADA - Bhavanipuram,BPM,2026-10-07 10:34:02
49,Ferrero Nutella Cheesecake,ea,Harley's Gourmet Celebration Cheesecakes,Product,Direct,IN,BHA VIJ,BHA1,2026-10-07 10:34:02,2026-10-07,Harley's - VIJAYAWADA - Bhavanipuram,BPM,2026-10-07 10:34:02
50,Ferrero Nutella Cheesecake,ea,Harley's Gourmet Celebration Cheesecakes,Product,Direct,IN,BHA VIJ,BHA1,2026-10-07 10:34:02,2026-10-07,Harley's - VIJAYAWADA - Bhavanipuram,BPM,2026-10-07 10:34:02
19,Belgium Chocolate Cheesecake,ea,Harley's Gourmet Celebration Cheesecakes,Product,Direct,IN,BHA VIJ,BHA1,2026-10-07 10:34:02,2026-10-07,Harley's - VIJAYAWADA - Bhavanipuram,BPM,2026-10-07 10:34:02
20,Belgium Chocolate Cheesecake,ea,Harley's Gourmet Celebration Cheesecakes,Product,Direct,IN,BHA VIJ,BHA1,2026-10-07 10:34:02,2026-10-07,Harley's - VIJAYAWADA - Bhavanipuram,BPM,2026-10-07 10:34:02
77,Lotus Biscoff Cheesecake,ea,Harley's Gourmet Celebration Cheesecakes,Product,Direct,IN,BHA VIJ,BHA1,2026-10-07 10:34:02,2026-10-07,Harley's - VIJAYAWADA - Bhavanipuram,BPM,2026-10-07 10:34:02
76,Lotus Biscoff Cheesecake,ea,Harley's Gourmet Celebration Cheesecakes,Product,Direct,IN,BHA VIJ,BHA1,2026-10-07 10:34:02,2026-10-07,Harley's - VIJAYAWADA - Bhavanipuram,BPM,2026-10-07 10:34:02
40,Danish Hazelnut Cheesecake,ea,Harley's Gourmet Celebration Cheesecakes,Product,Direct,IN,BHA VIJ,BHA1,2026-10-07 10:34:02,2026-10-07,Harley's - VIJAYAWADA - Bhavanipuram,BPM,2026-10-07 10:34:02
39,Danish Hazelnut Cheesecake,ea,Harley's Gourmet Celebration Cheesecakes,Product,Direct,IN,BHA VIJ,BHA1,2026-10-07 10:34:02,2026-10-07,Harley's - VIJAYAWADA - Bhavanipuram,BPM,2026-10-07 10:34:02
30,Chef's Favourite Blueberry Cheesecake,ea,Harley's Gourmet Celebration Cheesecakes,Product,Direct,IN,BHA VIJ,BHA1,2026-10-07 10:34:02,2026-10-07,Harley's - VIJAYAWADA - Bhavanipuram,BPM,2026-10-07 10:34:02
31,Chef's Favourite Blueberry Cheesecake,ea,Harley's Gourmet Celebration Cheesecakes,Product,Direct,IN,BHA VIJ,BHA1,2026-10-07 10:34:02,2026-10-07,Harley's - VIJAYAWADA - Bhavanipuram,BPM,2026-10-07 10:34:02
111,Red Velvet Macarons (Pack Of 5),ea,Harley's French Macarons,Product,Direct,IN,LAB VIJ,LAB1,2026-10-07 09:02:51,2026-10-07,Harley's - VIJAYAWADA - Labbipet,LAB,2026-10-07 09:02:51
60,French Vanilla Strawberry Rose Medovik Cake,ea,Harley's Grand Celebration Medovik Cakes,Product,Direct,IN,LAB VIJ,LAB1,2026-10-07 09:03:32,2026-10-07,Harley's - VIJAYAWADA - Labbipet,LAB,2026-10-07 09:03:32
59,French Vanilla Strawberry Rose Medovik Cake,ea,Harley's Grand Celebration Medovik Cakes,Product,Direct,IN,LAB VIJ,LAB1,2026-10-07 09:03:32,2026-10-07,Harley's - VIJAYAWADA - Labbipet,LAB,2026-10-07 09:03:32
14,Austrian White Forest Medovik Cake,ea,Harley's Grand Celebration Medovik Cakes,Product,Direct,IN,LAB VIJ,LAB1,2026-10-07 09:03:32,2026-10-07,Harley's - VIJAYAWADA - Labbipet,LAB,2026-10-07 09:03:32
15,Austrian White Forest Medovik Cake,ea,Harley's Grand Celebration Medovik Cakes,Product,Direct,IN,LAB VIJ,LAB1,2026-10-07 09:03:32,2026-10-07,Harley's - VIJAYAWADA - Labbipet,LAB,2026-10-07 09:03:32
35,Classic Butter Croissants (Pack Of 2),ea,Croissants,Product,Direct,OUT,LAB VIJ,LAB1,2026-10-07 09:19:32,2026-10-07,Harley's - VIJAYAWADA - Labbipet,LAB,2026-10-07 09:19:32
73,Italian Tiramisu Medovik Cake,ea,Harley's Grand Celebration Medovik Cakes,Product,Direct,OUT,LAB VIJ,LAB1,2026-10-07 11:18:15,2026-10-07,Harley's - VIJAYAWADA - Labbipet,LAB,2026-10-07 11:18:15
105,Premium Banana Walnut Bar Cake (250 Gms),ea,Barcakes & Muffins,Product,Direct,IN,BAL1 PUNE,BAL1,2026-10-07 10:15:05,2026-10-07,Harley's - PUNE - Balewadi,BAL,2026-10-07 10:15:05
33,Choco Mawa Bar Cake 250 gms,ea,Barcakes & Muffins,Product,Direct,IN,BAL1 PUNE,BAL1,2026-10-07 10:15:05,2026-10-07,Harley's - PUNE - Balewadi,BAL,2026-10-07 10:15:05
34,Chocochip Muffin (Pack Of 2),ea,Barcakes & Muffins,Product,Direct,IN,BAL1 PUNE,BAL1,2026-10-07 10:15:23,2026-10-07,Harley's - PUNE - Balewadi,BAL,2026-10-07 10:15:23
27,Blueberry Muffin (Pack Of 2),ea,Barcakes & Muffins,Product,Direct,IN,BAL1 PUNE,BAL1,2026-10-07 10:15:23,2026-10-07,Harley's - PUNE - Balewadi,BAL,2026-10-07 10:15:23
33,Choco Mawa Bar Cake 250 gms,ea,Barcakes & Muffins,Product,Direct,OUT,BAL1 PUNE,BAL1,2026-10-07 16:21:35,2026-10-07,Harley's - PUNE - Balewadi,BAL,2026-10-07 16:21:35
27,Blueberry Muffin (Pack Of 2),ea,Barcakes & Muffins,Product,Direct,OUT,BAL1 PUNE,BAL1,2026-10-07 19:37:39,2026-10-07,Harley's - PUNE - Balewadi,BAL,2026-10-07 19:37:39
64,Harley's Special Mawa Bar Cake (250 Gms),ea,Barcakes & Muffins,Product,Direct,OUT,BAL1 PUNE,BAL1,2026-10-07 19:37:39,2026-10-07,Harley's - PUNE - Balewadi,BAL,2026-10-07 19:37:39
28,Caramel Butterscotch Macarons (Pack Of 5),ea,Harley's French Macarons,Product,Direct,OUT,MGR MOM PUNE,MGRMOM1,2026-10-07 10:20:19,2026-10-07,Harley's - PUNE - MOM,MOM,2026-10-07 10:20:19
27,Blueberry Muffin (Pack Of 2),ea,Barcakes & Muffins,Product,Direct,OUT,TAT PUNE,TAT1,2026-10-07 13:40:24,2026-10-07,Harley's - PUNE - Tathawade,TAT,2026-10-07 13:40:24
34,Chocochip Muffin (Pack Of 2),ea,Barcakes & Muffins,Product,Direct,OUT,TAT PUNE,TAT1,2026-10-07 15:40:54,2026-10-07,Harley's - PUNE - Tathawade,TAT,2026-10-07 15:40:54
35,Classic Butter Croissants (Pack Of 2),ea,Croissants,Product,Direct,OUT,TAT PUNE,TAT1,2026-10-07 15:50:36,2026-10-07,Harley's - PUNE - Tathawade,TAT,2026-10-07 15:50:36
73,Italian Tiramisu Medovik Cake,ea,Harley's Grand Celebration Medovik Cakes,Product,Direct,IN,HIN PUNE,HIN1,2026-10-07 12:28:01,2026-10-07,Harley's - PUNE - Hinjewadi,HIN,2026-10-07 12:28:01
72,Italian Tiramisu Medovik Cake,ea,Harley's Grand Celebration Medovik Cakes,Product,Direct,IN,HIN PUNE,HIN1,2026-10-07 12:28:01,2026-10-07,Harley's - PUNE - Hinjewadi,HIN,2026-10-07 12:28:01
22,Belgium Chocolate Criossant,ea,Croissants,Product,Direct,OUT,HIN PUNE,HIN1,2026-10-07 21:17:04,2026-10-07,Harley's - PUNE - Hinjewadi,HIN,2026-10-07 21:17:04
105,Premium Banana Walnut Bar Cake (250 Gms),ea,Barcakes & Muffins,Product,Direct,OUT,HIN PUNE,HIN1,2026-10-07 21:17:19,2026-10-07,Harley's - PUNE - Hinjewadi,HIN,2026-10-07 21:17:19
33,Choco Mawa Bar Cake 250 gms,ea,Barcakes & Muffins,Product,Direct,OUT,KHA2 PUNE,KHA2,2026-10-07 10:59:13,2026-10-07,Harley's - PUNE - Kharadi,KHA,2026-10-07 10:59:13
27,Blueberry Muffin (Pack Of 2),ea,Barcakes & Muffins,Product,Direct,OUT,KHA2 PUNE,KHA2,2026-10-07 15:47:48,2026-10-07,Harley's - PUNE - Kharadi,KHA,2026-10-07 15:47:48
34,Chocochip Muffin (Pack Of 2),ea,Barcakes & Muffins,Product,Direct,OUT,KHA2 PUNE,KHA2,2026-10-07 21:41:14,2026-10-07,Harley's - PUNE - Kharadi,KHA,2026-10-07 21:41:14
105,Premium Banana Walnut Bar Cake (250 Gms),ea,Barcakes & Muffins,Product,Direct,OUT,KHA2 PUNE,KHA2,2026-10-07 21:41:22,2026-10-07,Harley's - PUNE - Kharadi,KHA,2026-10-07 21:41:22
30,Chef's Favourite Blueberry Cheesecake,ea,Harley's Gourmet Celebration Cheesecakes,Product,Direct,OUT,MDG VIMAN PUNE,MGRVIM1,2026-10-07 14:00:38,2026-10-07,Harley's - PUNE - Viman Nagar,VIM,2026-10-07 14:00:38
76,Lotus Biscoff Cheesecake,ea,Harley's Gourmet Celebration Cheesecakes,Product,Direct,OUT,MDG VIMAN PUNE,MGRVIM1,2026-10-07 14:00:38,2026-10-07,Harley's - PUNE - Viman Nagar,VIM,2026-10-07 14:00:38
39,Danish Hazelnut Cheesecake,ea,Harley's Gourmet Celebration Cheesecakes,Product,Direct,OUT,MDG VIMAN PUNE,MGRVIM1,2026-10-07 14:00:38,2026-10-07,Harley's - PUNE - Viman Nagar,VIM,2026-10-07 14:00:38
19,Belgium Chocolate Cheesecake,ea,Harley's Gourmet Celebration Cheesecakes,Product,Direct,OUT,MDG VIMAN PUNE,MGRVIM1,2026-10-07 14:00:38,2026-10-07,Harley's - PUNE - Viman Nagar,VIM,2026-10-07 14:00:38
49,Ferrero Nutella Cheesecake,ea,Harley's Gourmet Celebration Cheesecakes,Product,Direct,OUT,MDG VIMAN PUNE,MGRVIM1,2026-10-07 14:00:38,2026-10-07,Harley's - PUNE - Viman Nagar,VIM,2026-10-07 14:00:38
61,Green Apple Macarons (Pack Of 5),ea,Harley's French Macarons,Product,Direct,OUT,MDG VIMAN PUNE,MGRVIM1,2026-10-07 14:26:38,2026-10-07,Harley's - PUNE - Viman Nagar,VIM,2026-10-07 14:26:38
111,Red Velvet Macarons (Pack Of 5),ea,Harley's French Macarons,Product,Direct,OUT,MDG VIMAN PUNE,MGRVIM1,2026-10-07 14:26:38,2026-10-07,Harley's - PUNE - Viman Nagar,VIM,2026-10-07 14:26:38
122,Sparkling Dark Chocolate Medovik Cake,ea,Harley's Grand Celebration Medovik Cakes,Product,Direct,OUT,MDG VIMAN PUNE,MGRVIM1,2026-10-07 17:05:04,2026-10-07,Harley's - PUNE - Viman Nagar,VIM,2026-10-07 17:05:04
86,Milk Bread(400G),ea,Breads,Product,Direct,OUT,MGR BSE MUM,MGRBSE1,2026-10-07 07:48:20,2026-10-07,Harley's - MUM - BSE,BSE,2026-10-07 07:48:20
47,Double Chocolate Bar Cake (250 gms),ea,Barcakes & Muffins,Product,Direct,OUT,MGR BSE MUM,MGRBSE1,2026-10-07 07:48:28,2026-10-07,Harley's - MUM - BSE,BSE,2026-10-07 07:48:28
91,Multigrain Bread (400g),ea,Breads,Product,Direct,OUT,BSE1 MUM,BSE1,2026-10-07 08:09:07,2026-10-07,Harley's - MUM - BSE,BSE,2026-10-07 08:09:07
149,Pistachio Tres Leches [Pack of 2],ea,Exotic Tresley Cakes,Product,Direct,OUT,BSE1 MUM,BSE1,2026-10-07 08:49:27,2026-10-07,Harley's - MUM - BSE,BSE,2026-10-07 08:49:27
104,Pistachio Tres Leches (Pack of 2),ea,Tres Leches Cakes (Mexican Special),Product,Direct,OUT,BSE1 MUM,BSE1,2026-10-07 08:49:27,2026-10-07,Harley's - MUM - BSE,BSE,2026-10-07 08:49:27
86,Milk Bread(400G),ea,Breads,Product,Direct,IN,BSE1 MUM,BSE1,2026-10-07 12:41:49,2026-10-07,Harley's - MUM - BSE,BSE,2026-10-07 12:41:49
47,Double Chocolate Bar Cake (250 gms),ea,Barcakes & Muffins,Product,Direct,IN,BSE1 MUM,BSE1,2026-10-07 12:42:17,2026-10-07,Harley's - MUM - BSE,BSE,2026-10-07 12:42:17
147,Classic Mexican Tres Leches [Pack Of 2],ea,Exotic Tresley Cakes,Product,Direct,OUT,BSE1 MUM,BSE1,2026-10-07 14:21:43,2026-10-07,Harley's - MUM - BSE,BSE,2026-10-07 14:21:43
36,Classic Mexican Tres Leches  (Pack of 2),ea,Tres Leches Cakes (Mexican Special),Product,Direct,OUT,BSE1 MUM,BSE1,2026-10-07 14:21:43,2026-10-07,Harley's - MUM - BSE,BSE,2026-10-07 14:21:43
NEW204,Exotic Tresley Cakes (Pack of 6),ea,Harley's Sweet Home Assortments,Product,Direct,OUT,BSE1 MUM,BSE1,2026-10-07 14:22:49,2026-10-07,Harley's - MUM - BSE,BSE,2026-10-07 14:22:49
154,Exotic Tresley Cakes [Pack of 6],ea,Assorted Tresley Cake Packs,Product,Direct,OUT,BSE1 MUM,BSE1,2026-10-07 14:22:49,2026-10-07,Harley's - MUM - BSE,BSE,2026-10-07 14:22:49
NEW199,Croissant Maska (Regional Fusion),ea,Steamy Croissants,Product,Direct,OUT,BSE1 MUM,BSE1,2026-10-07 15:47:03,2026-10-07,Harley's - MUM - BSE,BSE,2026-10-07 15:47:03
NEW103,Classic Butter Croissant,ea,Croissants,Product,Direct,OUT,BSE1 MUM,BSE1,2026-10-07 15:47:03,2026-10-07,Harley's - MUM - BSE,BSE,2026-10-07 15:47:03
35,Classic Butter Croissants (Pack Of 2),ea,Croissants,Product,Direct,OUT,BSE1 MUM,BSE1,2026-10-07 15:47:03,2026-10-07,Harley's - MUM - BSE,BSE,2026-10-07 15:47:03
NEW202,Exotic Veg & Cheese Sandwich,ea,Steamy Croissants,Product,Direct,OUT,BSE1 MUM,BSE1,2026-10-07 15:48:25,2026-10-07,Harley's - MUM - BSE,BSE,2026-10-07 15:48:25
NEW201,Jalapeno Cottage Cheese Sandwich,ea,Steamy Croissants,Product,Direct,OUT,BSE1 MUM,BSE1,2026-10-07 15:48:25,2026-10-07,Harley's - MUM - BSE,BSE,2026-10-07 15:48:25
NEW200,Creamy Roasted Spinach Sandwich,ea,Steamy Croissants,Product,Direct,OUT,BSE1 MUM,BSE1,2026-10-07 15:48:25,2026-10-07,Harley's - MUM - BSE,BSE,2026-10-07 15:48:25
22,Belgium Chocolate Criossant,ea,Croissants,Product,Direct,OUT,BSE1 MUM,BSE1,2026-10-07 15:48:44,2026-10-07,Harley's - MUM - BSE,BSE,2026-10-07 15:48:44
149,Pistachio Tres Leches [Pack of 2],ea,Exotic Tresley Cakes,Product,Direct,IN,BSE1 MUM,BSE1,2026-10-07 16:59:40,2026-10-07,Harley's - MUM - BSE,BSE,2026-10-07 16:59:40
147,Classic Mexican Tres Leches [Pack Of 2],ea,Exotic Tresley Cakes,Product,Direct,IN,BSE1 MUM,BSE1,2026-10-07 16:59:40,2026-10-07,Harley's - MUM - BSE,BSE,2026-10-07 16:59:40
NEW204,Exotic Tresley Cakes (Pack of 6),ea,Harley's Sweet Home Assortments,Product,Direct,IN,BSE1 MUM,BSE1,2026-10-07 16:59:40,2026-10-07,Harley's - MUM - BSE,BSE,2026-10-07 16:59:40
104,Pistachio Tres Leches (Pack of 2),ea,Tres Leches Cakes (Mexican Special),Product,Direct,IN,BSE1 MUM,BSE1,2026-10-07 16:59:48,2026-10-07,Harley's - MUM - BSE,BSE,2026-10-07 16:59:48
36,Classic Mexican Tres Leches  (Pack of 2),ea,Tres Leches Cakes (Mexican Special),Product,Direct,IN,BSE1 MUM,BSE1,2026-10-07 16:59:48,2026-10-07,Harley's - MUM - BSE,BSE,2026-10-07 16:59:48
101,Pistachio Delight Medovik Cake,ea,Harley's Grand Celebration Medovik Cakes,Product,Direct,IN,MGR PDM MUM,MGRPDM1,2026-10-07 12:15:33,2026-10-07,Harley's - MUM - Palladium Mall,PDM,2026-10-07 12:15:33
100,Pistachio Delight Medovik Cake,ea,Harley's Grand Celebration Medovik Cakes,Product,Direct,IN,MGR PDM MUM,MGRPDM1,2026-10-07 12:15:38,2026-10-07,Harley's - MUM - Palladium Mall,PDM,2026-10-07 12:15:38
NEW53,White Russian Cold Coffee,ea,Coffee Brews (Cold),Product,Direct,IN,MGR JIO MUM,MGRJIO1,2026-10-07 10:28:21,2026-10-07,Harley's - MUM - Jio World,JW,2026-10-07 10:28:21
NEW61,Espresso (Doppio),ea,Coffee Brews (Hot),Product,Direct,IN,MGR JIO MUM,MGRJIO1,2026-10-07 10:28:28,2026-10-07,Harley's - MUM - Jio World,JW,2026-10-07 10:28:28
64,Harley's Special Mawa Bar Cake (250 Gms),ea,Barcakes & Muffins,Product,Direct,IN,MGR JIO MUM,MGRJIO1,2026-10-07 11:18:32,2026-10-07,Harley's - MUM - Jio World,JW,2026-10-07 11:18:32
105,Premium Banana Walnut Bar Cake (250 Gms),ea,Barcakes & Muffins,Product,Direct,IN,MGR JIO MUM,MGRJIO1,2026-10-07 11:18:41,2026-10-07,Harley's - MUM - Jio World,JW,2026-10-07 11:18:41
34,Chocochip Muffin (Pack Of 2),ea,Barcakes & Muffins,Product,Direct,IN,MGR JIO MUM,MGRJIO1,2026-10-07 11:18:53,2026-10-07,Harley's - MUM - Jio World,JW,2026-10-07 11:18:53
106,Premium Blueberry Tres Leches (Pack of 2),ea,Tres Leches Cakes (Mexican Special),Product,Direct,IN,MGR JIO MUM,MGRJIO1,2026-10-07 11:19:04,2026-10-07,Harley's - MUM - Jio World,JW,2026-10-07 11:19:04
36,Classic Mexican Tres Leches  (Pack of 2),ea,Tres Leches Cakes (Mexican Special),Product,Direct,IN,MGR JIO MUM,MGRJIO1,2026-10-07 11:19:21,2026-10-07,Harley's - MUM - Jio World,JW,2026-10-07 11:19:21
104,Pistachio Tres Leches (Pack of 2),ea,Tres Leches Cakes (Mexican Special),Product,Direct,IN,MGR JIO MUM,MGRJIO1,2026-10-07 11:19:21,2026-10-07,Harley's - MUM - Jio World,JW,2026-10-07 11:19:21
84,Lotus Biscoff Tres Leches (Pack of 2),ea,Tres Leches Cakes (Mexican Special),Product,Direct,IN,MGR JIO MUM,MGRJIO1,2026-10-07 11:19:21,2026-10-07,Harley's - MUM - Jio World,JW,2026-10-07 11:19:21
84,Lotus Biscoff Tres Leches (Pack of 2),ea,Tres Leches Cakes (Mexican Special),Product,Direct,OUT,MGR JIO MUM,MGRJIO1,2026-10-07 13:12:51,2026-10-07,Harley's - MUM - Jio World,JW,2026-10-07 13:12:51
NEW204,Exotic Tresley Cakes (Pack of 6),ea,Harley's Sweet Home Assortments,Product,Direct,IN,MGR JIO MUM,MGRJIO1,2026-10-07 19:31:04,2026-10-07,Harley's - MUM - Jio World,JW,2026-10-07 19:31:04
72,Italian Tiramisu Medovik Cake,ea,Harley's Grand Celebration Medovik Cakes,Product,Direct,IN,BKC1 MUM MUM,BKC2,2026-10-07 12:15:05,2026-10-07,Harley's - MUM - BKC,BKC,2026-10-07 12:15:05
73,Italian Tiramisu Medovik Cake,ea,Harley's Grand Celebration Medovik Cakes,Product,Direct,IN,BKC1 MUM MUM,BKC2,2026-10-07 12:15:05,2026-10-07,Harley's - MUM - BKC,BKC,2026-10-07 12:15:05
27,Blueberry Muffin (Pack Of 2),ea,Barcakes & Muffins,Product,Direct,IN,BKC1 MUM MUM,BKC2,2026-10-07 12:15:21,2026-10-07,Harley's - MUM - BKC,BKC,2026-10-07 12:15:21
34,Chocochip Muffin (Pack Of 2),ea,Barcakes & Muffins,Product,Direct,IN,BKC1 MUM MUM,BKC2,2026-10-07 12:15:21,2026-10-07,Harley's - MUM - BKC,BKC,2026-10-07 12:15:21
47,Double Chocolate Bar Cake (250 gms),ea,Barcakes & Muffins,Product,Direct,IN,BKC1 MUM MUM,BKC2,2026-10-07 12:15:21,2026-10-07,Harley's - MUM - BKC,BKC,2026-10-07 12:15:21
64,Harley's Special Mawa Bar Cake (250 Gms),ea,Barcakes & Muffins,Product,Direct,IN,BKC1 MUM MUM,BKC2,2026-10-07 12:15:21,2026-10-07,Harley's - MUM - BKC,BKC,2026-10-07 12:15:21
74,Italian Tiramisu Medovik With Macaron,ea,Harley's Signature Medovik Pastry,Product,Direct,IN,BKC1 MUM MUM,BKC2,2026-10-07 12:15:28,2026-10-07,Harley's - MUM - BKC,BKC,2026-10-07 12:15:28
27,Blueberry Muffin (Pack Of 2),ea,Barcakes & Muffins,Product,Direct,OUT,BKC1 MUM MUM,BKC2,2026-10-07 12:25:12,2026-10-07,Harley's - MUM - BKC,BKC,2026-10-07 12:25:12
34,Chocochip Muffin (Pack Of 2),ea,Barcakes & Muffins,Product,Direct,OUT,BKC1 MUM MUM,BKC2,2026-10-07 12:25:12,2026-10-07,Harley's - MUM - BKC,BKC,2026-10-07 12:25:12
27,Blueberry Muffin (Pack Of 2),ea,Barcakes & Muffins,Product,Direct,IN,Chembur2 MUM,CHM2,2026-10-07 09:33:28,2026-10-07,Harley's - MUM - Chembur,CHM,2026-10-07 09:33:28
35,Classic Butter Croissants (Pack Of 2),ea,Croissants,Product,Direct,OUT,Chembur2 MUM,CHM2,2026-10-07 15:26:48,2026-10-07,Harley's - MUM - Chembur,CHM,2026-10-07 15:26:48
27,Blueberry Muffin (Pack Of 2),ea,Barcakes & Muffins,Product,Direct,OUT,Chembur2 MUM,CHM2,2026-10-07 15:26:55,2026-10-07,Harley's - MUM - Chembur,CHM,2026-10-07 15:26:55
47,Double Chocolate Bar Cake (250 gms),ea,Barcakes & Muffins,Product,Direct,IN,Juhu2 MUM,JUHU2,2026-10-07 14:35:29,2026-10-07,Harley's - MUM - Juhu,JUHU,2026-10-07 14:35:29
105,Premium Banana Walnut Bar Cake (250 Gms),ea,Barcakes & Muffins,Product,Direct,IN,Juhu2 MUM,JUHU2,2026-10-07 14:35:29,2026-10-07,Harley's - MUM - Juhu,JUHU,2026-10-07 14:35:29
64,Harley's Special Mawa Bar Cake (250 Gms),ea,Barcakes & Muffins,Product,Direct,IN,Juhu2 MUM,JUHU2,2026-10-07 14:35:29,2026-10-07,Harley's - MUM - Juhu,JUHU,2026-10-07 14:35:29
33,Choco Mawa Bar Cake 250 gms,ea,Barcakes & Muffins,Product,Direct,IN,Juhu2 MUM,JUHU2,2026-10-07 14:35:29,2026-10-07,Harley's - MUM - Juhu,JUHU,2026-10-07 14:35:29
105,Premium Banana Walnut Bar Cake (250 Gms),ea,Barcakes & Muffins,Product,Direct,OUT,Ghatkopar MUM,GHT1,2026-10-07 18:13:02,2026-10-07,Harley's - MUM - Ghatkopar,GHT,2026-10-07 18:13:02
34,Chocochip Muffin (Pack Of 2),ea,Barcakes & Muffins,Product,Direct,OUT,Thane MUM,THN1,2026-10-07 19:21:39,2026-10-07,Harley's - MUM - Thane,THN,2026-10-07 19:21:39
27,Blueberry Muffin (Pack Of 2),ea,Barcakes & Muffins,Product,Direct,OUT,Thane MUM,THN1,2026-10-07 19:21:39,2026-10-07,Harley's - MUM - Thane,THN,2026-10-07 19:21:39
27,Blueberry Muffin (Pack Of 2),ea,Barcakes & Muffins,Product,Direct,OUT,Malad2 MUM,MAL2,2026-10-07 09:32:43,2026-10-07,Harley's - MUM - Malad,MAL,2026-10-07 09:32:43
105,Premium Banana Walnut Bar Cake (250 Gms),ea,Barcakes & Muffins,Product,Direct,OUT,Malad2 MUM,MAL2,2026-10-07 12:28:39,2026-10-07,Harley's - MUM - Malad,MAL,2026-10-07 12:28:39
105,Premium Banana Walnut Bar Cake (250 Gms),ea,Barcakes & Muffins,Product,Direct,IN,Malad2 MUM,MAL2,2026-10-07 15:29:04,2026-10-07,Harley's - MUM - Malad,MAL,2026-10-07 15:29:04
27,Blueberry Muffin (Pack Of 2),ea,Barcakes & Muffins,Product,Direct,IN,Malad2 MUM,MAL2,2026-10-07 15:29:12,2026-10-07,Harley's - MUM - Malad,MAL,2026-10-07 15:29:12
213,London Viral Whipped Caramel Medovik Cake,ea,Harley's Grand Celebration Medovik Cakes,Product,Direct,IN,Malad2 MUM,MAL2,2026-10-07 15:29:47,2026-10-07,Harley's - MUM - Malad,MAL,2026-10-07 15:29:47
212,London Viral Whipped Caramel Medovik Cake,ea,Harley's Grand Celebration Medovik Cakes,Product,Direct,IN,Malad2 MUM,MAL2,2026-10-07 15:29:47,2026-10-07,Harley's - MUM - Malad,MAL,2026-10-07 15:29:47
214,London Viral Whipped Caramel Medovik With Macaron,ea,Harley's Signature Medovik Pastry,Product,Direct,IN,Malad2 MUM,MAL2,2026-10-07 15:30:06,2026-10-07,Harley's - MUM - Malad,MAL,2026-10-07 15:30:06
37,Clementine Orange Macarons (Pack Of 5),ea,Harley's French Macarons,Product,Direct,IN,Malad2 MUM,MAL2,2026-10-07 15:30:21,2026-10-07,Harley's - MUM - Malad,MAL,2026-10-07 15:30:21
22,Belgium Chocolate Criossant,ea,Croissants,Product,Direct,OUT,Malad2 MUM,MAL2,2026-10-07 18:45:51,2026-10-07,Harley's - MUM - Malad,MAL,2026-10-07 18:45:51
NEW103,Classic Butter Croissant,ea,Croissants,Product,Direct,OUT,Malad2 MUM,MAL2,2026-10-07 18:45:51,2026-10-07,Harley's - MUM - Malad,MAL,2026-10-07 18:45:51
35,Classic Butter Croissants (Pack Of 2),ea,Croissants,Product,Direct,OUT,Malad2 MUM,MAL2,2026-10-07 18:45:56,2026-10-07,Harley's - MUM - Malad,MAL,2026-10-07 18:45:56
27,Blueberry Muffin (Pack Of 2),ea,Barcakes & Muffins,Product,Direct,OUT,Malad2 MUM,MAL2,2026-10-07 21:47:44,2026-10-07,Harley's - MUM - Malad,MAL,2026-10-07 21:47:44
34,Chocochip Muffin (Pack Of 2),ea,Barcakes & Muffins,Product,Direct,OUT,Borivali2 MUM,BOR2,2026-10-07 13:22:00,2026-10-07,Harley's - MUM - Borivali,BOR,2026-10-07 13:22:00
105,Premium Banana Walnut Bar Cake (250 Gms),ea,Barcakes & Muffins,Product,Direct,OUT,Borivali2 MUM,BOR2,2026-10-07 14:13:03,2026-10-07,Harley's - MUM - Borivali,BOR,2026-10-07 14:13:03
105,Premium Banana Walnut Bar Cake (250 Gms),ea,Barcakes & Muffins,Product,Direct,IN,Borivali2 MUM,BOR2,2026-10-07 16:35:26,2026-10-07,Harley's - MUM - Borivali,BOR,2026-10-07 16:35:26
34,Chocochip Muffin (Pack Of 2),ea,Barcakes & Muffins,Product,Direct,IN,Borivali2 MUM,BOR2,2026-10-07 16:35:39,2026-10-07,Harley's - MUM - Borivali,BOR,2026-10-07 16:35:39
NEW51,Choco Medovik Hot Chocolate,ea,Cocoa Brews (Hot),Product,Direct,OUT,JP 1 BNG,JPN1,2026-10-07 07:43:15,2026-10-07,Harley's - BLR - JP Nagar,JPN,2026-10-07 07:43:15
NEW50,Classic Hot Chocolate,ea,Cocoa Brews (Hot),Product,Direct,OUT,JP 1 BNG,JPN1,2026-10-07 07:43:15,2026-10-07,Harley's - BLR - JP Nagar,JPN,2026-10-07 07:43:15
NEW49,Danish Hazelnut Hot Chocolate,ea,Cocoa Brews (Hot),Product,Direct,OUT,JP 1 BNG,JPN1,2026-10-07 07:43:15,2026-10-07,Harley's - BLR - JP Nagar,JPN,2026-10-07 07:43:15
136,Assorted French Macarons (Pack Of 5),ea,Harley's Sweet Home Assortments,Product,Direct,OUT,JP 1 BNG,JPN1,2026-10-07 07:43:53,2026-10-07,Harley's - BLR - JP Nagar,JPN,2026-10-07 07:43:53
125,Strawberry Macarons (Pack Of 5),ea,Harley's French Macarons,Product,Direct,OUT,JP 1 BNG,JPN1,2026-10-07 07:43:53,2026-10-07,Harley's - BLR - JP Nagar,JPN,2026-10-07 07:43:53
111,Red Velvet Macarons (Pack Of 5),ea,Harley's French Macarons,Product,Direct,OUT,JP 1 BNG,JPN1,2026-10-07 07:43:53,2026-10-07,Harley's - BLR - JP Nagar,JPN,2026-10-07 07:43:53
98,Passion Fruit & Lemon Fusion Macarons (Pack Of 5),ea,Harley's French Macarons,Product,Direct,OUT,JP 1 BNG,JPN1,2026-10-07 07:43:53,2026-10-07,Harley's - BLR - JP Nagar,JPN,2026-10-07 07:43:53
85,Mighty Mango Macarons (Pack Of 5),ea,Harley's French Macarons,Product,Direct,OUT,JP 1 BNG,JPN1,2026-10-07 07:43:53,2026-10-07,Harley's - BLR - JP Nagar,JPN,2026-10-07 07:43:53
61,Green Apple Macarons (Pack Of 5),ea,Harley's French Macarons,Product,Direct,OUT,JP 1 BNG,JPN1,2026-10-07 07:43:53,2026-10-07,Harley's - BLR - JP Nagar,JPN,2026-10-07 07:43:53
56,French Vanilla Macarons (Pack Of 5),ea,Harley's French Macarons,Product,Direct,OUT,JP 1 BNG,JPN1,2026-10-07 07:43:53,2026-10-07,Harley's - BLR - JP Nagar,JPN,2026-10-07 07:43:53
37,Clementine Orange Macarons (Pack Of 5),ea,Harley's French Macarons,Product,Direct,OUT,JP 1 BNG,JPN1,2026-10-07 07:43:53,2026-10-07,Harley's - BLR - JP Nagar,JPN,2026-10-07 07:43:53
26,Blueberry Macarons (Pack Of 5),ea,Harley's French Macarons,Product,Direct,OUT,JP 1 BNG,JPN1,2026-10-07 07:43:53,2026-10-07,Harley's - BLR - JP Nagar,JPN,2026-10-07 07:43:53
23,Belgium Chocolate Macarons (Pack Of 5),ea,Harley's French Macarons,Product,Direct,OUT,JP 1 BNG,JPN1,2026-10-07 07:43:53,2026-10-07,Harley's - BLR - JP Nagar,JPN,2026-10-07 07:43:53
128,Swiss Black & White Chocolate Medovik Cake,ea,Harley's Grand Celebration Medovik Cakes,Product,Direct,OUT,MGR JP BNG,MGRJP1,2026-10-07 08:02:57,2026-10-07,Harley's - BLR - JP Nagar,JPN,2026-10-07 08:02:57
127,Swiss Black & White Chocolate Medovik Cake,ea,Harley's Grand Celebration Medovik Cakes,Product,Direct,OUT,MGR JP BNG,MGRJP1,2026-10-07 08:02:57,2026-10-07,Harley's - BLR - JP Nagar,JPN,2026-10-07 08:02:57
123,Sparkling Dark Chocolate Medovik Cake,ea,Harley's Grand Celebration Medovik Cakes,Product,Direct,OUT,MGR JP BNG,MGRJP1,2026-10-07 08:02:57,2026-10-07,Harley's - BLR - JP Nagar,JPN,2026-10-07 08:02:57
122,Sparkling Dark Chocolate Medovik Cake,ea,Harley's Grand Celebration Medovik Cakes,Product,Direct,OUT,MGR JP BNG,MGRJP1,2026-10-07 08:02:57,2026-10-07,Harley's - BLR - JP Nagar,JPN,2026-10-07 08:02:57
115,Signature Belgium Chocolate Medovik Cake,ea,Harley's Grand Celebration Medovik Cakes,Product,Direct,OUT,MGR JP BNG,MGRJP1,2026-10-07 08:02:57,2026-10-07,Harley's - BLR - JP Nagar,JPN,2026-10-07 08:02:57
44,Danish Hazelnut Chocolate Medovik Cake,ea,Harley's Grand Celebration Medovik Cakes,Product,Direct,OUT,MGR JP BNG,MGRJP1,2026-10-07 08:02:57,2026-10-07,Harley's - BLR - JP Nagar,JPN,2026-10-07 08:02:57
45,Danish Hazelnut Chocolate Medovik Cake,ea,Harley's Grand Celebration Medovik Cakes,Product,Direct,OUT,MGR JP BNG,MGRJP1,2026-10-07 08:02:57,2026-10-07,Harley's - BLR - JP Nagar,JPN,2026-10-07 08:02:57
114,Signature Belgium Chocolate Medovik Cake,ea,Harley's Grand Celebration Medovik Cakes,Product,Direct,OUT,MGR JP BNG,MGRJP1,2026-10-07 08:02:57,2026-10-07,Harley's - BLR - JP Nagar,JPN,2026-10-07 08:02:57
53,Ferrero Nutella Medovik Cake,ea,Harley's Grand Celebration Medovik Cakes,Product,Direct,OUT,MGR JP BNG,MGRJP1,2026-10-07 08:03:16,2026-10-07,Harley's - BLR - JP Nagar,JPN,2026-10-07 08:03:16
54,Ferrero Nutella Medovik Cake,ea,Harley's Grand Celebration Medovik Cakes,Product,Direct,OUT,MGR JP BNG,MGRJP1,2026-10-07 08:03:16,2026-10-07,Harley's - BLR - JP Nagar,JPN,2026-10-07 08:03:16
60,French Vanilla Strawberry Rose Medovik Cake,ea,Harley's Grand Celebration Medovik Cakes,Product,Direct,OUT,MGR JP BNG,MGRJP1,2026-10-07 08:05:04,2026-10-07,Harley's - BLR - JP Nagar,JPN,2026-10-07 08:05:04
59,French Vanilla Strawberry Rose Medovik Cake,ea,Harley's Grand Celebration Medovik Cakes,Product,Direct,OUT,MGR JP BNG,MGRJP1,2026-10-07 08:05:04,2026-10-07,Harley's - BLR - JP Nagar,JPN,2026-10-07 08:05:04
14,Austrian White Forest Medovik Cake,ea,Harley's Grand Celebration Medovik Cakes,Product,Direct,OUT,MGR JP BNG,MGRJP1,2026-10-07 08:05:17,2026-10-07,Harley's - BLR - JP Nagar,JPN,2026-10-07 08:05:17
15,Austrian White Forest Medovik Cake,ea,Harley's Grand Celebration Medovik Cakes,Product,Direct,OUT,MGR JP BNG,MGRJP1,2026-10-07 08:05:17,2026-10-07,Harley's - BLR - JP Nagar,JPN,2026-10-07 08:05:17
135,Assorted French Macarons (Pack Of 24),ea,Harley's Sweet Home Assortments,Product,Direct,OUT,MGR JP BNG,MGRJP1,2026-10-07 08:20:16,2026-10-07,Harley's - BLR - JP Nagar,JPN,2026-10-07 08:20:16
134,Assorted French Macarons (Pack Of 12),ea,Harley's Sweet Home Assortments,Product,Direct,OUT,MGR JP BNG,MGRJP1,2026-10-07 08:20:33,2026-10-07,Harley's - BLR - JP Nagar,JPN,2026-10-07 08:20:33
67,Harley's Spl. Classic Russian Medovik Cake,ea,Harley's Grand Celebration Medovik Cakes,Product,Direct,OUT,JP 1 BNG,JPN1,2026-10-07 08:27:24,2026-10-07,Harley's - BLR - JP Nagar,JPN,2026-10-07 08:27:24
66,Harley's Spl. Classic Russian Medovik Cake,ea,Harley's Grand Celebration Medovik Cakes,Product,Direct,OUT,JP 1 BNG,JPN1,2026-10-07 08:27:24,2026-10-07,Harley's - BLR - JP Nagar,JPN,2026-10-07 08:27:24
98,Passion Fruit & Lemon Fusion Macarons (Pack Of 5),ea,Harley's French Macarons,Product,Direct,IN,JP 1 BNG,JPN1,2026-10-07 10:45:51,2026-10-07,Harley's - BLR - JP Nagar,JPN,2026-10-07 10:45:51
61,Green Apple Macarons (Pack Of 5),ea,Harley's French Macarons,Product,Direct,IN,JP 1 BNG,JPN1,2026-10-07 10:45:51,2026-10-07,Harley's - BLR - JP Nagar,JPN,2026-10-07 10:45:51
26,Blueberry Macarons (Pack Of 5),ea,Harley's French Macarons,Product,Direct,IN,JP 1 BNG,JPN1,2026-10-07 10:45:51,2026-10-07,Harley's - BLR - JP Nagar,JPN,2026-10-07 10:45:51
23,Belgium Chocolate Macarons (Pack Of 5),ea,Harley's French Macarons,Product,Direct,IN,JP 1 BNG,JPN1,2026-10-07 10:45:51,2026-10-07,Harley's - BLR - JP Nagar,JPN,2026-10-07 10:45:51
111,Red Velvet Macarons (Pack Of 5),ea,Harley's French Macarons,Product,Direct,IN,JP 1 BNG,JPN1,2026-10-07 10:46:01,2026-10-07,Harley's - BLR - JP Nagar,JPN,2026-10-07 10:46:01
NEW51,Choco Medovik Hot Chocolate,ea,Cocoa Brews (Hot),Product,Direct,IN,JP 1 BNG,JPN1,2026-10-07 10:46:13,2026-10-07,Harley's - BLR - JP Nagar,JPN,2026-10-07 10:46:13
NEW50,Classic Hot Chocolate,ea,Cocoa Brews (Hot),Product,Direct,IN,JP 1 BNG,JPN1,2026-10-07 10:46:13,2026-10-07,Harley's - BLR - JP Nagar,JPN,2026-10-07 10:46:13
NEW49,Danish Hazelnut Hot Chocolate,ea,Cocoa Brews (Hot),Product,Direct,IN,JP 1 BNG,JPN1,2026-10-07 10:46:13,2026-10-07,Harley's - BLR - JP Nagar,JPN,2026-10-07 10:46:13
105,Premium Banana Walnut Bar Cake (250 Gms),ea,Barcakes & Muffins,Product,Direct,IN,JP 1 BNG,JPN1,2026-10-07 10:46:18,2026-10-07,Harley's - BLR - JP Nagar,JPN,2026-10-07 10:46:18
NEW103,Classic Butter Croissant,ea,Croissants,Product,Direct,IN,JP 1 BNG,JPN1,2026-10-07 10:46:23,2026-10-07,Harley's - BLR - JP Nagar,JPN,2026-10-07 10:46:23
35,Classic Butter Croissants (Pack Of 2),ea,Croissants,Product,Direct,IN,JP 1 BNG,JPN1,2026-10-07 10:46:23,2026-10-07,Harley's - BLR - JP Nagar,JPN,2026-10-07 10:46:23
22,Belgium Chocolate Criossant,ea,Croissants,Product,Direct,IN,JP 1 BNG,JPN1,2026-10-07 10:46:23,2026-10-07,Harley's - BLR - JP Nagar,JPN,2026-10-07 10:46:23
NEW57,Iced Americano,ea,Coffee Brews (Cold),Product,Direct,IN,JP 1 BNG,JPN1,2026-10-07 10:46:40,2026-10-07,Harley's - BLR - JP Nagar,JPN,2026-10-07 10:46:40
K3G6,Espresso Single Shot,ea,Coffee Brews (Hot),Product,Direct,IN,JP 1 BNG,JPN1,2026-10-07 10:46:40,2026-10-07,Harley's - BLR - JP Nagar,JPN,2026-10-07 10:46:40
K3G17,Caffe Latte,ea,Coffee Brews (Hot),Product,Direct,IN,JP 1 BNG,JPN1,2026-10-07 10:46:40,2026-10-07,Harley's - BLR - JP Nagar,JPN,2026-10-07 10:46:40
NEW58,Classic Americano,ea,Coffee Brews (Hot),Product,Direct,IN,JP 1 BNG,JPN1,2026-10-07 10:46:40,2026-10-07,Harley's - BLR - JP Nagar,JPN,2026-10-07 10:46:40
NEW60,Cafe Latte,ea,Coffee Brews (Hot),Product,Direct,IN,JP 1 BNG,JPN1,2026-10-07 10:46:40,2026-10-07,Harley's - BLR - JP Nagar,JPN,2026-10-07 10:46:40
NEW61,Espresso (Doppio),ea,Coffee Brews (Hot),Product,Direct,IN,JP 1 BNG,JPN1,2026-10-07 10:46:40,2026-10-07,Harley's - BLR - JP Nagar,JPN,2026-10-07 10:46:40
NEW63,Cafe Mocha,ea,Coffee Brews (Hot),Product,Direct,IN,JP 1 BNG,JPN1,2026-10-07 10:46:40,2026-10-07,Harley's - BLR - JP Nagar,JPN,2026-10-07 10:46:40
NEW43,House Blend Roasted Hazelnut Shake,ea,Cake Shake Indulgence,Product,Direct,IN,JP 1 BNG,JPN1,2026-10-07 10:46:46,2026-10-07,Harley's - BLR - JP Nagar,JPN,2026-10-07 10:46:46
NEW42,Italian Pistachio Medovik Shake,ea,Cake Shake Indulgence,Product,Direct,IN,JP 1 BNG,JPN1,2026-10-07 10:46:46,2026-10-07,Harley's - BLR - JP Nagar,JPN,2026-10-07 10:46:46
NEW41,Belgium Chocolate Medovik Shake,ea,Cake Shake Indulgence,Product,Direct,IN,JP 1 BNG,JPN1,2026-10-07 10:46:46,2026-10-07,Harley's - BLR - JP Nagar,JPN,2026-10-07 10:46:46
NEW39,American Blueberry Cake Shake,ea,Cake Shake Indulgence,Product,Direct,IN,JP 1 BNG,JPN1,2026-10-07 10:46:46,2026-10-07,Harley's - BLR - JP Nagar,JPN,2026-10-07 10:46:46
136,Assorted French Macarons (Pack Of 5),ea,Harley's Sweet Home Assortments,Product,Direct,IN,JP 1 BNG,JPN1,2026-10-07 10:46:53,2026-10-07,Harley's - BLR - JP Nagar,JPN,2026-10-07 10:46:53
128,Swiss Black & White Chocolate Medovik Cake,ea,Harley's Grand Celebration Medovik Cakes,Product,Direct,IN,JP 1 BNG,JPN1,2026-10-07 10:47:19,2026-10-07,Harley's - BLR - JP Nagar,JPN,2026-10-07 10:47:19
127,Swiss Black & White Chocolate Medovik Cake,ea,Harley's Grand Celebration Medovik Cakes,Product,Direct,IN,JP 1 BNG,JPN1,2026-10-07 10:47:19,2026-10-07,Harley's - BLR - JP Nagar,JPN,2026-10-07 10:47:19
123,Sparkling Dark Chocolate Medovik Cake,ea,Harley's Grand Celebration Medovik Cakes,Product,Direct,IN,JP 1 BNG,JPN1,2026-10-07 10:47:19,2026-10-07,Harley's - BLR - JP Nagar,JPN,2026-10-07 10:47:19
122,Sparkling Dark Chocolate Medovik Cake,ea,Harley's Grand Celebration Medovik Cakes,Product,Direct,IN,JP 1 BNG,JPN1,2026-10-07 10:47:19,2026-10-07,Harley's - BLR - JP Nagar,JPN,2026-10-07 10:47:19
115,Signature Belgium Chocolate Medovik Cake,ea,Harley's Grand Celebration Medovik Cakes,Product,Direct,IN,JP 1 BNG,JPN1,2026-10-07 10:47:19,2026-10-07,Harley's - BLR - JP Nagar,JPN,2026-10-07 10:47:19
44,Danish Hazelnut Chocolate Medovik Cake,ea,Harley's Grand Celebration Medovik Cakes,Product,Direct,IN,JP 1 BNG,JPN1,2026-10-07 10:47:19,2026-10-07,Harley's - BLR - JP Nagar,JPN,2026-10-07 10:47:19
45,Danish Hazelnut Chocolate Medovik Cake,ea,Harley's Grand Celebration Medovik Cakes,Product,Direct,IN,JP 1 BNG,JPN1,2026-10-07 10:47:19,2026-10-07,Harley's - BLR - JP Nagar,JPN,2026-10-07 10:47:19
114,Signature Belgium Chocolate Medovik Cake,ea,Harley's Grand Celebration Medovik Cakes,Product,Direct,IN,JP 1 BNG,JPN1,2026-10-07 10:47:19,2026-10-07,Harley's - BLR - JP Nagar,JPN,2026-10-07 10:47:19
53,Ferrero Nutella Medovik Cake,ea,Harley's Grand Celebration Medovik Cakes,Product,Direct,IN,JP 1 BNG,JPN1,2026-10-07 10:47:19,2026-10-07,Harley's - BLR - JP Nagar,JPN,2026-10-07 10:47:19
54,Ferrero Nutella Medovik Cake,ea,Harley's Grand Celebration Medovik Cakes,Product,Direct,IN,JP 1 BNG,JPN1,2026-10-07 10:47:19,2026-10-07,Harley's - BLR - JP Nagar,JPN,2026-10-07 10:47:19
14,Austrian White Forest Medovik Cake,ea,Harley's Grand Celebration Medovik Cakes,Product,Direct,IN,JP 1 BNG,JPN1,2026-10-07 10:47:19,2026-10-07,Harley's - BLR - JP Nagar,JPN,2026-10-07 10:47:19
15,Austrian White Forest Medovik Cake,ea,Harley's Grand Celebration Medovik Cakes,Product,Direct,IN,JP 1 BNG,JPN1,2026-10-07 10:47:19,2026-10-07,Harley's - BLR - JP Nagar,JPN,2026-10-07 10:47:19
134,Assorted French Macarons (Pack Of 12),ea,Harley's Sweet Home Assortments,Product,Direct,IN,JP 1 BNG,JPN1,2026-10-07 10:47:47,2026-10-07,Harley's - BLR - JP Nagar,JPN,2026-10-07 10:47:47
37,Clementine Orange Macarons (Pack Of 5),ea,Harley's French Macarons,Product,Direct,IN,JP 1 BNG,JPN1,2026-10-07 10:48:19,2026-10-07,Harley's - BLR - JP Nagar,JPN,2026-10-07 10:48:19
NEW202,Exotic Veg & Cheese Sandwich,ea,Steamy Croissants,Product,Direct,IN,JP 1 BNG,JPN1,2026-10-07 10:49:46,2026-10-07,Harley's - BLR - JP Nagar,JPN,2026-10-07 10:49:46
NEW201,Jalapeno Cottage Cheese Sandwich,ea,Steamy Croissants,Product,Direct,IN,JP 1 BNG,JPN1,2026-10-07 10:49:46,2026-10-07,Harley's - BLR - JP Nagar,JPN,2026-10-07 10:49:46
NEW200,Creamy Roasted Spinach Sandwich,ea,Steamy Croissants,Product,Direct,IN,JP 1 BNG,JPN1,2026-10-07 10:49:46,2026-10-07,Harley's - BLR - JP Nagar,JPN,2026-10-07 10:49:46
57,French Vanilla Rose Medovik With Macaron,ea,Harley's Signature Medovik Pastry,Product,Direct,OUT,JP 1 BNG,JPN1,2026-10-07 11:11:05,2026-10-07,Harley's - BLR - JP Nagar,JPN,2026-10-07 11:11:05
NEW180,French Vanilla Rose Medovik-50g,ea,Harley's Signature Mini-Medovik,Product,Direct,OUT,JP 1 BNG,JPN1,2026-10-07 11:11:05,2026-10-07,Harley's - BLR - JP Nagar,JPN,2026-10-07 11:11:05
NEW167,French Vanilla Rose Medovik Pastry,ea,Harley's Signature Medovik Pastry W/O Macaron,Product,Direct,OUT,JP 1 BNG,JPN1,2026-10-07 11:11:05,2026-10-07,Harley's - BLR - JP Nagar,JPN,2026-10-07 11:11:05
82,Lotus Biscoff Medovik Cake,ea,Harley's Grand Celebration Medovik Cakes,Product,Direct,OUT,JP 1 BNG,JPN1,2026-10-07 12:50:10,2026-10-07,Harley's - BLR - JP Nagar,JPN,2026-10-07 12:50:10
81,Lotus Biscoff Medovik Cake,ea,Harley's Grand Celebration Medovik Cakes,Product,Direct,OUT,JP 1 BNG,JPN1,2026-10-07 12:50:10,2026-10-07,Harley's - BLR - JP Nagar,JPN,2026-10-07 12:50:10
108,Premium Butterscotch Medovik Cake,ea,Harley's Grand Celebration Medovik Cakes,Product,Direct,OUT,JP 1 BNG,JPN1,2026-10-07 12:50:21,2026-10-07,Harley's - BLR - JP Nagar,JPN,2026-10-07 12:50:21
109,Premium Butterscotch Medovik Cake,ea,Harley's Grand Celebration Medovik Cakes,Product,Direct,OUT,JP 1 BNG,JPN1,2026-10-07 12:50:21,2026-10-07,Harley's - BLR - JP Nagar,JPN,2026-10-07 12:50:21
110,Premium Butterscotch Medovik With Macaron,ea,Harley's Signature Medovik Pastry,Product,Direct,OUT,JP 1 BNG,JPN1,2026-10-07 15:14:57,2026-10-07,Harley's - BLR - JP Nagar,JPN,2026-10-07 15:14:57
NEW185,Premium Butterscotch Medovik -50g,ea,Harley's Signature Mini-Medovik,Product,Direct,OUT,JP 1 BNG,JPN1,2026-10-07 15:14:57,2026-10-07,Harley's - BLR - JP Nagar,JPN,2026-10-07 15:14:57
NEW172,Premium Butterscotch Medovik Pastry,ea,Harley's Signature Medovik Pastry W/O Macaron,Product,Direct,OUT,JP 1 BNG,JPN1,2026-10-07 15:14:57,2026-10-07,Harley's - BLR - JP Nagar,JPN,2026-10-07 15:14:57
154,Exotic Tresley Cakes [Pack of 6],ea,Assorted Tresley Cake Packs,Product,Direct,IN,JP 1 BNG,JPN1,2026-10-07 16:02:52,2026-10-07,Harley's - BLR - JP Nagar,JPN,2026-10-07 16:02:52
NEW204,Exotic Tresley Cakes (Pack of 6),ea,Harley's Sweet Home Assortments,Product,Direct,IN,JP 1 BNG,JPN1,2026-10-07 16:02:57,2026-10-07,Harley's - BLR - JP Nagar,JPN,2026-10-07 16:02:57
104,Pistachio Tres Leches (Pack of 2),ea,Tres Leches Cakes (Mexican Special),Product,Direct,IN,JP 1 BNG,JPN1,2026-10-07 16:03:10,2026-10-07,Harley's - BLR - JP Nagar,JPN,2026-10-07 16:03:10
106,Premium Blueberry Tres Leches (Pack of 2),ea,Tres Leches Cakes (Mexican Special),Product,Direct,IN,JP 1 BNG,JPN1,2026-10-07 16:03:10,2026-10-07,Harley's - BLR - JP Nagar,JPN,2026-10-07 16:03:10
36,Classic Mexican Tres Leches  (Pack of 2),ea,Tres Leches Cakes (Mexican Special),Product,Direct,IN,JP 1 BNG,JPN1,2026-10-07 16:03:10,2026-10-07,Harley's - BLR - JP Nagar,JPN,2026-10-07 16:03:10
149,Pistachio Tres Leches [Pack of 2],ea,Exotic Tresley Cakes,Product,Direct,IN,JP 1 BNG,JPN1,2026-10-07 16:03:24,2026-10-07,Harley's - BLR - JP Nagar,JPN,2026-10-07 16:03:24
147,Classic Mexican Tres Leches [Pack Of 2],ea,Exotic Tresley Cakes,Product,Direct,IN,JP 1 BNG,JPN1,2026-10-07 16:03:24,2026-10-07,Harley's - BLR - JP Nagar,JPN,2026-10-07 16:03:24
148,Premium Blueberry Tres Leches [Pack Of 2],ea,Exotic Tresley Cakes,Product,Direct,IN,JP 1 BNG,JPN1,2026-10-07 16:03:24,2026-10-07,Harley's - BLR - JP Nagar,JPN,2026-10-07 16:03:24
152,Belgium Chocolate Tres Leches [Pack of 2],ea,Exotic Tresley Cakes,Product,Direct,IN,JP 1 BNG,JPN1,2026-10-07 16:03:27,2026-10-07,Harley's - BLR - JP Nagar,JPN,2026-10-07 16:03:27
24,Belgium Chocolate Tres Leches (Pack of 2),ea,Tres Leches Cakes (Mexican Special),Product,Direct,IN,JP 1 BNG,JPN1,2026-10-07 16:03:31,2026-10-07,Harley's - BLR - JP Nagar,JPN,2026-10-07 16:03:31
68,Harley's Spl. Classic Russian Medovik With Macaron,ea,Harley's Signature Medovik Pastry,Product,Direct,OUT,JP 1 BNG,JPN1,2026-10-07 17:25:02,2026-10-07,Harley's - BLR - JP Nagar,JPN,2026-10-07 17:25:02
NEW168,Harley's Spl. Classic Russian Medovik Pastry,ea,Harley's Signature Medovik Pastry W/O Macaron,Product,Direct,OUT,JP 1 BNG,JPN1,2026-10-07 17:25:02,2026-10-07,Harley's - BLR - JP Nagar,JPN,2026-10-07 17:25:02
105,Premium Banana Walnut Bar Cake (250 Gms),ea,Barcakes & Muffins,Product,Direct,OUT,TAB1 MOA BNG,TABMOA1,2026-10-07 10:19:42,2026-10-07,Harley's - BLR - Mall of Asia,MOA,2026-10-07 10:19:42
26,Blueberry Macarons (Pack Of 5),ea,Harley's French Macarons,Product,Direct,OUT,TAB1 MOA BNG,TABMOA1,2026-10-07 10:23:19,2026-10-07,Harley's - BLR - Mall of Asia,MOA,2026-10-07 10:23:19
102,Pistachio Delight Medovik With Macaron,ea,Harley's Signature Medovik Pastry,Product,Direct,OUT,TAB1 MOA BNG,TABMOA1,2026-10-07 11:23:48,2026-10-07,Harley's - BLR - Mall of Asia,MOA,2026-10-07 11:23:48
100,Pistachio Delight Medovik Cake,ea,Harley's Grand Celebration Medovik Cakes,Product,Direct,OUT,TAB1 MOA BNG,TABMOA1,2026-10-07 11:23:48,2026-10-07,Harley's - BLR - Mall of Asia,MOA,2026-10-07 11:23:48
101,Pistachio Delight Medovik Cake,ea,Harley's Grand Celebration Medovik Cakes,Product,Direct,OUT,TAB1 MOA BNG,TABMOA1,2026-10-07 11:23:48,2026-10-07,Harley's - BLR - Mall of Asia,MOA,2026-10-07 11:23:48
27,Blueberry Muffin (Pack Of 2),ea,Barcakes & Muffins,Product,Direct,OUT,TAB1 MOA BNG,TABMOA1,2026-10-07 11:24:18,2026-10-07,Harley's - BLR - Mall of Asia,MOA,2026-10-07 11:24:18
34,Chocochip Muffin (Pack Of 2),ea,Barcakes & Muffins,Product,Direct,OUT,TAB1 MOA BNG,TABMOA1,2026-10-07 11:25:24,2026-10-07,Harley's - BLR - Mall of Asia,MOA,2026-10-07 11:25:24
130,Tiramisu Tres leches (Pack of 2),ea,Tres Leches Cakes (Mexican Special),Product,Direct,OUT,TAB1 MOA BNG,TABMOA1,2026-10-07 15:03:01,2026-10-07,Harley's - BLR - Mall of Asia,MOA,2026-10-07 15:03:01
35,Classic Butter Croissants (Pack Of 2),ea,Croissants,Product,Direct,OUT,TAB1 MOA BNG,TABMOA1,2026-10-07 15:04:24,2026-10-07,Harley's - BLR - Mall of Asia,MOA,2026-10-07 15:04:24
22,Belgium Chocolate Criossant,ea,Croissants,Product,Direct,OUT,TAB1 MOA BNG,TABMOA1,2026-10-07 15:04:24,2026-10-07,Harley's - BLR - Mall of Asia,MOA,2026-10-07 15:04:24
35,Classic Butter Croissants (Pack Of 2),ea,Croissants,Product,Direct,IN,TAB1 MOA BNG,TABMOA1,2026-10-07 18:05:57,2026-10-07,Harley's - BLR - Mall of Asia,MOA,2026-10-07 18:05:57
22,Belgium Chocolate Criossant,ea,Croissants,Product,Direct,IN,TAB1 MOA BNG,TABMOA1,2026-10-07 18:05:57,2026-10-07,Harley's - BLR - Mall of Asia,MOA,2026-10-07 18:05:57
103,Pistachio Macarons (Pack Of 5),ea,Harley's French Macarons,Product,Direct,IN,TAB1 MOA BNG,TABMOA1,2026-10-07 18:07:14,2026-10-07,Harley's - BLR - Mall of Asia,MOA,2026-10-07 18:07:14
26,Blueberry Macarons (Pack Of 5),ea,Harley's French Macarons,Product,Direct,IN,TAB1 MOA BNG,TABMOA1,2026-10-07 18:09:29,2026-10-07,Harley's - BLR - Mall of Asia,MOA,2026-10-07 18:09:29
213,London Viral Whipped Caramel Medovik Cake,ea,Harley's Grand Celebration Medovik Cakes,Product,Direct,OUT,MNG PTP,MGRPTP1,2026-10-07 11:01:24,2026-10-07,Harley's - BLR - Prestige Tech Park,PTP,2026-10-07 11:01:24
212,London Viral Whipped Caramel Medovik Cake,ea,Harley's Grand Celebration Medovik Cakes,Product,Direct,OUT,MNG PTP,MGRPTP1,2026-10-07 11:01:24,2026-10-07,Harley's - BLR - Prestige Tech Park,PTP,2026-10-07 11:01:24
214,London Viral Whipped Caramel Medovik With Macaron,ea,Harley's Signature Medovik Pastry,Product,Direct,OUT,MNG PTP,MGRPTP1,2026-10-07 14:54:37,2026-10-07,Harley's - BLR - Prestige Tech Park,PTP,2026-10-07 14:54:37
NEW63,Cafe Mocha,ea,Coffee Brews (Hot),Product,Direct,OUT,MNG PTP,MGRPTP1,2026-10-07 19:51:13,2026-10-07,Harley's - BLR - Prestige Tech Park,PTP,2026-10-07 19:51:13
NEW62,Roasted Hazelnut Cappuccino,ea,Coffee Brews (Hot),Product,Direct,OUT,MNG PTP,MGRPTP1,2026-10-07 19:51:13,2026-10-07,Harley's - BLR - Prestige Tech Park,PTP,2026-10-07 19:51:13
NEW61,Espresso (Doppio),ea,Coffee Brews (Hot),Product,Direct,OUT,MNG PTP,MGRPTP1,2026-10-07 19:51:13,2026-10-07,Harley's - BLR - Prestige Tech Park,PTP,2026-10-07 19:51:13
NEW60,Cafe Latte,ea,Coffee Brews (Hot),Product,Direct,OUT,MNG PTP,MGRPTP1,2026-10-07 19:51:13,2026-10-07,Harley's - BLR - Prestige Tech Park,PTP,2026-10-07 19:51:13
NEW59,Italian Cappuccino,ea,Coffee Brews (Hot),Product,Direct,OUT,MNG PTP,MGRPTP1,2026-10-07 19:51:13,2026-10-07,Harley's - BLR - Prestige Tech Park,PTP,2026-10-07 19:51:13
NEW58,Classic Americano,ea,Coffee Brews (Hot),Product,Direct,OUT,MNG PTP,MGRPTP1,2026-10-07 19:51:13,2026-10-07,Harley's - BLR - Prestige Tech Park,PTP,2026-10-07 19:51:13
NEW49,Danish Hazelnut Hot Chocolate,ea,Cocoa Brews (Hot),Product,Direct,OUT,MNG PTP,MGRPTP1,2026-10-07 19:51:18,2026-10-07,Harley's - BLR - Prestige Tech Park,PTP,2026-10-07 19:51:18
NEW50,Classic Hot Chocolate,ea,Cocoa Brews (Hot),Product,Direct,OUT,MNG PTP,MGRPTP1,2026-10-07 19:51:18,2026-10-07,Harley's - BLR - Prestige Tech Park,PTP,2026-10-07 19:51:18
NEW51,Choco Medovik Hot Chocolate,ea,Cocoa Brews (Hot),Product,Direct,OUT,MNG PTP,MGRPTP1,2026-10-07 19:51:18,2026-10-07,Harley's - BLR - Prestige Tech Park,PTP,2026-10-07 19:51:18
NEW39,American Blueberry Cake Shake,ea,Cake Shake Indulgence,Product,Direct,OUT,MNG PTP,MGRPTP1,2026-10-07 19:51:29,2026-10-07,Harley's - BLR - Prestige Tech Park,PTP,2026-10-07 19:51:29
NEW43,House Blend Roasted Hazelnut Shake,ea,Cake Shake Indulgence,Product,Direct,OUT,MNG PTP,MGRPTP1,2026-10-07 19:51:29,2026-10-07,Harley's - BLR - Prestige Tech Park,PTP,2026-10-07 19:51:29
NEW42,Italian Pistachio Medovik Shake,ea,Cake Shake Indulgence,Product,Direct,OUT,MNG PTP,MGRPTP1,2026-10-07 19:51:29,2026-10-07,Harley's - BLR - Prestige Tech Park,PTP,2026-10-07 19:51:29
NEW41,Belgium Chocolate Medovik Shake,ea,Cake Shake Indulgence,Product,Direct,OUT,MNG PTP,MGRPTP1,2026-10-07 19:51:29,2026-10-07,Harley's - BLR - Prestige Tech Park,PTP,2026-10-07 19:51:29
NEW40,Tiramisu Medovik Coffee Shake,ea,Cake Shake Indulgence,Product,Direct,OUT,MNG PTP,MGRPTP1,2026-10-07 19:51:29,2026-10-07,Harley's - BLR - Prestige Tech Park,PTP,2026-10-07 19:51:29
NEW57,Iced Americano,ea,Coffee Brews (Cold),Product,Direct,OUT,MNG PTP,MGRPTP1,2026-10-07 19:51:53,2026-10-07,Harley's - BLR - Prestige Tech Park,PTP,2026-10-07 19:51:53
NEW53,White Russian Cold Coffee,ea,Coffee Brews (Cold),Product,Direct,OUT,MNG PTP,MGRPTP1,2026-10-07 19:51:53,2026-10-07,Harley's - BLR - Prestige Tech Park,PTP,2026-10-07 19:51:53
NEW54,Vietnamese Cold Coffee,ea,Coffee Brews (Cold),Product,Direct,OUT,MNG PTP,MGRPTP1,2026-10-07 19:51:53,2026-10-07,Harley's - BLR - Prestige Tech Park,PTP,2026-10-07 19:51:53
NEW55,All Time Classic Cold Coffee,ea,Coffee Brews (Cold),Product,Direct,OUT,MNG PTP,MGRPTP1,2026-10-07 19:51:53,2026-10-07,Harley's - BLR - Prestige Tech Park,PTP,2026-10-07 19:51:53
35,Classic Butter Croissants (Pack Of 2),ea,Croissants,Product,Direct,OUT,Whitefield2 BNG,WHT2,2026-10-07 09:50:22,2026-10-07,Harley's - BLR - Whitefield,WHT,2026-10-07 09:50:22
22,Belgium Chocolate Criossant,ea,Croissants,Product,Direct,OUT,Whitefield2 BNG,WHT2,2026-10-07 09:50:22,2026-10-07,Harley's - BLR - Whitefield,WHT,2026-10-07 09:50:22
34,Chocochip Muffin (Pack Of 2),ea,Barcakes & Muffins,Product,Direct,OUT,Whitefield2 BNG,WHT2,2026-10-07 10:20:28,2026-10-07,Harley's - BLR - Whitefield,WHT,2026-10-07 10:20:28
27,Blueberry Muffin (Pack Of 2),ea,Barcakes & Muffins,Product,Direct,OUT,Whitefield2 BNG,WHT2,2026-10-07 10:28:39,2026-10-07,Harley's - BLR - Whitefield,WHT,2026-10-07 10:28:39
213,London Viral Whipped Caramel Medovik Cake,ea,Harley's Grand Celebration Medovik Cakes,Product,Direct,IN,Whitefield2 BNG,WHT2,2026-10-07 14:55:27,2026-10-07,Harley's - BLR - Whitefield,WHT,2026-10-07 14:55:27
212,London Viral Whipped Caramel Medovik Cake,ea,Harley's Grand Celebration Medovik Cakes,Product,Direct,IN,Whitefield2 BNG,WHT2,2026-10-07 14:55:27,2026-10-07,Harley's - BLR - Whitefield,WHT,2026-10-07 14:55:27
35,Classic Butter Croissants (Pack Of 2),ea,Croissants,Product,Direct,IN,Whitefield2 BNG,WHT2,2026-10-07 14:55:35,2026-10-07,Harley's - BLR - Whitefield,WHT,2026-10-07 14:55:35
47,Double Chocolate Bar Cake (250 gms),ea,Barcakes & Muffins,Product,Direct,IN,Whitefield2 BNG,WHT2,2026-10-07 14:55:40,2026-10-07,Harley's - BLR - Whitefield,WHT,2026-10-07 14:55:40
33,Choco Mawa Bar Cake 250 gms,ea,Barcakes & Muffins,Product,Direct,IN,Whitefield2 BNG,WHT2,2026-10-07 14:55:40,2026-10-07,Harley's - BLR - Whitefield,WHT,2026-10-07 14:55:40
34,Chocochip Muffin (Pack Of 2),ea,Barcakes & Muffins,Product,Direct,IN,Whitefield2 BNG,WHT2,2026-10-07 14:55:40,2026-10-07,Harley's - BLR - Whitefield,WHT,2026-10-07 14:55:40
27,Blueberry Muffin (Pack Of 2),ea,Barcakes & Muffins,Product,Direct,IN,Whitefield2 BNG,WHT2,2026-10-07 14:55:40,2026-10-07,Harley's - BLR - Whitefield,WHT,2026-10-07 14:55:40
26,Blueberry Macarons (Pack Of 5),ea,Harley's French Macarons,Product,Direct,OUT,Whitefield2 BNG,WHT2,2026-10-07 15:08:58,2026-10-07,Harley's - BLR - Whitefield,WHT,2026-10-07 15:08:58
64,Harley's Special Mawa Bar Cake (250 Gms),ea,Barcakes & Muffins,Product,Direct,OUT,Whitefield2 BNG,WHT2,2026-10-07 15:55:34,2026-10-07,Harley's - BLR - Whitefield,WHT,2026-10-07 15:55:34
23,Belgium Chocolate Macarons (Pack Of 5),ea,Harley's French Macarons,Product,Direct,OUT,Whitefield2 BNG,WHT2,2026-10-07 16:01:42,2026-10-07,Harley's - BLR - Whitefield,WHT,2026-10-07 16:01:42
213,London Viral Whipped Caramel Medovik Cake,ea,Harley's Grand Celebration Medovik Cakes,Product,Direct,OUT,Whitefield2 BNG,WHT2,2026-10-07 17:29:47,2026-10-07,Harley's - BLR - Whitefield,WHT,2026-10-07 17:29:47
212,London Viral Whipped Caramel Medovik Cake,ea,Harley's Grand Celebration Medovik Cakes,Product,Direct,OUT,Whitefield2 BNG,WHT2,2026-10-07 17:29:47,2026-10-07,Harley's - BLR - Whitefield,WHT,2026-10-07 17:29:47
134,Assorted French Macarons (Pack Of 12),ea,Harley's Sweet Home Assortments,Product,Direct,OUT,Whitefield2 BNG,WHT2,2026-10-07 19:00:19,2026-10-07,Harley's - BLR - Whitefield,WHT,2026-10-07 19:00:19
73,Italian Tiramisu Medovik Cake,ea,Harley's Grand Celebration Medovik Cakes,Product,Direct,OUT,Whitefield2 BNG,WHT2,2026-10-07 19:31:04,2026-10-07,Harley's - BLR - Whitefield,WHT,2026-10-07 19:31:04
72,Italian Tiramisu Medovik Cake,ea,Harley's Grand Celebration Medovik Cakes,Product,Direct,OUT,Whitefield2 BNG,WHT2,2026-10-07 19:31:04,2026-10-07,Harley's - BLR - Whitefield,WHT,2026-10-07 19:31:04
35,Classic Butter Croissants (Pack Of 2),ea,Croissants,Product,Direct,OUT,Whitefield2 BNG,WHT2,2026-10-07 20:06:27,2026-10-07,Harley's - BLR - Whitefield,WHT,2026-10-07 20:06:27
37,Clementine Orange Macarons (Pack Of 5),ea,Harley's French Macarons,Product,Direct,OUT,Whitefield2 BNG,WHT2,2026-10-07 20:33:20,2026-10-07,Harley's - BLR - Whitefield,WHT,2026-10-07 20:33:20
56,French Vanilla Macarons (Pack Of 5),ea,Harley's French Macarons,Product,Direct,OUT,Whitefield2 BNG,WHT2,2026-10-07 20:33:20,2026-10-07,Harley's - BLR - Whitefield,WHT,2026-10-07 20:33:20
61,Green Apple Macarons (Pack Of 5),ea,Harley's French Macarons,Product,Direct,OUT,Whitefield2 BNG,WHT2,2026-10-07 20:33:20,2026-10-07,Harley's - BLR - Whitefield,WHT,2026-10-07 20:33:20
85,Mighty Mango Macarons (Pack Of 5),ea,Harley's French Macarons,Product,Direct,OUT,Whitefield2 BNG,WHT2,2026-10-07 20:33:20,2026-10-07,Harley's - BLR - Whitefield,WHT,2026-10-07 20:33:20
98,Passion Fruit & Lemon Fusion Macarons (Pack Of 5),ea,Harley's French Macarons,Product,Direct,OUT,Whitefield2 BNG,WHT2,2026-10-07 20:33:20,2026-10-07,Harley's - BLR - Whitefield,WHT,2026-10-07 20:33:20
111,Red Velvet Macarons (Pack Of 5),ea,Harley's French Macarons,Product,Direct,OUT,Whitefield2 BNG,WHT2,2026-10-07 20:33:20,2026-10-07,Harley's - BLR - Whitefield,WHT,2026-10-07 20:33:20
125,Strawberry Macarons (Pack Of 5),ea,Harley's French Macarons,Product,Direct,OUT,Whitefield2 BNG,WHT2,2026-10-07 20:33:20,2026-10-07,Harley's - BLR - Whitefield,WHT,2026-10-07 20:33:20
97,Pack Of 9 Medoviks And 6 Macarons,ea,All Time Favourite Combinations,Product,Direct,OUT,Whitefield2 BNG,WHT2,2026-10-07 20:33:37,2026-10-07,Harley's - BLR - Whitefield,WHT,2026-10-07 20:33:37
96,Pack Of 9 Cheesecakes And 6 Macarons,ea,All Time Favourite Combinations,Product,Direct,OUT,Whitefield2 BNG,WHT2,2026-10-07 20:33:37,2026-10-07,Harley's - BLR - Whitefield,WHT,2026-10-07 20:33:37
95,Pack Of 6 Medoviks And 12 Macarons,ea,All Time Favourite Combinations,Product,Direct,OUT,Whitefield2 BNG,WHT2,2026-10-07 20:33:37,2026-10-07,Harley's - BLR - Whitefield,WHT,2026-10-07 20:33:37
94,Pack Of 6 Cheesecakes And 12 Macarons,ea,All Time Favourite Combinations,Product,Direct,OUT,Whitefield2 BNG,WHT2,2026-10-07 20:33:37,2026-10-07,Harley's - BLR - Whitefield,WHT,2026-10-07 20:33:37
136,Assorted French Macarons (Pack Of 5),ea,Harley's Sweet Home Assortments,Product,Direct,OUT,Whitefield2 BNG,WHT2,2026-10-07 20:35:15,2026-10-07,Harley's - BLR - Whitefield,WHT,2026-10-07 20:35:15
54,Ferrero Nutella Medovik Cake,ea,Harley's Grand Celebration Medovik Cakes,Product,Direct,IN,Indira Nagar BNG,ING1,2026-10-07 10:16:13,2026-10-07,Harley's - BLR - Indira Nagar,IN,2026-10-07 10:16:13
128,Swiss Black & White Chocolate Medovik Cake,ea,Harley's Grand Celebration Medovik Cakes,Product,Direct,IN,Indira Nagar BNG,ING1,2026-10-07 10:16:13,2026-10-07,Harley's - BLR - Indira Nagar,IN,2026-10-07 10:16:13
123,Sparkling Dark Chocolate Medovik Cake,ea,Harley's Grand Celebration Medovik Cakes,Product,Direct,IN,Indira Nagar BNG,ING1,2026-10-07 10:16:13,2026-10-07,Harley's - BLR - Indira Nagar,IN,2026-10-07 10:16:13
115,Signature Belgium Chocolate Medovik Cake,ea,Harley's Grand Celebration Medovik Cakes,Product,Direct,IN,Indira Nagar BNG,ING1,2026-10-07 10:16:13,2026-10-07,Harley's - BLR - Indira Nagar,IN,2026-10-07 10:16:13
45,Danish Hazelnut Chocolate Medovik Cake,ea,Harley's Grand Celebration Medovik Cakes,Product,Direct,IN,Indira Nagar BNG,ING1,2026-10-07 10:16:13,2026-10-07,Harley's - BLR - Indira Nagar,IN,2026-10-07 10:16:13
213,London Viral Whipped Caramel Medovik Cake,ea,Harley's Grand Celebration Medovik Cakes,Product,Direct,IN,Indira Nagar BNG,ING1,2026-10-07 10:16:13,2026-10-07,Harley's - BLR - Indira Nagar,IN,2026-10-07 10:16:13
213,London Viral Whipped Caramel Medovik Cake,ea,Harley's Grand Celebration Medovik Cakes,Product,Direct,OUT,Indira Nagar BNG,ING1,2026-10-07 12:17:54,2026-10-07,Harley's - BLR - Indira Nagar,IN,2026-10-07 12:17:54
123,Sparkling Dark Chocolate Medovik Cake,ea,Harley's Grand Celebration Medovik Cakes,Product,Direct,IN,Malleshwaram BNG,MSW1,2026-10-07 13:59:08,2026-10-07,Harley's - BLR - Malleshwaram,MSW,2026-10-07 13:59:08
122,Sparkling Dark Chocolate Medovik Cake,ea,Harley's Grand Celebration Medovik Cakes,Product,Direct,IN,Malleshwaram BNG,MSW1,2026-10-07 13:59:08,2026-10-07,Harley's - BLR - Malleshwaram,MSW,2026-10-07 13:59:08
15,Austrian White Forest Medovik Cake,ea,Harley's Grand Celebration Medovik Cakes,Product,Direct,IN,Malleshwaram BNG,MSW1,2026-10-07 13:59:08,2026-10-07,Harley's - BLR - Malleshwaram,MSW,2026-10-07 13:59:08
60,French Vanilla Strawberry Rose Medovik Cake,ea,Harley's Grand Celebration Medovik Cakes,Product,Direct,IN,Malleshwaram BNG,MSW1,2026-10-07 13:59:08,2026-10-07,Harley's - BLR - Malleshwaram,MSW,2026-10-07 13:59:08
14,Austrian White Forest Medovik Cake,ea,Harley's Grand Celebration Medovik Cakes,Product,Direct,IN,Malleshwaram BNG,MSW1,2026-10-07 13:59:08,2026-10-07,Harley's - BLR - Malleshwaram,MSW,2026-10-07 13:59:08
59,French Vanilla Strawberry Rose Medovik Cake,ea,Harley's Grand Celebration Medovik Cakes,Product,Direct,IN,Malleshwaram BNG,MSW1,2026-10-07 13:59:08,2026-10-07,Harley's - BLR - Malleshwaram,MSW,2026-10-07 13:59:08
57,French Vanilla Rose Medovik With Macaron,ea,Harley's Signature Medovik Pastry,Product,Direct,IN,Malleshwaram BNG,MSW1,2026-10-07 13:59:33,2026-10-07,Harley's - BLR - Malleshwaram,MSW,2026-10-07 13:59:33
16,Austrian White Forest Medovik With Macaron,ea,Harley's Signature Medovik Pastry,Product,Direct,IN,Malleshwaram BNG,MSW1,2026-10-07 13:59:33,2026-10-07,Harley's - BLR - Malleshwaram,MSW,2026-10-07 13:59:33
15,Austrian White Forest Medovik Cake,ea,Harley's Grand Celebration Medovik Cakes,Product,Direct,OUT,Malleshwaram BNG,MSW1,2026-10-07 17:09:42,2026-10-07,Harley's - BLR - Malleshwaram,MSW,2026-10-07 17:09:42
60,French Vanilla Strawberry Rose Medovik Cake,ea,Harley's Grand Celebration Medovik Cakes,Product,Direct,OUT,Malleshwaram BNG,MSW1,2026-10-07 17:09:42,2026-10-07,Harley's - BLR - Malleshwaram,MSW,2026-10-07 17:09:42
14,Austrian White Forest Medovik Cake,ea,Harley's Grand Celebration Medovik Cakes,Product,Direct,OUT,Malleshwaram BNG,MSW1,2026-10-07 20:14:12,2026-10-07,Harley's - BLR - Malleshwaram,MSW,2026-10-07 20:14:12
59,French Vanilla Strawberry Rose Medovik Cake,ea,Harley's Grand Celebration Medovik Cakes,Product,Direct,OUT,Malleshwaram BNG,MSW1,2026-10-07 20:14:12,2026-10-07,Harley's - BLR - Malleshwaram,MSW,2026-10-07 20:14:12
35,Classic Butter Croissants (Pack Of 2),ea,Croissants,Product,Direct,IN,Malleshwaram BNG,MSW1,2026-10-07 20:15:06,2026-10-07,Harley's - BLR - Malleshwaram,MSW,2026-10-07 20:15:06
125,Strawberry Macarons (Pack Of 5),ea,Harley's French Macarons,Product,Direct,OUT,Yelahanka BNG,YEL1,2026-10-07 16:30:58,2026-10-07,Harleys - BLR - Yelahanka,YEL,2026-10-07 16:30:58
120,Smoky Caramel Cheesecake With Macaron,ea,Finely Baked Cheesecake Pastry,Product,Direct,OUT,Yelahanka BNG,YEL1,2026-10-07 20:19:43,2026-10-07,Harleys - BLR - Yelahanka,YEL,2026-10-07 20:19:43
53,Ferrero Nutella Medovik Cake,ea,Harley's Grand Celebration Medovik Cakes,Product,Direct,OUT,Yelahanka BNG,YEL1,2026-10-07 20:20:02,2026-10-07,Harleys - BLR - Yelahanka,YEL,2026-10-07 20:20:02
54,Ferrero Nutella Medovik Cake,ea,Harley's Grand Celebration Medovik Cakes,Product,Direct,OUT,Yelahanka BNG,YEL1,2026-10-07 20:20:02,2026-10-07,Harleys - BLR - Yelahanka,YEL,2026-10-07 20:20:02
127,Swiss Black & White Chocolate Medovik Cake,ea,Harley's Grand Celebration Medovik Cakes,Product,Direct,OUT,Yelahanka BNG,YEL1,2026-10-07 20:20:02,2026-10-07,Harleys - BLR - Yelahanka,YEL,2026-10-07 20:20:02
128,Swiss Black & White Chocolate Medovik Cake,ea,Harley's Grand Celebration Medovik Cakes,Product,Direct,OUT,Yelahanka BNG,YEL1,2026-10-07 20:20:02,2026-10-07,Harleys - BLR - Yelahanka,YEL,2026-10-07 20:20:02
123,Sparkling Dark Chocolate Medovik Cake,ea,Harley's Grand Celebration Medovik Cakes,Product,Direct,OUT,Yelahanka BNG,YEL1,2026-10-07 20:20:02,2026-10-07,Harleys - BLR - Yelahanka,YEL,2026-10-07 20:20:02
122,Sparkling Dark Chocolate Medovik Cake,ea,Harley's Grand Celebration Medovik Cakes,Product,Direct,OUT,Yelahanka BNG,YEL1,2026-10-07 20:20:02,2026-10-07,Harleys - BLR - Yelahanka,YEL,2026-10-07 20:20:02
115,Signature Belgium Chocolate Medovik Cake,ea,Harley's Grand Celebration Medovik Cakes,Product,Direct,OUT,Yelahanka BNG,YEL1,2026-10-07 20:20:02,2026-10-07,Harleys - BLR - Yelahanka,YEL,2026-10-07 20:20:02
114,Signature Belgium Chocolate Medovik Cake,ea,Harley's Grand Celebration Medovik Cakes,Product,Direct,OUT,Yelahanka BNG,YEL1,2026-10-07 20:20:02,2026-10-07,Harleys - BLR - Yelahanka,YEL,2026-10-07 20:20:02
45,Danish Hazelnut Chocolate Medovik Cake,ea,Harley's Grand Celebration Medovik Cakes,Product,Direct,OUT,Yelahanka BNG,YEL1,2026-10-07 20:20:02,2026-10-07,Harleys - BLR - Yelahanka,YEL,2026-10-07 20:20:02
44,Danish Hazelnut Chocolate Medovik Cake,ea,Harley's Grand Celebration Medovik Cakes,Product,Direct,OUT,Yelahanka BNG,YEL1,2026-10-07 20:20:02,2026-10-07,Harleys - BLR - Yelahanka,YEL,2026-10-07 20:20:02
214,London Viral Whipped Caramel Medovik With Macaron,ea,Harley's Signature Medovik Pastry,Product,Direct,OUT,Yelahanka BNG,YEL1,2026-10-07 20:39:39,2026-10-07,Harleys - BLR - Yelahanka,YEL,2026-10-07 20:39:39
129,Swiss Black & White Medovik With Macaron,ea,Harley's Signature Medovik Pastry,Product,Direct,OUT,Yelahanka BNG,YEL1,2026-10-07 20:39:39,2026-10-07,Harleys - BLR - Yelahanka,YEL,2026-10-07 20:39:39
124,Sparkling Dark Chocolate Medovik With Macaron,ea,Harley's Signature Medovik Pastry,Product,Direct,OUT,Yelahanka BNG,YEL1,2026-10-07 20:39:39,2026-10-07,Harleys - BLR - Yelahanka,YEL,2026-10-07 20:39:39
116,Signature Belgium Chocolate Medovik With Macaron,ea,Harley's Signature Medovik Pastry,Product,Direct,OUT,Yelahanka BNG,YEL1,2026-10-07 20:39:39,2026-10-07,Harleys - BLR - Yelahanka,YEL,2026-10-07 20:39:39
110,Premium Butterscotch Medovik With Macaron,ea,Harley's Signature Medovik Pastry,Product,Direct,OUT,Yelahanka BNG,YEL1,2026-10-07 20:39:39,2026-10-07,Harleys - BLR - Yelahanka,YEL,2026-10-07 20:39:39
102,Pistachio Delight Medovik With Macaron,ea,Harley's Signature Medovik Pastry,Product,Direct,OUT,Yelahanka BNG,YEL1,2026-10-07 20:39:39,2026-10-07,Harleys - BLR - Yelahanka,YEL,2026-10-07 20:39:39
83,Lotus Biscoff Medovik With Macaron,ea,Harley's Signature Medovik Pastry,Product,Direct,OUT,Yelahanka BNG,YEL1,2026-10-07 20:39:39,2026-10-07,Harleys - BLR - Yelahanka,YEL,2026-10-07 20:39:39
74,Italian Tiramisu Medovik With Macaron,ea,Harley's Signature Medovik Pastry,Product,Direct,OUT,Yelahanka BNG,YEL1,2026-10-07 20:39:39,2026-10-07,Harleys - BLR - Yelahanka,YEL,2026-10-07 20:39:39
68,Harley's Spl. Classic Russian Medovik With Macaron,ea,Harley's Signature Medovik Pastry,Product,Direct,OUT,Yelahanka BNG,YEL1,2026-10-07 20:39:39,2026-10-07,Harleys - BLR - Yelahanka,YEL,2026-10-07 20:39:39
57,French Vanilla Rose Medovik With Macaron,ea,Harley's Signature Medovik Pastry,Product,Direct,OUT,Yelahanka BNG,YEL1,2026-10-07 20:39:39,2026-10-07,Harleys - BLR - Yelahanka,YEL,2026-10-07 20:39:39
55,Ferrero Nutella Medovik With Macaron,ea,Harley's Signature Medovik Pastry,Product,Direct,OUT,Yelahanka BNG,YEL1,2026-10-07 20:39:39,2026-10-07,Harleys - BLR - Yelahanka,YEL,2026-10-07 20:39:39
46,Danish Hazelnut Chocolate Medovik With Macaron,ea,Harley's Signature Medovik Pastry,Product,Direct,OUT,Yelahanka BNG,YEL1,2026-10-07 20:39:39,2026-10-07,Harleys - BLR - Yelahanka,YEL,2026-10-07 20:39:39
16,Austrian White Forest Medovik With Macaron,ea,Harley's Signature Medovik Pastry,Product,Direct,OUT,Yelahanka BNG,YEL1,2026-10-07 20:39:39,2026-10-07,Harleys - BLR - Yelahanka,YEL,2026-10-07 20:39:39
78,Lotus Biscoff Cheesecake With Macaron,ea,Finely Baked Cheesecake Pastry,Product,Direct,OUT,Yelahanka BNG,YEL1,2026-10-07 20:39:39,2026-10-07,Harleys - BLR - Yelahanka,YEL,2026-10-07 20:39:39
51,Ferrero Nutella Cheesecake With Macaron,ea,Finely Baked Cheesecake Pastry,Product,Direct,OUT,Yelahanka BNG,YEL1,2026-10-07 20:39:39,2026-10-07,Harleys - BLR - Yelahanka,YEL,2026-10-07 20:39:39
41,Danish Hazelnut Cheesecake With Macaron,ea,Finely Baked Cheesecake Pastry,Product,Direct,OUT,Yelahanka BNG,YEL1,2026-10-07 20:39:39,2026-10-07,Harleys - BLR - Yelahanka,YEL,2026-10-07 20:39:39
32,Chef's Favourite Blueberry Cheesecake With Macaron,ea,Finely Baked Cheesecake Pastry,Product,Direct,OUT,Yelahanka BNG,YEL1,2026-10-07 20:39:39,2026-10-07,Harleys - BLR - Yelahanka,YEL,2026-10-07 20:39:39
21,Belgium Chocolate Cheesecake With Macaron,ea,Finely Baked Cheesecake Pastry,Product,Direct,OUT,Yelahanka BNG,YEL1,2026-10-07 20:39:39,2026-10-07,Harleys - BLR - Yelahanka,YEL,2026-10-07 20:39:39
82,Lotus Biscoff Medovik Cake,ea,Harley's Grand Celebration Medovik Cakes,Product,Direct,OUT,Yelahanka BNG,YEL1,2026-10-07 20:39:39,2026-10-07,Harleys - BLR - Yelahanka,YEL,2026-10-07 20:39:39
81,Lotus Biscoff Medovik Cake,ea,Harley's Grand Celebration Medovik Cakes,Product,Direct,OUT,Yelahanka BNG,YEL1,2026-10-07 20:39:39,2026-10-07,Harleys - BLR - Yelahanka,YEL,2026-10-07 20:39:39
73,Italian Tiramisu Medovik Cake,ea,Harley's Grand Celebration Medovik Cakes,Product,Direct,OUT,Yelahanka BNG,YEL1,2026-10-07 20:39:39,2026-10-07,Harleys - BLR - Yelahanka,YEL,2026-10-07 20:39:39
72,Italian Tiramisu Medovik Cake,ea,Harley's Grand Celebration Medovik Cakes,Product,Direct,OUT,Yelahanka BNG,YEL1,2026-10-07 20:39:39,2026-10-07,Harleys - BLR - Yelahanka,YEL,2026-10-07 20:39:39
213,London Viral Whipped Caramel Medovik Cake,ea,Harley's Grand Celebration Medovik Cakes,Product,Direct,OUT,Yelahanka BNG,YEL1,2026-10-07 20:39:39,2026-10-07,Harleys - BLR - Yelahanka,YEL,2026-10-07 20:39:39
212,London Viral Whipped Caramel Medovik Cake,ea,Harley's Grand Celebration Medovik Cakes,Product,Direct,OUT,Yelahanka BNG,YEL1,2026-10-07 20:39:39,2026-10-07,Harleys - BLR - Yelahanka,YEL,2026-10-07 20:39:39
14,Austrian White Forest Medovik Cake,ea,Harley's Grand Celebration Medovik Cakes,Product,Direct,OUT,Yelahanka BNG,YEL1,2026-10-07 20:39:39,2026-10-07,Harleys - BLR - Yelahanka,YEL,2026-10-07 20:39:39
15,Austrian White Forest Medovik Cake,ea,Harley's Grand Celebration Medovik Cakes,Product,Direct,OUT,Yelahanka BNG,YEL1,2026-10-07 20:39:39,2026-10-07,Harleys - BLR - Yelahanka,YEL,2026-10-07 20:39:39
108,Premium Butterscotch Medovik Cake,ea,Harley's Grand Celebration Medovik Cakes,Product,Direct,OUT,Yelahanka BNG,YEL1,2026-10-07 20:39:39,2026-10-07,Harleys - BLR - Yelahanka,YEL,2026-10-07 20:39:39
109,Premium Butterscotch Medovik Cake,ea,Harley's Grand Celebration Medovik Cakes,Product,Direct,OUT,Yelahanka BNG,YEL1,2026-10-07 20:39:39,2026-10-07,Harleys - BLR - Yelahanka,YEL,2026-10-07 20:39:39
100,Pistachio Delight Medovik Cake,ea,Harley's Grand Celebration Medovik Cakes,Product,Direct,OUT,Yelahanka BNG,YEL1,2026-10-07 20:39:39,2026-10-07,Harleys - BLR - Yelahanka,YEL,2026-10-07 20:39:39
101,Pistachio Delight Medovik Cake,ea,Harley's Grand Celebration Medovik Cakes,Product,Direct,OUT,Yelahanka BNG,YEL1,2026-10-07 20:39:39,2026-10-07,Harleys - BLR - Yelahanka,YEL,2026-10-07 20:39:39
67,Harley's Spl. Classic Russian Medovik Cake,ea,Harley's Grand Celebration Medovik Cakes,Product,Direct,OUT,Yelahanka BNG,YEL1,2026-10-07 20:39:39,2026-10-07,Harleys - BLR - Yelahanka,YEL,2026-10-07 20:39:39
66,Harley's Spl. Classic Russian Medovik Cake,ea,Harley's Grand Celebration Medovik Cakes,Product,Direct,OUT,Yelahanka BNG,YEL1,2026-10-07 20:39:39,2026-10-07,Harleys - BLR - Yelahanka,YEL,2026-10-07 20:39:39
60,French Vanilla Strawberry Rose Medovik Cake,ea,Harley's Grand Celebration Medovik Cakes,Product,Direct,OUT,Yelahanka BNG,YEL1,2026-10-07 20:39:39,2026-10-07,Harleys - BLR - Yelahanka,YEL,2026-10-07 20:39:39
59,French Vanilla Strawberry Rose Medovik Cake,ea,Harley's Grand Celebration Medovik Cakes,Product,Direct,OUT,Yelahanka BNG,YEL1,2026-10-07 20:39:39,2026-10-07,Harleys - BLR - Yelahanka,YEL,2026-10-07 20:39:39
49,Ferrero Nutella Cheesecake,ea,Harley's Gourmet Celebration Cheesecakes,Product,Direct,OUT,Yelahanka BNG,YEL1,2026-10-07 20:39:39,2026-10-07,Harleys - BLR - Yelahanka,YEL,2026-10-07 20:39:39
50,Ferrero Nutella Cheesecake,ea,Harley's Gourmet Celebration Cheesecakes,Product,Direct,OUT,Yelahanka BNG,YEL1,2026-10-07 20:39:39,2026-10-07,Harleys - BLR - Yelahanka,YEL,2026-10-07 20:39:39
19,Belgium Chocolate Cheesecake,ea,Harley's Gourmet Celebration Cheesecakes,Product,Direct,OUT,Yelahanka BNG,YEL1,2026-10-07 20:39:39,2026-10-07,Harleys - BLR - Yelahanka,YEL,2026-10-07 20:39:39
20,Belgium Chocolate Cheesecake,ea,Harley's Gourmet Celebration Cheesecakes,Product,Direct,OUT,Yelahanka BNG,YEL1,2026-10-07 20:39:39,2026-10-07,Harleys - BLR - Yelahanka,YEL,2026-10-07 20:39:39
77,Lotus Biscoff Cheesecake,ea,Harley's Gourmet Celebration Cheesecakes,Product,Direct,OUT,Yelahanka BNG,YEL1,2026-10-07 20:39:39,2026-10-07,Harleys - BLR - Yelahanka,YEL,2026-10-07 20:39:39
76,Lotus Biscoff Cheesecake,ea,Harley's Gourmet Celebration Cheesecakes,Product,Direct,OUT,Yelahanka BNG,YEL1,2026-10-07 20:39:39,2026-10-07,Harleys - BLR - Yelahanka,YEL,2026-10-07 20:39:39
40,Danish Hazelnut Cheesecake,ea,Harley's Gourmet Celebration Cheesecakes,Product,Direct,OUT,Yelahanka BNG,YEL1,2026-10-07 20:39:39,2026-10-07,Harleys - BLR - Yelahanka,YEL,2026-10-07 20:39:39
39,Danish Hazelnut Cheesecake,ea,Harley's Gourmet Celebration Cheesecakes,Product,Direct,OUT,Yelahanka BNG,YEL1,2026-10-07 20:39:39,2026-10-07,Harleys - BLR - Yelahanka,YEL,2026-10-07 20:39:39
30,Chef's Favourite Blueberry Cheesecake,ea,Harley's Gourmet Celebration Cheesecakes,Product,Direct,OUT,Yelahanka BNG,YEL1,2026-10-07 20:39:39,2026-10-07,Harleys - BLR - Yelahanka,YEL,2026-10-07 20:39:39
31,Chef's Favourite Blueberry Cheesecake,ea,Harley's Gourmet Celebration Cheesecakes,Product,Direct,OUT,Yelahanka BNG,YEL1,2026-10-07 20:39:39,2026-10-07,Harleys - BLR - Yelahanka,YEL,2026-10-07 20:39:39
97,Pack Of 9 Medoviks And 6 Macarons,ea,All Time Favourite Combinations,Product,Direct,OUT,Yelahanka BNG,YEL1,2026-10-07 20:39:39,2026-10-07,Harleys - BLR - Yelahanka,YEL,2026-10-07 20:39:39
96,Pack Of 9 Cheesecakes And 6 Macarons,ea,All Time Favourite Combinations,Product,Direct,OUT,Yelahanka BNG,YEL1,2026-10-07 20:39:39,2026-10-07,Harleys - BLR - Yelahanka,YEL,2026-10-07 20:39:39
95,Pack Of 6 Medoviks And 12 Macarons,ea,All Time Favourite Combinations,Product,Direct,OUT,Yelahanka BNG,YEL1,2026-10-07 20:39:39,2026-10-07,Harleys - BLR - Yelahanka,YEL,2026-10-07 20:39:39
94,Pack Of 6 Cheesecakes And 12 Macarons,ea,All Time Favourite Combinations,Product,Direct,OUT,Yelahanka BNG,YEL1,2026-10-07 20:39:39,2026-10-07,Harleys - BLR - Yelahanka,YEL,2026-10-07 20:39:39
93,Pack Of 4 Medoviks And 4 Macarons,ea,All Time Favourite Combinations,Product,Direct,OUT,Yelahanka BNG,YEL1,2026-10-07 20:39:39,2026-10-07,Harleys - BLR - Yelahanka,YEL,2026-10-07 20:39:39
92,Pack Of 4 Cheesecakes And 4 Macarons,ea,All Time Favourite Combinations,Product,Direct,OUT,Yelahanka BNG,YEL1,2026-10-07 20:39:39,2026-10-07,Harleys - BLR - Yelahanka,YEL,2026-10-07 20:39:39
135,Assorted French Macarons (Pack Of 24),ea,Harley's Sweet Home Assortments,Product,Direct,OUT,Yelahanka BNG,YEL1,2026-10-07 20:39:39,2026-10-07,Harleys - BLR - Yelahanka,YEL,2026-10-07 20:39:39
134,Assorted French Macarons (Pack Of 12),ea,Harley's Sweet Home Assortments,Product,Direct,OUT,Yelahanka BNG,YEL1,2026-10-07 20:39:39,2026-10-07,Harleys - BLR - Yelahanka,YEL,2026-10-07 20:39:39
133,Assorted Cheesecakes (Pack Of 6),ea,Harley's Sweet Home Assortments,Product,Direct,OUT,Yelahanka BNG,YEL1,2026-10-07 20:39:39,2026-10-07,Harleys - BLR - Yelahanka,YEL,2026-10-07 20:39:39
132,Assorted Cheesecakes (Pack Of 12),ea,Harley's Sweet Home Assortments,Product,Direct,OUT,Yelahanka BNG,YEL1,2026-10-07 20:39:39,2026-10-07,Harleys - BLR - Yelahanka,YEL,2026-10-07 20:39:39
139,Assorted Medoviks (Pack Of 6),ea,Harley's Sweet Home Assortments,Product,Direct,OUT,Yelahanka BNG,YEL1,2026-10-07 20:39:39,2026-10-07,Harleys - BLR - Yelahanka,YEL,2026-10-07 20:39:39
138,Assorted Medoviks (Pack Of 12),ea,Harley's Sweet Home Assortments,Product,Direct,OUT,Yelahanka BNG,YEL1,2026-10-07 20:39:39,2026-10-07,Harleys - BLR - Yelahanka,YEL,2026-10-07 20:39:39
136,Assorted French Macarons (Pack Of 5),ea,Harley's Sweet Home Assortments,Product,Direct,OUT,Yelahanka BNG,YEL1,2026-10-07 20:39:39,2026-10-07,Harleys - BLR - Yelahanka,YEL,2026-10-07 20:39:39
135,Assorted French Macarons (Pack Of 24),ea,Harley's Sweet Home Assortments,Product,Direct,IN,Yelahanka BNG,YEL1,2026-10-07 21:50:57,2026-10-07,Harleys - BLR - Yelahanka,YEL,2026-10-07 21:50:57
134,Assorted French Macarons (Pack Of 12),ea,Harley's Sweet Home Assortments,Product,Direct,IN,Yelahanka BNG,YEL1,2026-10-07 21:50:57,2026-10-07,Harleys - BLR - Yelahanka,YEL,2026-10-07 21:50:57
133,Assorted Cheesecakes (Pack Of 6),ea,Harley's Sweet Home Assortments,Product,Direct,IN,Yelahanka BNG,YEL1,2026-10-07 21:50:57,2026-10-07,Harleys - BLR - Yelahanka,YEL,2026-10-07 21:50:57
132,Assorted Cheesecakes (Pack Of 12),ea,Harley's Sweet Home Assortments,Product,Direct,IN,Yelahanka BNG,YEL1,2026-10-07 21:50:57,2026-10-07,Harleys - BLR - Yelahanka,YEL,2026-10-07 21:50:57
139,Assorted Medoviks (Pack Of 6),ea,Harley's Sweet Home Assortments,Product,Direct,IN,Yelahanka BNG,YEL1,2026-10-07 21:50:57,2026-10-07,Harleys - BLR - Yelahanka,YEL,2026-10-07 21:50:57
138,Assorted Medoviks (Pack Of 12),ea,Harley's Sweet Home Assortments,Product,Direct,IN,Yelahanka BNG,YEL1,2026-10-07 21:50:57,2026-10-07,Harleys - BLR - Yelahanka,YEL,2026-10-07 21:50:57
136,Assorted French Macarons (Pack Of 5),ea,Harley's Sweet Home Assortments,Product,Direct,IN,Yelahanka BNG,YEL1,2026-10-07 21:50:57,2026-10-07,Harleys - BLR - Yelahanka,YEL,2026-10-07 21:50:57
49,Ferrero Nutella Cheesecake,ea,Harley's Gourmet Celebration Cheesecakes,Product,Direct,IN,Yelahanka BNG,YEL1,2026-10-07 21:51:24,2026-10-07,Harleys - BLR - Yelahanka,YEL,2026-10-07 21:51:24
50,Ferrero Nutella Cheesecake,ea,Harley's Gourmet Celebration Cheesecakes,Product,Direct,IN,Yelahanka BNG,YEL1,2026-10-07 21:51:24,2026-10-07,Harleys - BLR - Yelahanka,YEL,2026-10-07 21:51:24
19,Belgium Chocolate Cheesecake,ea,Harley's Gourmet Celebration Cheesecakes,Product,Direct,IN,Yelahanka BNG,YEL1,2026-10-07 21:51:24,2026-10-07,Harleys - BLR - Yelahanka,YEL,2026-10-07 21:51:24
20,Belgium Chocolate Cheesecake,ea,Harley's Gourmet Celebration Cheesecakes,Product,Direct,IN,Yelahanka BNG,YEL1,2026-10-07 21:51:24,2026-10-07,Harleys - BLR - Yelahanka,YEL,2026-10-07 21:51:24
77,Lotus Biscoff Cheesecake,ea,Harley's Gourmet Celebration Cheesecakes,Product,Direct,IN,Yelahanka BNG,YEL1,2026-10-07 21:51:24,2026-10-07,Harleys - BLR - Yelahanka,YEL,2026-10-07 21:51:24
76,Lotus Biscoff Cheesecake,ea,Harley's Gourmet Celebration Cheesecakes,Product,Direct,IN,Yelahanka BNG,YEL1,2026-10-07 21:51:24,2026-10-07,Harleys - BLR - Yelahanka,YEL,2026-10-07 21:51:24
40,Danish Hazelnut Cheesecake,ea,Harley's Gourmet Celebration Cheesecakes,Product,Direct,IN,Yelahanka BNG,YEL1,2026-10-07 21:51:24,2026-10-07,Harleys - BLR - Yelahanka,YEL,2026-10-07 21:51:24
39,Danish Hazelnut Cheesecake,ea,Harley's Gourmet Celebration Cheesecakes,Product,Direct,IN,Yelahanka BNG,YEL1,2026-10-07 21:51:24,2026-10-07,Harleys - BLR - Yelahanka,YEL,2026-10-07 21:51:24
30,Chef's Favourite Blueberry Cheesecake,ea,Harley's Gourmet Celebration Cheesecakes,Product,Direct,IN,Yelahanka BNG,YEL1,2026-10-07 21:51:24,2026-10-07,Harleys - BLR - Yelahanka,YEL,2026-10-07 21:51:24
31,Chef's Favourite Blueberry Cheesecake,ea,Harley's Gourmet Celebration Cheesecakes,Product,Direct,IN,Yelahanka BNG,YEL1,2026-10-07 21:51:24,2026-10-07,Harleys - BLR - Yelahanka,YEL,2026-10-07 21:51:24
78,Lotus Biscoff Cheesecake With Macaron,ea,Finely Baked Cheesecake Pastry,Product,Direct,IN,Yelahanka BNG,YEL1,2026-10-07 21:51:30,2026-10-07,Harleys - BLR - Yelahanka,YEL,2026-10-07 21:51:30
51,Ferrero Nutella Cheesecake With Macaron,ea,Finely Baked Cheesecake Pastry,Product,Direct,IN,Yelahanka BNG,YEL1,2026-10-07 21:51:30,2026-10-07,Harleys - BLR - Yelahanka,YEL,2026-10-07 21:51:30
41,Danish Hazelnut Cheesecake With Macaron,ea,Finely Baked Cheesecake Pastry,Product,Direct,IN,Yelahanka BNG,YEL1,2026-10-07 21:51:30,2026-10-07,Harleys - BLR - Yelahanka,YEL,2026-10-07 21:51:30
32,Chef's Favourite Blueberry Cheesecake With Macaron,ea,Finely Baked Cheesecake Pastry,Product,Direct,IN,Yelahanka BNG,YEL1,2026-10-07 21:51:30,2026-10-07,Harleys - BLR - Yelahanka,YEL,2026-10-07 21:51:30
21,Belgium Chocolate Cheesecake With Macaron,ea,Finely Baked Cheesecake Pastry,Product,Direct,IN,Yelahanka BNG,YEL1,2026-10-07 21:51:30,2026-10-07,Harleys - BLR - Yelahanka,YEL,2026-10-07 21:51:30
82,Lotus Biscoff Medovik Cake,ea,Harley's Grand Celebration Medovik Cakes,Product,Direct,IN,Yelahanka BNG,YEL1,2026-10-07 21:51:57,2026-10-07,Harleys - BLR - Yelahanka,YEL,2026-10-07 21:51:57
81,Lotus Biscoff Medovik Cake,ea,Harley's Grand Celebration Medovik Cakes,Product,Direct,IN,Yelahanka BNG,YEL1,2026-10-07 21:51:57,2026-10-07,Harleys - BLR - Yelahanka,YEL,2026-10-07 21:51:57
73,Italian Tiramisu Medovik Cake,ea,Harley's Grand Celebration Medovik Cakes,Product,Direct,IN,Yelahanka BNG,YEL1,2026-10-07 21:51:57,2026-10-07,Harleys - BLR - Yelahanka,YEL,2026-10-07 21:51:57
72,Italian Tiramisu Medovik Cake,ea,Harley's Grand Celebration Medovik Cakes,Product,Direct,IN,Yelahanka BNG,YEL1,2026-10-07 21:51:57,2026-10-07,Harleys - BLR - Yelahanka,YEL,2026-10-07 21:51:57
213,London Viral Whipped Caramel Medovik Cake,ea,Harley's Grand Celebration Medovik Cakes,Product,Direct,IN,Yelahanka BNG,YEL1,2026-10-07 21:51:57,2026-10-07,Harleys - BLR - Yelahanka,YEL,2026-10-07 21:51:57
212,London Viral Whipped Caramel Medovik Cake,ea,Harley's Grand Celebration Medovik Cakes,Product,Direct,IN,Yelahanka BNG,YEL1,2026-10-07 21:51:57,2026-10-07,Harleys - BLR - Yelahanka,YEL,2026-10-07 21:51:57
14,Austrian White Forest Medovik Cake,ea,Harley's Grand Celebration Medovik Cakes,Product,Direct,IN,Yelahanka BNG,YEL1,2026-10-07 21:51:57,2026-10-07,Harleys - BLR - Yelahanka,YEL,2026-10-07 21:51:57
15,Austrian White Forest Medovik Cake,ea,Harley's Grand Celebration Medovik Cakes,Product,Direct,IN,Yelahanka BNG,YEL1,2026-10-07 21:51:57,2026-10-07,Harleys - BLR - Yelahanka,YEL,2026-10-07 21:51:57
108,Premium Butterscotch Medovik Cake,ea,Harley's Grand Celebration Medovik Cakes,Product,Direct,IN,Yelahanka BNG,YEL1,2026-10-07 21:51:57,2026-10-07,Harleys - BLR - Yelahanka,YEL,2026-10-07 21:51:57
109,Premium Butterscotch Medovik Cake,ea,Harley's Grand Celebration Medovik Cakes,Product,Direct,IN,Yelahanka BNG,YEL1,2026-10-07 21:51:57,2026-10-07,Harleys - BLR - Yelahanka,YEL,2026-10-07 21:51:57
100,Pistachio Delight Medovik Cake,ea,Harley's Grand Celebration Medovik Cakes,Product,Direct,IN,Yelahanka BNG,YEL1,2026-10-07 21:51:57,2026-10-07,Harleys - BLR - Yelahanka,YEL,2026-10-07 21:51:57
101,Pistachio Delight Medovik Cake,ea,Harley's Grand Celebration Medovik Cakes,Product,Direct,IN,Yelahanka BNG,YEL1,2026-10-07 21:51:57,2026-10-07,Harleys - BLR - Yelahanka,YEL,2026-10-07 21:51:57
67,Harley's Spl. Classic Russian Medovik Cake,ea,Harley's Grand Celebration Medovik Cakes,Product,Direct,IN,Yelahanka BNG,YEL1,2026-10-07 21:51:57,2026-10-07,Harleys - BLR - Yelahanka,YEL,2026-10-07 21:51:57
66,Harley's Spl. Classic Russian Medovik Cake,ea,Harley's Grand Celebration Medovik Cakes,Product,Direct,IN,Yelahanka BNG,YEL1,2026-10-07 21:51:57,2026-10-07,Harleys - BLR - Yelahanka,YEL,2026-10-07 21:51:57
60,French Vanilla Strawberry Rose Medovik Cake,ea,Harley's Grand Celebration Medovik Cakes,Product,Direct,IN,Yelahanka BNG,YEL1,2026-10-07 21:51:57,2026-10-07,Harleys - BLR - Yelahanka,YEL,2026-10-07 21:51:57
59,French Vanilla Strawberry Rose Medovik Cake,ea,Harley's Grand Celebration Medovik Cakes,Product,Direct,IN,Yelahanka BNG,YEL1,2026-10-07 21:51:57,2026-10-07,Harleys - BLR - Yelahanka,YEL,2026-10-07 21:51:57
214,London Viral Whipped Caramel Medovik With Macaron,ea,Harley's Signature Medovik Pastry,Product,Direct,IN,Yelahanka BNG,YEL1,2026-10-07 21:52:11,2026-10-07,Harleys - BLR - Yelahanka,YEL,2026-10-07 21:52:11
116,Signature Belgium Chocolate Medovik With Macaron,ea,Harley's Signature Medovik Pastry,Product,Direct,IN,Yelahanka BNG,YEL1,2026-10-07 21:52:11,2026-10-07,Harleys - BLR - Yelahanka,YEL,2026-10-07 21:52:11
110,Premium Butterscotch Medovik With Macaron,ea,Harley's Signature Medovik Pastry,Product,Direct,IN,Yelahanka BNG,YEL1,2026-10-07 21:52:11,2026-10-07,Harleys - BLR - Yelahanka,YEL,2026-10-07 21:52:11
102,Pistachio Delight Medovik With Macaron,ea,Harley's Signature Medovik Pastry,Product,Direct,IN,Yelahanka BNG,YEL1,2026-10-07 21:52:11,2026-10-07,Harleys - BLR - Yelahanka,YEL,2026-10-07 21:52:11
83,Lotus Biscoff Medovik With Macaron,ea,Harley's Signature Medovik Pastry,Product,Direct,IN,Yelahanka BNG,YEL1,2026-10-07 21:52:11,2026-10-07,Harleys - BLR - Yelahanka,YEL,2026-10-07 21:52:11
74,Italian Tiramisu Medovik With Macaron,ea,Harley's Signature Medovik Pastry,Product,Direct,IN,Yelahanka BNG,YEL1,2026-10-07 21:52:11,2026-10-07,Harleys - BLR - Yelahanka,YEL,2026-10-07 21:52:11
68,Harley's Spl. Classic Russian Medovik With Macaron,ea,Harley's Signature Medovik Pastry,Product,Direct,IN,Yelahanka BNG,YEL1,2026-10-07 21:52:11,2026-10-07,Harleys - BLR - Yelahanka,YEL,2026-10-07 21:52:11
57,French Vanilla Rose Medovik With Macaron,ea,Harley's Signature Medovik Pastry,Product,Direct,IN,Yelahanka BNG,YEL1,2026-10-07 21:52:11,2026-10-07,Harleys - BLR - Yelahanka,YEL,2026-10-07 21:52:11
55,Ferrero Nutella Medovik With Macaron,ea,Harley's Signature Medovik Pastry,Product,Direct,IN,Yelahanka BNG,YEL1,2026-10-07 21:52:11,2026-10-07,Harleys - BLR - Yelahanka,YEL,2026-10-07 21:52:11
46,Danish Hazelnut Chocolate Medovik With Macaron,ea,Harley's Signature Medovik Pastry,Product,Direct,IN,Yelahanka BNG,YEL1,2026-10-07 21:52:11,2026-10-07,Harleys - BLR - Yelahanka,YEL,2026-10-07 21:52:11
16,Austrian White Forest Medovik With Macaron,ea,Harley's Signature Medovik Pastry,Product,Direct,IN,Yelahanka BNG,YEL1,2026-10-07 21:52:11,2026-10-07,Harleys - BLR - Yelahanka,YEL,2026-10-07 21:52:11
97,Pack Of 9 Medoviks And 6 Macarons,ea,All Time Favourite Combinations,Product,Direct,IN,Yelahanka BNG,YEL1,2026-10-07 21:52:20,2026-10-07,Harleys - BLR - Yelahanka,YEL,2026-10-07 21:52:20
96,Pack Of 9 Cheesecakes And 6 Macarons,ea,All Time Favourite Combinations,Product,Direct,IN,Yelahanka BNG,YEL1,2026-10-07 21:52:20,2026-10-07,Harleys - BLR - Yelahanka,YEL,2026-10-07 21:52:20
95,Pack Of 6 Medoviks And 12 Macarons,ea,All Time Favourite Combinations,Product,Direct,IN,Yelahanka BNG,YEL1,2026-10-07 21:52:20,2026-10-07,Harleys - BLR - Yelahanka,YEL,2026-10-07 21:52:20
94,Pack Of 6 Cheesecakes And 12 Macarons,ea,All Time Favourite Combinations,Product,Direct,IN,Yelahanka BNG,YEL1,2026-10-07 21:52:20,2026-10-07,Harleys - BLR - Yelahanka,YEL,2026-10-07 21:52:20
93,Pack Of 4 Medoviks And 4 Macarons,ea,All Time Favourite Combinations,Product,Direct,IN,Yelahanka BNG,YEL1,2026-10-07 21:52:20,2026-10-07,Harleys - BLR - Yelahanka,YEL,2026-10-07 21:52:20
92,Pack Of 4 Cheesecakes And 4 Macarons,ea,All Time Favourite Combinations,Product,Direct,IN,Yelahanka BNG,YEL1,2026-10-07 21:52:20,2026-10-07,Harleys - BLR - Yelahanka,YEL,2026-10-07 21:52:20
26,Blueberry Macarons (Pack Of 5),ea,Harley's French Macarons,Product,Direct,IN,BAS2 BNG,BAS2,2026-10-07 16:39:49,2026-10-07,Harley's - BLR - Basaveshwara Nagar,BAS,2026-10-07 16:39:49
37,Clementine Orange Macarons (Pack Of 5),ea,Harley's French Macarons,Product,Direct,IN,BAS2 BNG,BAS2,2026-10-07 16:39:49,2026-10-07,Harley's - BLR - Basaveshwara Nagar,BAS,2026-10-07 16:39:49
98,Passion Fruit & Lemon Fusion Macarons (Pack Of 5),ea,Harley's French Macarons,Product,Direct,IN,BAS2 BNG,BAS2,2026-10-07 16:39:49,2026-10-07,Harley's - BLR - Basaveshwara Nagar,BAS,2026-10-07 16:39:49
85,Mighty Mango Macarons (Pack Of 5),ea,Harley's French Macarons,Product,Direct,IN,BAS2 BNG,BAS2,2026-10-07 16:39:49,2026-10-07,Harley's - BLR - Basaveshwara Nagar,BAS,2026-10-07 16:39:49
72,Italian Tiramisu Medovik Cake,ea,Harley's Grand Celebration Medovik Cakes,Product,Direct,OUT,BAS2 BNG,BAS2,2026-10-07 21:13:00,2026-10-07,Harley's - BLR - Basaveshwara Nagar,BAS,2026-10-07 21:13:00
60,French Vanilla Strawberry Rose Medovik Cake,ea,Harley's Grand Celebration Medovik Cakes,Product,Direct,OUT,RR Nagar BNG,RRN1,2026-10-07 09:25:31,2026-10-07,Harley's - BLR - RR Nagar,RR,2026-10-07 09:25:31
15,Austrian White Forest Medovik Cake,ea,Harley's Grand Celebration Medovik Cakes,Product,Direct,OUT,RR Nagar BNG,RRN1,2026-10-07 09:25:31,2026-10-07,Harley's - BLR - RR Nagar,RR,2026-10-07 09:25:31
59,French Vanilla Strawberry Rose Medovik Cake,ea,Harley's Grand Celebration Medovik Cakes,Product,Direct,OUT,RR Nagar BNG,RRN1,2026-10-07 12:33:54,2026-10-07,Harley's - BLR - RR Nagar,RR,2026-10-07 12:33:54
14,Austrian White Forest Medovik Cake,ea,Harley's Grand Celebration Medovik Cakes,Product,Direct,OUT,RR Nagar BNG,RRN1,2026-10-07 12:33:54,2026-10-07,Harley's - BLR - RR Nagar,RR,2026-10-07 12:33:54
82,Lotus Biscoff Medovik Cake,ea,Harley's Grand Celebration Medovik Cakes,Product,Direct,OUT,RR Nagar BNG,RRN1,2026-10-07 14:25:11,2026-10-07,Harley's - BLR - RR Nagar,RR,2026-10-07 14:25:11
109,Premium Butterscotch Medovik Cake,ea,Harley's Grand Celebration Medovik Cakes,Product,Direct,OUT,RR Nagar BNG,RRN1,2026-10-07 14:25:11,2026-10-07,Harley's - BLR - RR Nagar,RR,2026-10-07 14:25:11
67,Harley's Spl. Classic Russian Medovik Cake,ea,Harley's Grand Celebration Medovik Cakes,Product,Direct,OUT,RR Nagar BNG,RRN1,2026-10-07 14:25:11,2026-10-07,Harley's - BLR - RR Nagar,RR,2026-10-07 14:25:11
82,Lotus Biscoff Medovik Cake,ea,Harley's Grand Celebration Medovik Cakes,Product,Direct,IN,RR Nagar BNG,RRN1,2026-10-07 15:05:15,2026-10-07,Harley's - BLR - RR Nagar,RR,2026-10-07 15:05:15
109,Premium Butterscotch Medovik Cake,ea,Harley's Grand Celebration Medovik Cakes,Product,Direct,IN,RR Nagar BNG,RRN1,2026-10-07 15:05:15,2026-10-07,Harley's - BLR - RR Nagar,RR,2026-10-07 15:05:15
67,Harley's Spl. Classic Russian Medovik Cake,ea,Harley's Grand Celebration Medovik Cakes,Product,Direct,IN,RR Nagar BNG,RRN1,2026-10-07 15:05:15,2026-10-07,Harley's - BLR - RR Nagar,RR,2026-10-07 15:05:15
213,London Viral Whipped Caramel Medovik Cake,ea,Harley's Grand Celebration Medovik Cakes,Product,Direct,OUT,RR Nagar BNG,RRN1,2026-10-07 17:02:15,2026-10-07,Harley's - BLR - RR Nagar,RR,2026-10-07 17:02:15
212,London Viral Whipped Caramel Medovik Cake,ea,Harley's Grand Celebration Medovik Cakes,Product,Direct,OUT,RR Nagar BNG,RRN1,2026-10-07 17:02:15,2026-10-07,Harley's - BLR - RR Nagar,RR,2026-10-07 17:02:15
35,Classic Butter Croissants (Pack Of 2),ea,Croissants,Product,Direct,IN,Sarjapur BNG,SAR1,2026-10-07 13:23:15,2026-10-07,Harley's - BLR - Sarjapur,SAR,2026-10-07 13:23:15
22,Belgium Chocolate Criossant,ea,Croissants,Product,Direct,IN,Sarjapur BNG,SAR1,2026-10-07 13:23:15,2026-10-07,Harley's - BLR - Sarjapur,SAR,2026-10-07 13:23:15
27,Blueberry Muffin (Pack Of 2),ea,Barcakes & Muffins,Product,Direct,IN,Sarjapur BNG,SAR1,2026-10-07 13:23:15,2026-10-07,Harley's - BLR - Sarjapur,SAR,2026-10-07 13:23:15
64,Harley's Special Mawa Bar Cake (250 Gms),ea,Barcakes & Muffins,Product,Direct,OUT,Sarjapur BNG,SAR1,2026-10-07 15:49:52,2026-10-07,Harley's - BLR - Sarjapur,SAR,2026-10-07 15:49:52
27,Blueberry Muffin (Pack Of 2),ea,Barcakes & Muffins,Product,Direct,OUT,Sarjapur BNG,SAR1,2026-10-07 17:13:26,2026-10-07,Harley's - BLR - Sarjapur,SAR,2026-10-07 17:13:26
47,Double Chocolate Bar Cake (250 gms),ea,Barcakes & Muffins,Product,Direct,OUT,Sarjapur BNG,SAR1,2026-10-07 17:13:26,2026-10-07,Harley's - BLR - Sarjapur,SAR,2026-10-07 17:13:26
34,Chocochip Muffin (Pack Of 2),ea,Barcakes & Muffins,Product,Direct,OUT,Sarjapur BNG,SAR1,2026-10-07 17:13:38,2026-10-07,Harley's - BLR - Sarjapur,SAR,2026-10-07 17:13:38
119,Smoky Caramel Cheesecake,ea,Harley's Gourmet Celebration Cheesecakes,Product,Direct,OUT,Nagawara BNG,NAG1,2026-10-07 21:45:46,2026-10-07,Harley's - BLR - Nagawara,NAG,2026-10-07 21:45:46
118,Smoky Caramel Cheesecake,ea,Harley's Gourmet Celebration Cheesecakes,Product,Direct,OUT,Nagawara BNG,NAG1,2026-10-07 21:45:46,2026-10-07,Harley's - BLR - Nagawara,NAG,2026-10-07 21:45:46
49,Ferrero Nutella Cheesecake,ea,Harley's Gourmet Celebration Cheesecakes,Product,Direct,OUT,Nagawara BNG,NAG1,2026-10-07 21:45:46,2026-10-07,Harley's - BLR - Nagawara,NAG,2026-10-07 21:45:46
50,Ferrero Nutella Cheesecake,ea,Harley's Gourmet Celebration Cheesecakes,Product,Direct,OUT,Nagawara BNG,NAG1,2026-10-07 21:45:46,2026-10-07,Harley's - BLR - Nagawara,NAG,2026-10-07 21:45:46
19,Belgium Chocolate Cheesecake,ea,Harley's Gourmet Celebration Cheesecakes,Product,Direct,OUT,Nagawara BNG,NAG1,2026-10-07 21:45:46,2026-10-07,Harley's - BLR - Nagawara,NAG,2026-10-07 21:45:46
20,Belgium Chocolate Cheesecake,ea,Harley's Gourmet Celebration Cheesecakes,Product,Direct,OUT,Nagawara BNG,NAG1,2026-10-07 21:45:46,2026-10-07,Harley's - BLR - Nagawara,NAG,2026-10-07 21:45:46
77,Lotus Biscoff Cheesecake,ea,Harley's Gourmet Celebration Cheesecakes,Product,Direct,OUT,Nagawara BNG,NAG1,2026-10-07 21:45:46,2026-10-07,Harley's - BLR - Nagawara,NAG,2026-10-07 21:45:46
76,Lotus Biscoff Cheesecake,ea,Harley's Gourmet Celebration Cheesecakes,Product,Direct,OUT,Nagawara BNG,NAG1,2026-10-07 21:45:46,2026-10-07,Harley's - BLR - Nagawara,NAG,2026-10-07 21:45:46
40,Danish Hazelnut Cheesecake,ea,Harley's Gourmet Celebration Cheesecakes,Product,Direct,OUT,Nagawara BNG,NAG1,2026-10-07 21:45:46,2026-10-07,Harley's - BLR - Nagawara,NAG,2026-10-07 21:45:46
39,Danish Hazelnut Cheesecake,ea,Harley's Gourmet Celebration Cheesecakes,Product,Direct,OUT,Nagawara BNG,NAG1,2026-10-07 21:45:46,2026-10-07,Harley's - BLR - Nagawara,NAG,2026-10-07 21:45:46
30,Chef's Favourite Blueberry Cheesecake,ea,Harley's Gourmet Celebration Cheesecakes,Product,Direct,OUT,Nagawara BNG,NAG1,2026-10-07 21:45:46,2026-10-07,Harley's - BLR - Nagawara,NAG,2026-10-07 21:45:46
31,Chef's Favourite Blueberry Cheesecake,ea,Harley's Gourmet Celebration Cheesecakes,Product,Direct,OUT,Nagawara BNG,NAG1,2026-10-07 21:45:46,2026-10-07,Harley's - BLR - Nagawara,NAG,2026-10-07 21:45:46
119,Smoky Caramel Cheesecake,ea,Harley's Gourmet Celebration Cheesecakes,Product,Direct,IN,Nagawara BNG,NAG1,2026-10-07 21:45:58,2026-10-07,Harley's - BLR - Nagawara,NAG,2026-10-07 21:45:58
118,Smoky Caramel Cheesecake,ea,Harley's Gourmet Celebration Cheesecakes,Product,Direct,IN,Nagawara BNG,NAG1,2026-10-07 21:46:09,2026-10-07,Harley's - BLR - Nagawara,NAG,2026-10-07 21:46:09
49,Ferrero Nutella Cheesecake,ea,Harley's Gourmet Celebration Cheesecakes,Product,Direct,IN,Nagawara BNG,NAG1,2026-10-07 21:46:09,2026-10-07,Harley's - BLR - Nagawara,NAG,2026-10-07 21:46:09
50,Ferrero Nutella Cheesecake,ea,Harley's Gourmet Celebration Cheesecakes,Product,Direct,IN,Nagawara BNG,NAG1,2026-10-07 21:46:09,2026-10-07,Harley's - BLR - Nagawara,NAG,2026-10-07 21:46:09
19,Belgium Chocolate Cheesecake,ea,Harley's Gourmet Celebration Cheesecakes,Product,Direct,IN,Nagawara BNG,NAG1,2026-10-07 21:46:09,2026-10-07,Harley's - BLR - Nagawara,NAG,2026-10-07 21:46:09
20,Belgium Chocolate Cheesecake,ea,Harley's Gourmet Celebration Cheesecakes,Product,Direct,IN,Nagawara BNG,NAG1,2026-10-07 21:46:09,2026-10-07,Harley's - BLR - Nagawara,NAG,2026-10-07 21:46:09
77,Lotus Biscoff Cheesecake,ea,Harley's Gourmet Celebration Cheesecakes,Product,Direct,IN,Nagawara BNG,NAG1,2026-10-07 21:46:09,2026-10-07,Harley's - BLR - Nagawara,NAG,2026-10-07 21:46:09
76,Lotus Biscoff Cheesecake,ea,Harley's Gourmet Celebration Cheesecakes,Product,Direct,IN,Nagawara BNG,NAG1,2026-10-07 21:46:09,2026-10-07,Harley's - BLR - Nagawara,NAG,2026-10-07 21:46:09
40,Danish Hazelnut Cheesecake,ea,Harley's Gourmet Celebration Cheesecakes,Product,Direct,IN,Nagawara BNG,NAG1,2026-10-07 21:46:09,2026-10-07,Harley's - BLR - Nagawara,NAG,2026-10-07 21:46:09
39,Danish Hazelnut Cheesecake,ea,Harley's Gourmet Celebration Cheesecakes,Product,Direct,IN,Nagawara BNG,NAG1,2026-10-07 21:46:09,2026-10-07,Harley's - BLR - Nagawara,NAG,2026-10-07 21:46:09
30,Chef's Favourite Blueberry Cheesecake,ea,Harley's Gourmet Celebration Cheesecakes,Product,Direct,IN,Nagawara BNG,NAG1,2026-10-07 21:46:09,2026-10-07,Harley's - BLR - Nagawara,NAG,2026-10-07 21:46:09
31,Chef's Favourite Blueberry Cheesecake,ea,Harley's Gourmet Celebration Cheesecakes,Product,Direct,IN,Nagawara BNG,NAG1,2026-10-07 21:46:09,2026-10-07,Harley's - BLR - Nagawara,NAG,2026-10-07 21:46:09
119,Smoky Caramel Cheesecake,ea,Harley's Gourmet Celebration Cheesecakes,Product,Direct,OUT,Nagawara BNG,NAG1,2026-10-07 21:46:18,2026-10-07,Harley's - BLR - Nagawara,NAG,2026-10-07 21:46:18
118,Smoky Caramel Cheesecake,ea,Harley's Gourmet Celebration Cheesecakes,Product,Direct,OUT,Nagawara BNG,NAG1,2026-10-07 21:46:18,2026-10-07,Harley's - BLR - Nagawara,NAG,2026-10-07 21:46:18
134,Assorted French Macarons (Pack Of 12),ea,Harley's Sweet Home Assortments,Product,Direct,OUT,Nagawara BNG,NAG1,2026-10-07 21:46:34,2026-10-07,Harley's - BLR - Nagawara,NAG,2026-10-07 21:46:34
135,Assorted French Macarons (Pack Of 24),ea,Harley's Sweet Home Assortments,Product,Direct,OUT,Nagawara BNG,NAG1,2026-10-07 21:46:34,2026-10-07,Harley's - BLR - Nagawara,NAG,2026-10-07 21:46:34
K3G6,Espresso Single Shot,ea,Coffee Brews (Hot),Product,Direct,IN,Rajesh,RajeshNAN,2026-10-07 07:53:11,2026-10-07,Harley's - HYD - Nanakramguda,NAN,2026-10-07 07:53:11
K3G17,Caffe Latte,ea,Coffee Brews (Hot),Product,Direct,IN,Rajesh,RajeshNAN,2026-10-07 07:53:11,2026-10-07,Harley's - HYD - Nanakramguda,NAN,2026-10-07 07:53:11
NEW63,Cafe Mocha,ea,Coffee Brews (Hot),Product,Direct,IN,Rajesh,RajeshNAN,2026-10-07 07:53:11,2026-10-07,Harley's - HYD - Nanakramguda,NAN,2026-10-07 07:53:11
NEW62,Roasted Hazelnut Cappuccino,ea,Coffee Brews (Hot),Product,Direct,IN,Rajesh,RajeshNAN,2026-10-07 07:53:11,2026-10-07,Harley's - HYD - Nanakramguda,NAN,2026-10-07 07:53:11
NEW61,Espresso (Doppio),ea,Coffee Brews (Hot),Product,Direct,IN,Rajesh,RajeshNAN,2026-10-07 07:53:11,2026-10-07,Harley's - HYD - Nanakramguda,NAN,2026-10-07 07:53:11
NEW60,Cafe Latte,ea,Coffee Brews (Hot),Product,Direct,IN,Rajesh,RajeshNAN,2026-10-07 07:53:11,2026-10-07,Harley's - HYD - Nanakramguda,NAN,2026-10-07 07:53:11
NEW59,Italian Cappuccino,ea,Coffee Brews (Hot),Product,Direct,IN,Rajesh,RajeshNAN,2026-10-07 07:53:11,2026-10-07,Harley's - HYD - Nanakramguda,NAN,2026-10-07 07:53:11
NEW58,Classic Americano,ea,Coffee Brews (Hot),Product,Direct,IN,Rajesh,RajeshNAN,2026-10-07 07:53:11,2026-10-07,Harley's - HYD - Nanakramguda,NAN,2026-10-07 07:53:11
NEW57,Iced Americano,ea,Coffee Brews (Cold),Product,Direct,IN,Rajesh,RajeshNAN,2026-10-07 07:53:11,2026-10-07,Harley's - HYD - Nanakramguda,NAN,2026-10-07 07:53:11
NEW55,All Time Classic Cold Coffee,ea,Coffee Brews (Cold),Product,Direct,IN,Rajesh,RajeshNAN,2026-10-07 07:53:11,2026-10-07,Harley's - HYD - Nanakramguda,NAN,2026-10-07 07:53:11
NEW54,Vietnamese Cold Coffee,ea,Coffee Brews (Cold),Product,Direct,IN,Rajesh,RajeshNAN,2026-10-07 07:53:11,2026-10-07,Harley's - HYD - Nanakramguda,NAN,2026-10-07 07:53:11
NEW53,White Russian Cold Coffee,ea,Coffee Brews (Cold),Product,Direct,IN,Rajesh,RajeshNAN,2026-10-07 07:53:11,2026-10-07,Harley's - HYD - Nanakramguda,NAN,2026-10-07 07:53:11
NEW52,Choco Mocha Cold Coffee,ea,Coffee Brews (Cold),Product,Direct,IN,Rajesh,RajeshNAN,2026-10-07 07:53:11,2026-10-07,Harley's - HYD - Nanakramguda,NAN,2026-10-07 07:53:11
NEW56,Signature Cold Coffee Frappe,ea,Cocoa Brews (Chocolate Frappe),Product,Direct,IN,Rajesh,RajeshNAN,2026-10-07 07:53:11,2026-10-07,Harley's - HYD - Nanakramguda,NAN,2026-10-07 07:53:11
NEW47,Belgium Double Chocolate Frappe,ea,Cocoa Brews (Chocolate Frappe),Product,Direct,IN,Rajesh,RajeshNAN,2026-10-07 07:53:11,2026-10-07,Harley's - HYD - Nanakramguda,NAN,2026-10-07 07:53:11
NEW46,American Almond Chocolate Frappe,ea,Cocoa Brews (Chocolate Frappe),Product,Direct,IN,Rajesh,RajeshNAN,2026-10-07 07:53:11,2026-10-07,Harley's - HYD - Nanakramguda,NAN,2026-10-07 07:53:11
NEW45,Danish Hazelnut Chocolate Frappe,ea,Cocoa Brews (Chocolate Frappe),Product,Direct,IN,Rajesh,RajeshNAN,2026-10-07 07:53:11,2026-10-07,Harley's - HYD - Nanakramguda,NAN,2026-10-07 07:53:11
NEW44,Dubai Pistachio Chocolate Frappe,ea,Cocoa Brews (Chocolate Frappe),Product,Direct,IN,Rajesh,RajeshNAN,2026-10-07 07:53:11,2026-10-07,Harley's - HYD - Nanakramguda,NAN,2026-10-07 07:53:11
NEW51,Choco Medovik Hot Chocolate,ea,Cocoa Brews (Hot),Product,Direct,IN,Rajesh,RajeshNAN,2026-10-07 07:53:11,2026-10-07,Harley's - HYD - Nanakramguda,NAN,2026-10-07 07:53:11
NEW50,Classic Hot Chocolate,ea,Cocoa Brews (Hot),Product,Direct,IN,Rajesh,RajeshNAN,2026-10-07 07:53:11,2026-10-07,Harley's - HYD - Nanakramguda,NAN,2026-10-07 07:53:11
NEW49,Danish Hazelnut Hot Chocolate,ea,Cocoa Brews (Hot),Product,Direct,IN,Rajesh,RajeshNAN,2026-10-07 07:53:11,2026-10-07,Harley's - HYD - Nanakramguda,NAN,2026-10-07 07:53:11
NEW43,House Blend Roasted Hazelnut Shake,ea,Cake Shake Indulgence,Product,Direct,IN,Rajesh,RajeshNAN,2026-10-07 07:53:11,2026-10-07,Harley's - HYD - Nanakramguda,NAN,2026-10-07 07:53:11
NEW42,Italian Pistachio Medovik Shake,ea,Cake Shake Indulgence,Product,Direct,IN,Rajesh,RajeshNAN,2026-10-07 07:53:11,2026-10-07,Harley's - HYD - Nanakramguda,NAN,2026-10-07 07:53:11
NEW41,Belgium Chocolate Medovik Shake,ea,Cake Shake Indulgence,Product,Direct,IN,Rajesh,RajeshNAN,2026-10-07 07:53:11,2026-10-07,Harley's - HYD - Nanakramguda,NAN,2026-10-07 07:53:11
NEW40,Tiramisu Medovik Coffee Shake,ea,Cake Shake Indulgence,Product,Direct,IN,Rajesh,RajeshNAN,2026-10-07 07:53:11,2026-10-07,Harley's - HYD - Nanakramguda,NAN,2026-10-07 07:53:11
NEW39,American Blueberry Cake Shake,ea,Cake Shake Indulgence,Product,Direct,IN,Rajesh,RajeshNAN,2026-10-07 07:53:11,2026-10-07,Harley's - HYD - Nanakramguda,NAN,2026-10-07 07:53:11
82,Lotus Biscoff Medovik Cake,ea,Harley's Grand Celebration Medovik Cakes,Product,Direct,OUT,Rajesh,RajeshNAN,2026-10-07 09:28:08,2026-10-07,Harley's - HYD - Nanakramguda,NAN,2026-10-07 09:28:08
81,Lotus Biscoff Medovik Cake,ea,Harley's Grand Celebration Medovik Cakes,Product,Direct,OUT,Rajesh,RajeshNAN,2026-10-07 09:28:08,2026-10-07,Harley's - HYD - Nanakramguda,NAN,2026-10-07 09:28:08
73,Italian Tiramisu Medovik Cake,ea,Harley's Grand Celebration Medovik Cakes,Product,Direct,OUT,Rajesh,RajeshNAN,2026-10-07 09:28:08,2026-10-07,Harley's - HYD - Nanakramguda,NAN,2026-10-07 09:28:08
72,Italian Tiramisu Medovik Cake,ea,Harley's Grand Celebration Medovik Cakes,Product,Direct,OUT,Rajesh,RajeshNAN,2026-10-07 09:28:08,2026-10-07,Harley's - HYD - Nanakramguda,NAN,2026-10-07 09:28:08
53,Ferrero Nutella Medovik Cake,ea,Harley's Grand Celebration Medovik Cakes,Product,Direct,OUT,Rajesh,RajeshNAN,2026-10-07 09:28:08,2026-10-07,Harley's - HYD - Nanakramguda,NAN,2026-10-07 09:28:08
54,Ferrero Nutella Medovik Cake,ea,Harley's Grand Celebration Medovik Cakes,Product,Direct,OUT,Rajesh,RajeshNAN,2026-10-07 09:28:08,2026-10-07,Harley's - HYD - Nanakramguda,NAN,2026-10-07 09:28:08
213,London Viral Whipped Caramel Medovik Cake,ea,Harley's Grand Celebration Medovik Cakes,Product,Direct,OUT,Rajesh,RajeshNAN,2026-10-07 09:28:08,2026-10-07,Harley's - HYD - Nanakramguda,NAN,2026-10-07 09:28:08
212,London Viral Whipped Caramel Medovik Cake,ea,Harley's Grand Celebration Medovik Cakes,Product,Direct,OUT,Rajesh,RajeshNAN,2026-10-07 09:28:08,2026-10-07,Harley's - HYD - Nanakramguda,NAN,2026-10-07 09:28:08
14,Austrian White Forest Medovik Cake,ea,Harley's Grand Celebration Medovik Cakes,Product,Direct,OUT,Rajesh,RajeshNAN,2026-10-07 09:28:08,2026-10-07,Harley's - HYD - Nanakramguda,NAN,2026-10-07 09:28:08
15,Austrian White Forest Medovik Cake,ea,Harley's Grand Celebration Medovik Cakes,Product,Direct,OUT,Rajesh,RajeshNAN,2026-10-07 09:28:08,2026-10-07,Harley's - HYD - Nanakramguda,NAN,2026-10-07 09:28:08
K3G9,Customized Cake,ea,Harley's Grand Celebration Medovik Cakes,Product,Direct,OUT,Rajesh,RajeshNAN,2026-10-07 09:28:08,2026-10-07,Harley's - HYD - Nanakramguda,NAN,2026-10-07 09:28:08
127,Swiss Black & White Chocolate Medovik Cake,ea,Harley's Grand Celebration Medovik Cakes,Product,Direct,OUT,Rajesh,RajeshNAN,2026-10-07 09:28:08,2026-10-07,Harley's - HYD - Nanakramguda,NAN,2026-10-07 09:28:08
128,Swiss Black & White Chocolate Medovik Cake,ea,Harley's Grand Celebration Medovik Cakes,Product,Direct,OUT,Rajesh,RajeshNAN,2026-10-07 09:28:08,2026-10-07,Harley's - HYD - Nanakramguda,NAN,2026-10-07 09:28:08
123,Sparkling Dark Chocolate Medovik Cake,ea,Harley's Grand Celebration Medovik Cakes,Product,Direct,OUT,Rajesh,RajeshNAN,2026-10-07 09:28:08,2026-10-07,Harley's - HYD - Nanakramguda,NAN,2026-10-07 09:28:08
122,Sparkling Dark Chocolate Medovik Cake,ea,Harley's Grand Celebration Medovik Cakes,Product,Direct,OUT,Rajesh,RajeshNAN,2026-10-07 09:28:08,2026-10-07,Harley's - HYD - Nanakramguda,NAN,2026-10-07 09:28:08
115,Signature Belgium Chocolate Medovik Cake,ea,Harley's Grand Celebration Medovik Cakes,Product,Direct,OUT,Rajesh,RajeshNAN,2026-10-07 09:28:08,2026-10-07,Harley's - HYD - Nanakramguda,NAN,2026-10-07 09:28:08
114,Signature Belgium Chocolate Medovik Cake,ea,Harley's Grand Celebration Medovik Cakes,Product,Direct,OUT,Rajesh,RajeshNAN,2026-10-07 09:28:08,2026-10-07,Harley's - HYD - Nanakramguda,NAN,2026-10-07 09:28:08
108,Premium Butterscotch Medovik Cake,ea,Harley's Grand Celebration Medovik Cakes,Product,Direct,OUT,Rajesh,RajeshNAN,2026-10-07 09:28:08,2026-10-07,Harley's - HYD - Nanakramguda,NAN,2026-10-07 09:28:08
109,Premium Butterscotch Medovik Cake,ea,Harley's Grand Celebration Medovik Cakes,Product,Direct,OUT,Rajesh,RajeshNAN,2026-10-07 09:28:08,2026-10-07,Harley's - HYD - Nanakramguda,NAN,2026-10-07 09:28:08
67,Harley's Spl. Classic Russian Medovik Cake,ea,Harley's Grand Celebration Medovik Cakes,Product,Direct,OUT,Rajesh,RajeshNAN,2026-10-07 09:28:08,2026-10-07,Harley's - HYD - Nanakramguda,NAN,2026-10-07 09:28:08
66,Harley's Spl. Classic Russian Medovik Cake,ea,Harley's Grand Celebration Medovik Cakes,Product,Direct,OUT,Rajesh,RajeshNAN,2026-10-07 09:28:08,2026-10-07,Harley's - HYD - Nanakramguda,NAN,2026-10-07 09:28:08
60,French Vanilla Strawberry Rose Medovik Cake,ea,Harley's Grand Celebration Medovik Cakes,Product,Direct,OUT,Rajesh,RajeshNAN,2026-10-07 09:28:08,2026-10-07,Harley's - HYD - Nanakramguda,NAN,2026-10-07 09:28:08
59,French Vanilla Strawberry Rose Medovik Cake,ea,Harley's Grand Celebration Medovik Cakes,Product,Direct,OUT,Rajesh,RajeshNAN,2026-10-07 09:28:08,2026-10-07,Harley's - HYD - Nanakramguda,NAN,2026-10-07 09:28:08
45,Danish Hazelnut Chocolate Medovik Cake,ea,Harley's Grand Celebration Medovik Cakes,Product,Direct,OUT,Rajesh,RajeshNAN,2026-10-07 09:28:08,2026-10-07,Harley's - HYD - Nanakramguda,NAN,2026-10-07 09:28:08
44,Danish Hazelnut Chocolate Medovik Cake,ea,Harley's Grand Celebration Medovik Cakes,Product,Direct,OUT,Rajesh,RajeshNAN,2026-10-07 09:28:08,2026-10-07,Harley's - HYD - Nanakramguda,NAN,2026-10-07 09:28:08
100,Pistachio Delight Medovik Cake,ea,Harley's Grand Celebration Medovik Cakes,Product,Direct,IN,Rajesh,RajeshNAN,2026-10-07 09:28:30,2026-10-07,Harley's - HYD - Nanakramguda,NAN,2026-10-07 09:28:30
101,Pistachio Delight Medovik Cake,ea,Harley's Grand Celebration Medovik Cakes,Product,Direct,IN,Rajesh,RajeshNAN,2026-10-07 09:28:30,2026-10-07,Harley's - HYD - Nanakramguda,NAN,2026-10-07 09:28:30
82,Lotus Biscoff Medovik Cake,ea,Harley's Grand Celebration Medovik Cakes,Product,Direct,IN,Rajesh,RajeshNAN,2026-10-07 09:28:30,2026-10-07,Harley's - HYD - Nanakramguda,NAN,2026-10-07 09:28:30
81,Lotus Biscoff Medovik Cake,ea,Harley's Grand Celebration Medovik Cakes,Product,Direct,IN,Rajesh,RajeshNAN,2026-10-07 09:28:30,2026-10-07,Harley's - HYD - Nanakramguda,NAN,2026-10-07 09:28:30
73,Italian Tiramisu Medovik Cake,ea,Harley's Grand Celebration Medovik Cakes,Product,Direct,IN,Rajesh,RajeshNAN,2026-10-07 09:28:30,2026-10-07,Harley's - HYD - Nanakramguda,NAN,2026-10-07 09:28:30
72,Italian Tiramisu Medovik Cake,ea,Harley's Grand Celebration Medovik Cakes,Product,Direct,IN,Rajesh,RajeshNAN,2026-10-07 09:28:30,2026-10-07,Harley's - HYD - Nanakramguda,NAN,2026-10-07 09:28:30
53,Ferrero Nutella Medovik Cake,ea,Harley's Grand Celebration Medovik Cakes,Product,Direct,IN,Rajesh,RajeshNAN,2026-10-07 09:28:30,2026-10-07,Harley's - HYD - Nanakramguda,NAN,2026-10-07 09:28:30
54,Ferrero Nutella Medovik Cake,ea,Harley's Grand Celebration Medovik Cakes,Product,Direct,IN,Rajesh,RajeshNAN,2026-10-07 09:28:30,2026-10-07,Harley's - HYD - Nanakramguda,NAN,2026-10-07 09:28:30
213,London Viral Whipped Caramel Medovik Cake,ea,Harley's Grand Celebration Medovik Cakes,Product,Direct,IN,Rajesh,RajeshNAN,2026-10-07 09:28:30,2026-10-07,Harley's - HYD - Nanakramguda,NAN,2026-10-07 09:28:30
212,London Viral Whipped Caramel Medovik Cake,ea,Harley's Grand Celebration Medovik Cakes,Product,Direct,IN,Rajesh,RajeshNAN,2026-10-07 09:28:30,2026-10-07,Harley's - HYD - Nanakramguda,NAN,2026-10-07 09:28:30
14,Austrian White Forest Medovik Cake,ea,Harley's Grand Celebration Medovik Cakes,Product,Direct,IN,Rajesh,RajeshNAN,2026-10-07 09:28:30,2026-10-07,Harley's - HYD - Nanakramguda,NAN,2026-10-07 09:28:30
15,Austrian White Forest Medovik Cake,ea,Harley's Grand Celebration Medovik Cakes,Product,Direct,IN,Rajesh,RajeshNAN,2026-10-07 09:28:30,2026-10-07,Harley's - HYD - Nanakramguda,NAN,2026-10-07 09:28:30
K3G9,Customized Cake,ea,Harley's Grand Celebration Medovik Cakes,Product,Direct,IN,Rajesh,RajeshNAN,2026-10-07 09:28:30,2026-10-07,Harley's - HYD - Nanakramguda,NAN,2026-10-07 09:28:30
127,Swiss Black & White Chocolate Medovik Cake,ea,Harley's Grand Celebration Medovik Cakes,Product,Direct,IN,Rajesh,RajeshNAN,2026-10-07 09:28:30,2026-10-07,Harley's - HYD - Nanakramguda,NAN,2026-10-07 09:28:30
128,Swiss Black & White Chocolate Medovik Cake,ea,Harley's Grand Celebration Medovik Cakes,Product,Direct,IN,Rajesh,RajeshNAN,2026-10-07 09:28:30,2026-10-07,Harley's - HYD - Nanakramguda,NAN,2026-10-07 09:28:30
123,Sparkling Dark Chocolate Medovik Cake,ea,Harley's Grand Celebration Medovik Cakes,Product,Direct,IN,Rajesh,RajeshNAN,2026-10-07 09:28:30,2026-10-07,Harley's - HYD - Nanakramguda,NAN,2026-10-07 09:28:30
122,Sparkling Dark Chocolate Medovik Cake,ea,Harley's Grand Celebration Medovik Cakes,Product,Direct,IN,Rajesh,RajeshNAN,2026-10-07 09:28:30,2026-10-07,Harley's - HYD - Nanakramguda,NAN,2026-10-07 09:28:30
115,Signature Belgium Chocolate Medovik Cake,ea,Harley's Grand Celebration Medovik Cakes,Product,Direct,IN,Rajesh,RajeshNAN,2026-10-07 09:28:30,2026-10-07,Harley's - HYD - Nanakramguda,NAN,2026-10-07 09:28:30
114,Signature Belgium Chocolate Medovik Cake,ea,Harley's Grand Celebration Medovik Cakes,Product,Direct,IN,Rajesh,RajeshNAN,2026-10-07 09:28:30,2026-10-07,Harley's - HYD - Nanakramguda,NAN,2026-10-07 09:28:30
108,Premium Butterscotch Medovik Cake,ea,Harley's Grand Celebration Medovik Cakes,Product,Direct,IN,Rajesh,RajeshNAN,2026-10-07 09:28:30,2026-10-07,Harley's - HYD - Nanakramguda,NAN,2026-10-07 09:28:30
109,Premium Butterscotch Medovik Cake,ea,Harley's Grand Celebration Medovik Cakes,Product,Direct,IN,Rajesh,RajeshNAN,2026-10-07 09:28:30,2026-10-07,Harley's - HYD - Nanakramguda,NAN,2026-10-07 09:28:30
67,Harley's Spl. Classic Russian Medovik Cake,ea,Harley's Grand Celebration Medovik Cakes,Product,Direct,IN,Rajesh,RajeshNAN,2026-10-07 09:28:30,2026-10-07,Harley's - HYD - Nanakramguda,NAN,2026-10-07 09:28:30
66,Harley's Spl. Classic Russian Medovik Cake,ea,Harley's Grand Celebration Medovik Cakes,Product,Direct,IN,Rajesh,RajeshNAN,2026-10-07 09:28:30,2026-10-07,Harley's - HYD - Nanakramguda,NAN,2026-10-07 09:28:30
60,French Vanilla Strawberry Rose Medovik Cake,ea,Harley's Grand Celebration Medovik Cakes,Product,Direct,IN,Rajesh,RajeshNAN,2026-10-07 09:28:30,2026-10-07,Harley's - HYD - Nanakramguda,NAN,2026-10-07 09:28:30
59,French Vanilla Strawberry Rose Medovik Cake,ea,Harley's Grand Celebration Medovik Cakes,Product,Direct,IN,Rajesh,RajeshNAN,2026-10-07 09:28:30,2026-10-07,Harley's - HYD - Nanakramguda,NAN,2026-10-07 09:28:30
45,Danish Hazelnut Chocolate Medovik Cake,ea,Harley's Grand Celebration Medovik Cakes,Product,Direct,IN,Rajesh,RajeshNAN,2026-10-07 09:28:30,2026-10-07,Harley's - HYD - Nanakramguda,NAN,2026-10-07 09:28:30
44,Danish Hazelnut Chocolate Medovik Cake,ea,Harley's Grand Celebration Medovik Cakes,Product,Direct,IN,Rajesh,RajeshNAN,2026-10-07 09:28:30,2026-10-07,Harley's - HYD - Nanakramguda,NAN,2026-10-07 09:28:30
53,Ferrero Nutella Medovik Cake,ea,Harley's Grand Celebration Medovik Cakes,Product,Direct,OUT,Rajesh,RajeshNAN,2026-10-07 09:31:05,2026-10-07,Harley's - HYD - Nanakramguda,NAN,2026-10-07 09:31:05
54,Ferrero Nutella Medovik Cake,ea,Harley's Grand Celebration Medovik Cakes,Product,Direct,OUT,Rajesh,RajeshNAN,2026-10-07 09:31:05,2026-10-07,Harley's - HYD - Nanakramguda,NAN,2026-10-07 09:31:05
53,Ferrero Nutella Medovik Cake,ea,Harley's Grand Celebration Medovik Cakes,Product,Direct,IN,Rajesh,RajeshNAN,2026-10-07 09:31:18,2026-10-07,Harley's - HYD - Nanakramguda,NAN,2026-10-07 09:31:18
54,Ferrero Nutella Medovik Cake,ea,Harley's Grand Celebration Medovik Cakes,Product,Direct,IN,Rajesh,RajeshNAN,2026-10-07 09:31:18,2026-10-07,Harley's - HYD - Nanakramguda,NAN,2026-10-07 09:31:18
105,Premium Banana Walnut Bar Cake (250 Gms),ea,Barcakes & Muffins,Product,Direct,IN,Rajesh,RajeshNAN,2026-10-07 13:19:43,2026-10-07,Harley's - HYD - Nanakramguda,NAN,2026-10-07 13:19:43
64,Harley's Special Mawa Bar Cake (250 Gms),ea,Barcakes & Muffins,Product,Direct,IN,Rajesh,RajeshNAN,2026-10-07 13:19:43,2026-10-07,Harley's - HYD - Nanakramguda,NAN,2026-10-07 13:19:43
35,Classic Butter Croissants (Pack Of 2),ea,Croissants,Product,Direct,OUT,Rajesh,RajeshNAN,2026-10-07 15:48:28,2026-10-07,Harley's - HYD - Nanakramguda,NAN,2026-10-07 15:48:28
NEW44,Dubai Pistachio Chocolate Frappe,ea,Cocoa Brews (Chocolate Frappe),Product,Direct,OUT,Rajesh,RajeshNAN,2026-10-07 16:22:24,2026-10-07,Harley's - HYD - Nanakramguda,NAN,2026-10-07 16:22:24
NEW42,Italian Pistachio Medovik Shake,ea,Cake Shake Indulgence,Product,Direct,OUT,Rajesh,RajeshNAN,2026-10-07 16:22:24,2026-10-07,Harley's - HYD - Nanakramguda,NAN,2026-10-07 16:22:24
100,Pistachio Delight Medovik Cake,ea,Harley's Grand Celebration Medovik Cakes,Product,Direct,OUT,Rajesh,RajeshNAN,2026-10-07 16:33:33,2026-10-07,Harley's - HYD - Nanakramguda,NAN,2026-10-07 16:33:33
101,Pistachio Delight Medovik Cake,ea,Harley's Grand Celebration Medovik Cakes,Product,Direct,OUT,Rajesh,RajeshNAN,2026-10-07 16:33:33,2026-10-07,Harley's - HYD - Nanakramguda,NAN,2026-10-07 16:33:33
47,Double Chocolate Bar Cake (250 gms),ea,Barcakes & Muffins,Product,Direct,OUT,Rajesh,RajeshNAN,2026-10-07 21:00:12,2026-10-07,Harley's - HYD - Nanakramguda,NAN,2026-10-07 21:00:12
27,Blueberry Muffin (Pack Of 2),ea,Barcakes & Muffins,Product,Direct,OUT,Rajesh,RajeshNAN,2026-10-07 21:48:20,2026-10-07,Harley's - HYD - Nanakramguda,NAN,2026-10-07 21:48:20
47,Double Chocolate Bar Cake (250 gms),ea,Barcakes & Muffins,Product,Direct,IN,MGR TSP HYD,MGRTSP,2026-10-07 07:35:41,2026-10-07,Harley's - HYD - TSPA Junction,TSP,2026-10-07 07:35:41
34,Chocochip Muffin (Pack Of 2),ea,Barcakes & Muffins,Product,Direct,IN,MGR TSP HYD,MGRTSP,2026-10-07 07:35:41,2026-10-07,Harley's - HYD - TSPA Junction,TSP,2026-10-07 07:35:41
27,Blueberry Muffin (Pack Of 2),ea,Barcakes & Muffins,Product,Direct,IN,MGR TSP HYD,MGRTSP,2026-10-07 07:35:41,2026-10-07,Harley's - HYD - TSPA Junction,TSP,2026-10-07 07:35:41
50,Ferrero Nutella Cheesecake,ea,Harley's Gourmet Celebration Cheesecakes,Product,Direct,IN,MGR TSP HYD,MGRTSP,2026-10-07 07:35:50,2026-10-07,Harley's - HYD - TSPA Junction,TSP,2026-10-07 07:35:50
20,Belgium Chocolate Cheesecake,ea,Harley's Gourmet Celebration Cheesecakes,Product,Direct,IN,MGR TSP HYD,MGRTSP,2026-10-07 07:35:50,2026-10-07,Harley's - HYD - TSPA Junction,TSP,2026-10-07 07:35:50
77,Lotus Biscoff Cheesecake,ea,Harley's Gourmet Celebration Cheesecakes,Product,Direct,IN,MGR TSP HYD,MGRTSP,2026-10-07 07:35:50,2026-10-07,Harley's - HYD - TSPA Junction,TSP,2026-10-07 07:35:50
40,Danish Hazelnut Cheesecake,ea,Harley's Gourmet Celebration Cheesecakes,Product,Direct,IN,MGR TSP HYD,MGRTSP,2026-10-07 07:35:50,2026-10-07,Harley's - HYD - TSPA Junction,TSP,2026-10-07 07:35:50
31,Chef's Favourite Blueberry Cheesecake,ea,Harley's Gourmet Celebration Cheesecakes,Product,Direct,IN,MGR TSP HYD,MGRTSP,2026-10-07 07:35:50,2026-10-07,Harley's - HYD - TSPA Junction,TSP,2026-10-07 07:35:50
101,Pistachio Delight Medovik Cake,ea,Harley's Grand Celebration Medovik Cakes,Product,Direct,IN,MGR TSP HYD,MGRTSP,2026-10-07 07:36:09,2026-10-07,Harley's - HYD - TSPA Junction,TSP,2026-10-07 07:36:09
100,Pistachio Delight Medovik Cake,ea,Harley's Grand Celebration Medovik Cakes,Product,Direct,IN,MGR TSP HYD,MGRTSP,2026-10-07 07:36:09,2026-10-07,Harley's - HYD - TSPA Junction,TSP,2026-10-07 07:36:09
NEW103,Classic Butter Croissant,ea,Croissants,Product,Direct,IN,MGR TSP HYD,MGRTSP,2026-10-07 07:36:33,2026-10-07,Harley's - HYD - TSPA Junction,TSP,2026-10-07 07:36:33
35,Classic Butter Croissants (Pack Of 2),ea,Croissants,Product,Direct,IN,MGR TSP HYD,MGRTSP,2026-10-07 07:36:33,2026-10-07,Harley's - HYD - TSPA Junction,TSP,2026-10-07 07:36:33
105,Premium Banana Walnut Bar Cake (250 Gms),ea,Barcakes & Muffins,Product,Direct,OUT,MGR TSP HYD,MGRTSP,2026-10-07 07:39:22,2026-10-07,Harley's - HYD - TSPA Junction,TSP,2026-10-07 07:39:22
64,Harley's Special Mawa Bar Cake (250 Gms),ea,Barcakes & Muffins,Product,Direct,OUT,MGR TSP HYD,MGRTSP,2026-10-07 07:39:22,2026-10-07,Harley's - HYD - TSPA Junction,TSP,2026-10-07 07:39:22
47,Double Chocolate Bar Cake (250 gms),ea,Barcakes & Muffins,Product,Direct,OUT,MGR TSP HYD,MGRTSP,2026-10-07 07:39:22,2026-10-07,Harley's - HYD - TSPA Junction,TSP,2026-10-07 07:39:22
34,Chocochip Muffin (Pack Of 2),ea,Barcakes & Muffins,Product,Direct,OUT,MGR TSP HYD,MGRTSP,2026-10-07 07:39:22,2026-10-07,Harley's - HYD - TSPA Junction,TSP,2026-10-07 07:39:22
33,Choco Mawa Bar Cake 250 gms,ea,Barcakes & Muffins,Product,Direct,OUT,MGR TSP HYD,MGRTSP,2026-10-07 07:39:22,2026-10-07,Harley's - HYD - TSPA Junction,TSP,2026-10-07 07:39:22
27,Blueberry Muffin (Pack Of 2),ea,Barcakes & Muffins,Product,Direct,OUT,MGR TSP HYD,MGRTSP,2026-10-07 07:39:22,2026-10-07,Harley's - HYD - TSPA Junction,TSP,2026-10-07 07:39:22
NEW187,Swiss Black And White Medovik -50g,ea,Harley's Signature Mini-Medovik,Product,Direct,OUT,MGR TSP HYD,MGRTSP,2026-10-07 07:39:22,2026-10-07,Harley's - HYD - TSPA Junction,TSP,2026-10-07 07:39:22
105,Premium Banana Walnut Bar Cake (250 Gms),ea,Barcakes & Muffins,Product,Direct,IN,MGR TSP HYD,MGRTSP,2026-10-07 16:02:12,2026-10-07,Harley's - HYD - TSPA Junction,TSP,2026-10-07 16:02:12
64,Harley's Special Mawa Bar Cake (250 Gms),ea,Barcakes & Muffins,Product,Direct,IN,MGR TSP HYD,MGRTSP,2026-10-07 16:02:12,2026-10-07,Harley's - HYD - TSPA Junction,TSP,2026-10-07 16:02:12
47,Double Chocolate Bar Cake (250 gms),ea,Barcakes & Muffins,Product,Direct,IN,MGR TSP HYD,MGRTSP,2026-10-07 16:02:12,2026-10-07,Harley's - HYD - TSPA Junction,TSP,2026-10-07 16:02:12
34,Chocochip Muffin (Pack Of 2),ea,Barcakes & Muffins,Product,Direct,IN,MGR TSP HYD,MGRTSP,2026-10-07 16:02:12,2026-10-07,Harley's - HYD - TSPA Junction,TSP,2026-10-07 16:02:12
33,Choco Mawa Bar Cake 250 gms,ea,Barcakes & Muffins,Product,Direct,IN,MGR TSP HYD,MGRTSP,2026-10-07 16:02:12,2026-10-07,Harley's - HYD - TSPA Junction,TSP,2026-10-07 16:02:12
27,Blueberry Muffin (Pack Of 2),ea,Barcakes & Muffins,Product,Direct,IN,MGR TSP HYD,MGRTSP,2026-10-07 16:02:12,2026-10-07,Harley's - HYD - TSPA Junction,TSP,2026-10-07 16:02:12
35,Classic Butter Croissants (Pack Of 2),ea,Croissants,Product,Direct,OUT,TAB2 TSP HYD,TABTSP2,2026-10-07 16:17:39,2026-10-07,Harley's - HYD - TSPA Junction,TSP,2026-10-07 16:17:39
NEW103,Classic Butter Croissant,ea,Croissants,Product,Direct,OUT,TAB2 TSP HYD,TABTSP2,2026-10-07 16:17:39,2026-10-07,Harley's - HYD - TSPA Junction,TSP,2026-10-07 16:17:39
NEW199,Croissant Maska (Regional Fusion),ea,Steamy Croissants,Product,Direct,OUT,TAB2 TSP HYD,TABTSP2,2026-10-07 17:21:58,2026-10-07,Harley's - HYD - TSPA Junction,TSP,2026-10-07 17:21:58
NEW202,Exotic Veg & Cheese Sandwich,ea,Steamy Croissants,Product,Direct,OUT,TAB2 TSP HYD,TABTSP2,2026-10-07 17:22:07,2026-10-07,Harley's - HYD - TSPA Junction,TSP,2026-10-07 17:22:07
NEW201,Jalapeno Cottage Cheese Sandwich,ea,Steamy Croissants,Product,Direct,OUT,TAB2 TSP HYD,TABTSP2,2026-10-07 17:22:07,2026-10-07,Harley's - HYD - TSPA Junction,TSP,2026-10-07 17:22:07
NEW200,Creamy Roasted Spinach Sandwich,ea,Steamy Croissants,Product,Direct,OUT,TAB2 TSP HYD,TABTSP2,2026-10-07 17:22:07,2026-10-07,Harley's - HYD - TSPA Junction,TSP,2026-10-07 17:22:07
33,Choco Mawa Bar Cake 250 gms,ea,Barcakes & Muffins,Product,Direct,OUT,TAB2 TSP HYD,TABTSP2,2026-10-07 17:43:06,2026-10-07,Harley's - HYD - TSPA Junction,TSP,2026-10-07 17:43:06
47,Double Chocolate Bar Cake (250 gms),ea,Barcakes & Muffins,Product,Direct,OUT,TAB2 TSP HYD,TABTSP2,2026-10-07 17:43:06,2026-10-07,Harley's - HYD - TSPA Junction,TSP,2026-10-07 17:43:06
64,Harley's Special Mawa Bar Cake (250 Gms),ea,Barcakes & Muffins,Product,Direct,OUT,TAB2 TSP HYD,TABTSP2,2026-10-07 17:43:06,2026-10-07,Harley's - HYD - TSPA Junction,TSP,2026-10-07 17:43:06
105,Premium Banana Walnut Bar Cake (250 Gms),ea,Barcakes & Muffins,Product,Direct,OUT,TAB2 TSP HYD,TABTSP2,2026-10-07 17:43:12,2026-10-07,Harley's - HYD - TSPA Junction,TSP,2026-10-07 17:43:12
33,Choco Mawa Bar Cake 250 gms,ea,Barcakes & Muffins,Product,Direct,IN,TAB2 TSP HYD,TABTSP2,2026-10-07 17:43:57,2026-10-07,Harley's - HYD - TSPA Junction,TSP,2026-10-07 17:43:57
47,Double Chocolate Bar Cake (250 gms),ea,Barcakes & Muffins,Product,Direct,IN,TAB2 TSP HYD,TABTSP2,2026-10-07 17:43:57,2026-10-07,Harley's - HYD - TSPA Junction,TSP,2026-10-07 17:43:57
47,Double Chocolate Bar Cake (250 gms),ea,Barcakes & Muffins,Product,Direct,OUT,TAB2 TSP HYD,TABTSP2,2026-10-07 17:44:54,2026-10-07,Harley's - HYD - TSPA Junction,TSP,2026-10-07 17:44:54
34,Chocochip Muffin (Pack Of 2),ea,Barcakes & Muffins,Product,Direct,OUT,TAB2 TSP HYD,TABTSP2,2026-10-07 18:59:57,2026-10-07,Harley's - HYD - TSPA Junction,TSP,2026-10-07 18:59:57
27,Blueberry Muffin (Pack Of 2),ea,Barcakes & Muffins,Product,Direct,OUT,TAB2 TSP HYD,TABTSP2,2026-10-07 18:59:57,2026-10-07,Harley's - HYD - TSPA Junction,TSP,2026-10-07 18:59:57
33,Choco Mawa Bar Cake 250 gms,ea,Barcakes & Muffins,Product,Direct,OUT,TAB2 TSP HYD,TABTSP2,2026-10-07 19:41:21,2026-10-07,Harley's - HYD - TSPA Junction,TSP,2026-10-07 19:41:21
131,Whole Wheat Bread (400gms),ea,Breads,Product,Direct,OUT,MGR KOM HYD,MGRKOM,2026-10-07 09:41:48,2026-10-07,Harley's - HYD - Kompally,KOM,2026-10-07 09:41:48
86,Milk Bread(400G),ea,Breads,Product,Direct,OUT,MGR KOM HYD,MGRKOM,2026-10-07 09:41:48,2026-10-07,Harley's - HYD - Kompally,KOM,2026-10-07 09:41:48
73,Italian Tiramisu Medovik Cake,ea,Harley's Grand Celebration Medovik Cakes,Product,Direct,IN,MGR KOM HYD,MGRKOM,2026-10-07 09:42:23,2026-10-07,Harley's - HYD - Kompally,KOM,2026-10-07 09:42:23
72,Italian Tiramisu Medovik Cake,ea,Harley's Grand Celebration Medovik Cakes,Product,Direct,IN,MGR KOM HYD,MGRKOM,2026-10-07 09:42:23,2026-10-07,Harley's - HYD - Kompally,KOM,2026-10-07 09:42:23
74,Italian Tiramisu Medovik With Macaron,ea,Harley's Signature Medovik Pastry,Product,Direct,IN,MGR KOM HYD,MGRKOM,2026-10-07 09:42:23,2026-10-07,Harley's - HYD - Kompally,KOM,2026-10-07 09:42:23
TB28,Tiramisu Tres leches Cake,ea,Tres Leches Party Cakes,Product,Direct,IN,MGR KOM HYD,MGRKOM,2026-10-07 09:42:23,2026-10-07,Harley's - HYD - Kompally,KOM,2026-10-07 09:42:23
TB27,Chocolate Tres Leches Cake,ea,Tres Leches Party Cakes,Product,Direct,IN,MGR KOM HYD,MGRKOM,2026-10-07 09:42:23,2026-10-07,Harley's - HYD - Kompally,KOM,2026-10-07 09:42:23
TB26,Lotus Biscoff Tres Leches Cake,ea,Tres Leches Party Cakes,Product,Direct,IN,MGR KOM HYD,MGRKOM,2026-10-07 09:42:23,2026-10-07,Harley's - HYD - Kompally,KOM,2026-10-07 09:42:23
TB25,Pistachio Tres Leches Cake,ea,Tres Leches Party Cakes,Product,Direct,IN,MGR KOM HYD,MGRKOM,2026-10-07 09:42:23,2026-10-07,Harley's - HYD - Kompally,KOM,2026-10-07 09:42:23
TB24,Blueberry Tres Leches Cake,ea,Tres Leches Party Cakes,Product,Direct,IN,MGR KOM HYD,MGRKOM,2026-10-07 09:42:23,2026-10-07,Harley's - HYD - Kompally,KOM,2026-10-07 09:42:23
TB23,Classic Mexican Tres Leches  Cake,ea,Tres Leches Party Cakes,Product,Direct,IN,MGR KOM HYD,MGRKOM,2026-10-07 09:42:23,2026-10-07,Harley's - HYD - Kompally,KOM,2026-10-07 09:42:23
K3G17,Caffe Latte,ea,Coffee Brews (Hot),Product,Direct,OUT,MGR KOM HYD,MGRKOM,2026-10-07 17:05:53,2026-10-07,Harley's - HYD - Kompally,KOM,2026-10-07 17:05:53
NEW63,Cafe Mocha,ea,Coffee Brews (Hot),Product,Direct,OUT,MGR KOM HYD,MGRKOM,2026-10-07 17:05:53,2026-10-07,Harley's - HYD - Kompally,KOM,2026-10-07 17:05:53
NEW62,Roasted Hazelnut Cappuccino,ea,Coffee Brews (Hot),Product,Direct,OUT,MGR KOM HYD,MGRKOM,2026-10-07 17:05:53,2026-10-07,Harley's - HYD - Kompally,KOM,2026-10-07 17:05:53
NEW61,Espresso (Doppio),ea,Coffee Brews (Hot),Product,Direct,OUT,MGR KOM HYD,MGRKOM,2026-10-07 17:05:53,2026-10-07,Harley's - HYD - Kompally,KOM,2026-10-07 17:05:53
NEW60,Cafe Latte,ea,Coffee Brews (Hot),Product,Direct,OUT,MGR KOM HYD,MGRKOM,2026-10-07 17:05:53,2026-10-07,Harley's - HYD - Kompally,KOM,2026-10-07 17:05:53
NEW59,Italian Cappuccino,ea,Coffee Brews (Hot),Product,Direct,OUT,MGR KOM HYD,MGRKOM,2026-10-07 17:05:53,2026-10-07,Harley's - HYD - Kompally,KOM,2026-10-07 17:05:53
NEW58,Classic Americano,ea,Coffee Brews (Hot),Product,Direct,OUT,MGR KOM HYD,MGRKOM,2026-10-07 17:05:53,2026-10-07,Harley's - HYD - Kompally,KOM,2026-10-07 17:05:53
47,Double Chocolate Bar Cake (250 gms),ea,Barcakes & Muffins,Product,Direct,OUT,MGR KOM HYD,MGRKOM,2026-10-07 20:10:47,2026-10-07,Harley's - HYD - Kompally,KOM,2026-10-07 20:10:47
31,Chef's Favourite Blueberry Cheesecake,ea,Harley's Gourmet Celebration Cheesecakes,Product,Direct,IN,MGR MAD HYD,MGRMAD,2026-10-07 10:33:06,2026-10-07,Harley's - HYD - Madhapur,MAD,2026-10-07 10:33:06
119,Smoky Caramel Cheesecake,ea,Harley's Gourmet Celebration Cheesecakes,Product,Direct,IN,MGR MAD HYD,MGRMAD,2026-10-07 12:29:58,2026-10-07,Harley's - HYD - Madhapur,MAD,2026-10-07 12:29:58
118,Smoky Caramel Cheesecake,ea,Harley's Gourmet Celebration Cheesecakes,Product,Direct,IN,MGR MAD HYD,MGRMAD,2026-10-07 12:29:58,2026-10-07,Harley's - HYD - Madhapur,MAD,2026-10-07 12:29:58
27,Blueberry Muffin (Pack Of 2),ea,Barcakes & Muffins,Product,Direct,IN,MGR MAD HYD,MGRMAD,2026-10-07 12:30:46,2026-10-07,Harley's - HYD - Madhapur,MAD,2026-10-07 12:30:46
TB22,Pistachio Bento Cheesecake,ea,Party Cheesecakes,Product,Direct,OUT,MGR MAD HYD,MGRMAD,2026-10-07 14:45:30,2026-10-07,Harley's - HYD - Madhapur,MAD,2026-10-07 14:45:30
TB21,Lotus Biscoff Bento Cheesecake,ea,Party Cheesecakes,Product,Direct,OUT,MGR MAD HYD,MGRMAD,2026-10-07 14:45:30,2026-10-07,Harley's - HYD - Madhapur,MAD,2026-10-07 14:45:30
TB20,Nutella Bento Cheesecake,ea,Party Cheesecakes,Product,Direct,OUT,MGR MAD HYD,MGRMAD,2026-10-07 14:45:30,2026-10-07,Harley's - HYD - Madhapur,MAD,2026-10-07 14:45:30
TB19,Blueberry Bento Cheesecake,ea,Party Cheesecakes,Product,Direct,OUT,MGR MAD HYD,MGRMAD,2026-10-07 14:45:30,2026-10-07,Harley's - HYD - Madhapur,MAD,2026-10-07 14:45:30
TB18,Tiramisu Bento Cheesecake,ea,Party Cheesecakes,Product,Direct,OUT,MGR MAD HYD,MGRMAD,2026-10-07 14:45:30,2026-10-07,Harley's - HYD - Madhapur,MAD,2026-10-07 14:45:30
TB17,Strawberry Bento Cheesecake,ea,Party Cheesecakes,Product,Direct,OUT,MGR MAD HYD,MGRMAD,2026-10-07 14:45:30,2026-10-07,Harley's - HYD - Madhapur,MAD,2026-10-07 14:45:30
TB16,Caramel Bento Cheesecake,ea,Party Cheesecakes,Product,Direct,OUT,MGR MAD HYD,MGRMAD,2026-10-07 14:45:30,2026-10-07,Harley's - HYD - Madhapur,MAD,2026-10-07 14:45:30
TB15,Chocolate Bento Cheesecake,ea,Party Cheesecakes,Product,Direct,OUT,MGR MAD HYD,MGRMAD,2026-10-07 14:45:30,2026-10-07,Harley's - HYD - Madhapur,MAD,2026-10-07 14:45:30
TB14,Hazelnut Bento Cheesecake,ea,Party Cheesecakes,Product,Direct,OUT,MGR MAD HYD,MGRMAD,2026-10-07 14:45:30,2026-10-07,Harley's - HYD - Madhapur,MAD,2026-10-07 14:45:30
78,Lotus Biscoff Cheesecake With Macaron,ea,Finely Baked Cheesecake Pastry,Product,Direct,OUT,MGR MAD HYD,MGRMAD,2026-10-07 14:45:30,2026-10-07,Harley's - HYD - Madhapur,MAD,2026-10-07 14:45:30
51,Ferrero Nutella Cheesecake With Macaron,ea,Finely Baked Cheesecake Pastry,Product,Direct,OUT,MGR MAD HYD,MGRMAD,2026-10-07 14:45:30,2026-10-07,Harley's - HYD - Madhapur,MAD,2026-10-07 14:45:30
41,Danish Hazelnut Cheesecake With Macaron,ea,Finely Baked Cheesecake Pastry,Product,Direct,OUT,MGR MAD HYD,MGRMAD,2026-10-07 14:45:30,2026-10-07,Harley's - HYD - Madhapur,MAD,2026-10-07 14:45:30
32,Chef's Favourite Blueberry Cheesecake With Macaron,ea,Finely Baked Cheesecake Pastry,Product,Direct,OUT,MGR MAD HYD,MGRMAD,2026-10-07 14:45:30,2026-10-07,Harley's - HYD - Madhapur,MAD,2026-10-07 14:45:30
21,Belgium Chocolate Cheesecake With Macaron,ea,Finely Baked Cheesecake Pastry,Product,Direct,OUT,MGR MAD HYD,MGRMAD,2026-10-07 14:45:30,2026-10-07,Harley's - HYD - Madhapur,MAD,2026-10-07 14:45:30
39,Danish Hazelnut Cheesecake,ea,Harley's Gourmet Celebration Cheesecakes,Product,Direct,OUT,MGR MAD HYD,MGRMAD,2026-10-07 14:51:22,2026-10-07,Harley's - HYD - Madhapur,MAD,2026-10-07 14:51:22
30,Chef's Favourite Blueberry Cheesecake,ea,Harley's Gourmet Celebration Cheesecakes,Product,Direct,OUT,MGR MAD HYD,MGRMAD,2026-10-07 14:51:22,2026-10-07,Harley's - HYD - Madhapur,MAD,2026-10-07 14:51:22
31,Chef's Favourite Blueberry Cheesecake,ea,Harley's Gourmet Celebration Cheesecakes,Product,Direct,OUT,MGR MAD HYD,MGRMAD,2026-10-07 14:51:22,2026-10-07,Harley's - HYD - Madhapur,MAD,2026-10-07 14:51:22
96,Pack Of 9 Cheesecakes And 6 Macarons,ea,All Time Favourite Combinations,Product,Direct,OUT,MGR MAD HYD,MGRMAD,2026-10-07 14:51:22,2026-10-07,Harley's - HYD - Madhapur,MAD,2026-10-07 14:51:22
94,Pack Of 6 Cheesecakes And 12 Macarons,ea,All Time Favourite Combinations,Product,Direct,OUT,MGR MAD HYD,MGRMAD,2026-10-07 14:51:22,2026-10-07,Harley's - HYD - Madhapur,MAD,2026-10-07 14:51:22
92,Pack Of 4 Cheesecakes And 4 Macarons,ea,All Time Favourite Combinations,Product,Direct,OUT,MGR MAD HYD,MGRMAD,2026-10-07 14:51:22,2026-10-07,Harley's - HYD - Madhapur,MAD,2026-10-07 14:51:22
133,Assorted Cheesecakes (Pack Of 6),ea,Harley's Sweet Home Assortments,Product,Direct,OUT,MGR MAD HYD,MGRMAD,2026-10-07 14:51:22,2026-10-07,Harley's - HYD - Madhapur,MAD,2026-10-07 14:51:22
132,Assorted Cheesecakes (Pack Of 12),ea,Harley's Sweet Home Assortments,Product,Direct,OUT,MGR MAD HYD,MGRMAD,2026-10-07 14:51:22,2026-10-07,Harley's - HYD - Madhapur,MAD,2026-10-07 14:51:22
40,Danish Hazelnut Cheesecake,ea,Harley's Gourmet Celebration Cheesecakes,Product,Direct,OUT,MGR MAD HYD,MGRMAD,2026-10-07 14:51:22,2026-10-07,Harley's - HYD - Madhapur,MAD,2026-10-07 14:51:22
76,Lotus Biscoff Cheesecake,ea,Harley's Gourmet Celebration Cheesecakes,Product,Direct,OUT,MGR MAD HYD,MGRMAD,2026-10-07 14:51:22,2026-10-07,Harley's - HYD - Madhapur,MAD,2026-10-07 14:51:22
77,Lotus Biscoff Cheesecake,ea,Harley's Gourmet Celebration Cheesecakes,Product,Direct,OUT,MGR MAD HYD,MGRMAD,2026-10-07 14:51:22,2026-10-07,Harley's - HYD - Madhapur,MAD,2026-10-07 14:51:22
20,Belgium Chocolate Cheesecake,ea,Harley's Gourmet Celebration Cheesecakes,Product,Direct,OUT,MGR MAD HYD,MGRMAD,2026-10-07 14:51:22,2026-10-07,Harley's - HYD - Madhapur,MAD,2026-10-07 14:51:22
19,Belgium Chocolate Cheesecake,ea,Harley's Gourmet Celebration Cheesecakes,Product,Direct,OUT,MGR MAD HYD,MGRMAD,2026-10-07 14:51:22,2026-10-07,Harley's - HYD - Madhapur,MAD,2026-10-07 14:51:22
50,Ferrero Nutella Cheesecake,ea,Harley's Gourmet Celebration Cheesecakes,Product,Direct,OUT,MGR MAD HYD,MGRMAD,2026-10-07 14:51:22,2026-10-07,Harley's - HYD - Madhapur,MAD,2026-10-07 14:51:22
49,Ferrero Nutella Cheesecake,ea,Harley's Gourmet Celebration Cheesecakes,Product,Direct,OUT,MGR MAD HYD,MGRMAD,2026-10-07 14:51:22,2026-10-07,Harley's - HYD - Madhapur,MAD,2026-10-07 14:51:22
118,Smoky Caramel Cheesecake,ea,Harley's Gourmet Celebration Cheesecakes,Product,Direct,OUT,MGR MAD HYD,MGRMAD,2026-10-07 14:51:22,2026-10-07,Harley's - HYD - Madhapur,MAD,2026-10-07 14:51:22
119,Smoky Caramel Cheesecake,ea,Harley's Gourmet Celebration Cheesecakes,Product,Direct,OUT,MGR MAD HYD,MGRMAD,2026-10-07 14:51:22,2026-10-07,Harley's - HYD - Madhapur,MAD,2026-10-07 14:51:22
27,Blueberry Muffin (Pack Of 2),ea,Barcakes & Muffins,Product,Direct,OUT,MGR MAD HYD,MGRMAD,2026-10-07 15:12:31,2026-10-07,Harley's - HYD - Madhapur,MAD,2026-10-07 15:12:31
120,Smoky Caramel Cheesecake With Macaron,ea,Finely Baked Cheesecake Pastry,Product,Direct,IN,MGR MAD HYD,MGRMAD,2026-10-07 15:55:24,2026-10-07,Harley's - HYD - Madhapur,MAD,2026-10-07 15:55:24
TB22,Pistachio Bento Cheesecake,ea,Party Cheesecakes,Product,Direct,IN,MGR MAD HYD,MGRMAD,2026-10-07 15:55:24,2026-10-07,Harley's - HYD - Madhapur,MAD,2026-10-07 15:55:24
TB21,Lotus Biscoff Bento Cheesecake,ea,Party Cheesecakes,Product,Direct,IN,MGR MAD HYD,MGRMAD,2026-10-07 15:55:24,2026-10-07,Harley's - HYD - Madhapur,MAD,2026-10-07 15:55:24
TB20,Nutella Bento Cheesecake,ea,Party Cheesecakes,Product,Direct,IN,MGR MAD HYD,MGRMAD,2026-10-07 15:55:24,2026-10-07,Harley's - HYD - Madhapur,MAD,2026-10-07 15:55:24
TB19,Blueberry Bento Cheesecake,ea,Party Cheesecakes,Product,Direct,IN,MGR MAD HYD,MGRMAD,2026-10-07 15:55:24,2026-10-07,Harley's - HYD - Madhapur,MAD,2026-10-07 15:55:24
TB18,Tiramisu Bento Cheesecake,ea,Party Cheesecakes,Product,Direct,IN,MGR MAD HYD,MGRMAD,2026-10-07 15:55:24,2026-10-07,Harley's - HYD - Madhapur,MAD,2026-10-07 15:55:24
TB17,Strawberry Bento Cheesecake,ea,Party Cheesecakes,Product,Direct,IN,MGR MAD HYD,MGRMAD,2026-10-07 15:55:24,2026-10-07,Harley's - HYD - Madhapur,MAD,2026-10-07 15:55:24
TB16,Caramel Bento Cheesecake,ea,Party Cheesecakes,Product,Direct,IN,MGR MAD HYD,MGRMAD,2026-10-07 15:55:24,2026-10-07,Harley's - HYD - Madhapur,MAD,2026-10-07 15:55:24
TB15,Chocolate Bento Cheesecake,ea,Party Cheesecakes,Product,Direct,IN,MGR MAD HYD,MGRMAD,2026-10-07 15:55:24,2026-10-07,Harley's - HYD - Madhapur,MAD,2026-10-07 15:55:24
TB14,Hazelnut Bento Cheesecake,ea,Party Cheesecakes,Product,Direct,IN,MGR MAD HYD,MGRMAD,2026-10-07 15:55:24,2026-10-07,Harley's - HYD - Madhapur,MAD,2026-10-07 15:55:24
78,Lotus Biscoff Cheesecake With Macaron,ea,Finely Baked Cheesecake Pastry,Product,Direct,IN,MGR MAD HYD,MGRMAD,2026-10-07 15:55:24,2026-10-07,Harley's - HYD - Madhapur,MAD,2026-10-07 15:55:24
51,Ferrero Nutella Cheesecake With Macaron,ea,Finely Baked Cheesecake Pastry,Product,Direct,IN,MGR MAD HYD,MGRMAD,2026-10-07 15:55:24,2026-10-07,Harley's - HYD - Madhapur,MAD,2026-10-07 15:55:24
41,Danish Hazelnut Cheesecake With Macaron,ea,Finely Baked Cheesecake Pastry,Product,Direct,IN,MGR MAD HYD,MGRMAD,2026-10-07 15:55:24,2026-10-07,Harley's - HYD - Madhapur,MAD,2026-10-07 15:55:24
32,Chef's Favourite Blueberry Cheesecake With Macaron,ea,Finely Baked Cheesecake Pastry,Product,Direct,IN,MGR MAD HYD,MGRMAD,2026-10-07 15:55:24,2026-10-07,Harley's - HYD - Madhapur,MAD,2026-10-07 15:55:24
21,Belgium Chocolate Cheesecake With Macaron,ea,Finely Baked Cheesecake Pastry,Product,Direct,IN,MGR MAD HYD,MGRMAD,2026-10-07 15:55:24,2026-10-07,Harley's - HYD - Madhapur,MAD,2026-10-07 15:55:24
39,Danish Hazelnut Cheesecake,ea,Harley's Gourmet Celebration Cheesecakes,Product,Direct,IN,MGR MAD HYD,MGRMAD,2026-10-07 15:55:24,2026-10-07,Harley's - HYD - Madhapur,MAD,2026-10-07 15:55:24
30,Chef's Favourite Blueberry Cheesecake,ea,Harley's Gourmet Celebration Cheesecakes,Product,Direct,IN,MGR MAD HYD,MGRMAD,2026-10-07 15:55:24,2026-10-07,Harley's - HYD - Madhapur,MAD,2026-10-07 15:55:24
31,Chef's Favourite Blueberry Cheesecake,ea,Harley's Gourmet Celebration Cheesecakes,Product,Direct,IN,MGR MAD HYD,MGRMAD,2026-10-07 15:55:24,2026-10-07,Harley's - HYD - Madhapur,MAD,2026-10-07 15:55:24
40,Danish Hazelnut Cheesecake,ea,Harley's Gourmet Celebration Cheesecakes,Product,Direct,IN,MGR MAD HYD,MGRMAD,2026-10-07 15:55:24,2026-10-07,Harley's - HYD - Madhapur,MAD,2026-10-07 15:55:24
76,Lotus Biscoff Cheesecake,ea,Harley's Gourmet Celebration Cheesecakes,Product,Direct,IN,MGR MAD HYD,MGRMAD,2026-10-07 15:55:24,2026-10-07,Harley's - HYD - Madhapur,MAD,2026-10-07 15:55:24
77,Lotus Biscoff Cheesecake,ea,Harley's Gourmet Celebration Cheesecakes,Product,Direct,IN,MGR MAD HYD,MGRMAD,2026-10-07 15:55:24,2026-10-07,Harley's - HYD - Madhapur,MAD,2026-10-07 15:55:24
20,Belgium Chocolate Cheesecake,ea,Harley's Gourmet Celebration Cheesecakes,Product,Direct,IN,MGR MAD HYD,MGRMAD,2026-10-07 15:55:24,2026-10-07,Harley's - HYD - Madhapur,MAD,2026-10-07 15:55:24
19,Belgium Chocolate Cheesecake,ea,Harley's Gourmet Celebration Cheesecakes,Product,Direct,IN,MGR MAD HYD,MGRMAD,2026-10-07 15:55:24,2026-10-07,Harley's - HYD - Madhapur,MAD,2026-10-07 15:55:24
50,Ferrero Nutella Cheesecake,ea,Harley's Gourmet Celebration Cheesecakes,Product,Direct,IN,MGR MAD HYD,MGRMAD,2026-10-07 15:55:24,2026-10-07,Harley's - HYD - Madhapur,MAD,2026-10-07 15:55:24
49,Ferrero Nutella Cheesecake,ea,Harley's Gourmet Celebration Cheesecakes,Product,Direct,IN,MGR MAD HYD,MGRMAD,2026-10-07 15:55:24,2026-10-07,Harley's - HYD - Madhapur,MAD,2026-10-07 15:55:24
118,Smoky Caramel Cheesecake,ea,Harley's Gourmet Celebration Cheesecakes,Product,Direct,IN,MGR MAD HYD,MGRMAD,2026-10-07 15:55:24,2026-10-07,Harley's - HYD - Madhapur,MAD,2026-10-07 15:55:24
119,Smoky Caramel Cheesecake,ea,Harley's Gourmet Celebration Cheesecakes,Product,Direct,IN,MGR MAD HYD,MGRMAD,2026-10-07 15:55:24,2026-10-07,Harley's - HYD - Madhapur,MAD,2026-10-07 15:55:24
96,Pack Of 9 Cheesecakes And 6 Macarons,ea,All Time Favourite Combinations,Product,Direct,IN,MGR MAD HYD,MGRMAD,2026-10-07 16:04:24,2026-10-07,Harley's - HYD - Madhapur,MAD,2026-10-07 16:04:24
94,Pack Of 6 Cheesecakes And 12 Macarons,ea,All Time Favourite Combinations,Product,Direct,IN,MGR MAD HYD,MGRMAD,2026-10-07 16:04:24,2026-10-07,Harley's - HYD - Madhapur,MAD,2026-10-07 16:04:24
92,Pack Of 4 Cheesecakes And 4 Macarons,ea,All Time Favourite Combinations,Product,Direct,IN,MGR MAD HYD,MGRMAD,2026-10-07 16:04:24,2026-10-07,Harley's - HYD - Madhapur,MAD,2026-10-07 16:04:24
133,Assorted Cheesecakes (Pack Of 6),ea,Harley's Sweet Home Assortments,Product,Direct,IN,MGR MAD HYD,MGRMAD,2026-10-07 16:04:24,2026-10-07,Harley's - HYD - Madhapur,MAD,2026-10-07 16:04:24
132,Assorted Cheesecakes (Pack Of 12),ea,Harley's Sweet Home Assortments,Product,Direct,IN,MGR MAD HYD,MGRMAD,2026-10-07 16:04:24,2026-10-07,Harley's - HYD - Madhapur,MAD,2026-10-07 16:04:24
73,Italian Tiramisu Medovik Cake,ea,Harley's Grand Celebration Medovik Cakes,Product,Direct,OUT,MGR MAD HYD,MGRMAD,2026-10-07 19:01:47,2026-10-07,Harley's - HYD - Madhapur,MAD,2026-10-07 19:01:47
212,London Viral Whipped Caramel Medovik Cake,ea,Harley's Grand Celebration Medovik Cakes,Product,Direct,OUT,MGR MAD HYD,MGRMAD,2026-10-07 19:01:47,2026-10-07,Harley's - HYD - Madhapur,MAD,2026-10-07 19:01:47
214,London Viral Whipped Caramel Medovik With Macaron,ea,Harley's Signature Medovik Pastry,Product,Direct,OUT,MGR MAD HYD,MGRMAD,2026-10-07 19:01:56,2026-10-07,Harley's - HYD - Madhapur,MAD,2026-10-07 19:01:56
20,Belgium Chocolate Cheesecake,ea,Harley's Gourmet Celebration Cheesecakes,Product,Direct,OUT,MGR MAD HYD,MGRMAD,2026-10-07 19:41:41,2026-10-07,Harley's - HYD - Madhapur,MAD,2026-10-07 19:41:41
40,Danish Hazelnut Cheesecake,ea,Harley's Gourmet Celebration Cheesecakes,Product,Direct,OUT,MGR MAD HYD,MGRMAD,2026-10-07 19:41:41,2026-10-07,Harley's - HYD - Madhapur,MAD,2026-10-07 19:41:41
50,Ferrero Nutella Cheesecake,ea,Harley's Gourmet Celebration Cheesecakes,Product,Direct,OUT,MGR MAD HYD,MGRMAD,2026-10-07 21:04:35,2026-10-07,Harley's - HYD - Madhapur,MAD,2026-10-07 21:04:35
77,Lotus Biscoff Cheesecake,ea,Harley's Gourmet Celebration Cheesecakes,Product,Direct,OUT,MGR MAD HYD,MGRMAD,2026-10-07 21:04:35,2026-10-07,Harley's - HYD - Madhapur,MAD,2026-10-07 21:04:35
31,Chef's Favourite Blueberry Cheesecake,ea,Harley's Gourmet Celebration Cheesecakes,Product,Direct,OUT,MGR MAD HYD,MGRMAD,2026-10-07 21:04:35,2026-10-07,Harley's - HYD - Madhapur,MAD,2026-10-07 21:04:35
105,Premium Banana Walnut Bar Cake (250 Gms),ea,Barcakes & Muffins,Product,Direct,OUT,MGR MAD HYD,MGRMAD,2026-10-07 21:05:19,2026-10-07,Harley's - HYD - Madhapur,MAD,2026-10-07 21:05:19
100,Pistachio Delight Medovik Cake,ea,Harley's Grand Celebration Medovik Cakes,Product,Direct,IN,MAN HYD,MAN1,2026-10-07 07:51:03,2026-10-07,Harley's - HYD - Manikonda,MAN,2026-10-07 07:51:03
101,Pistachio Delight Medovik Cake,ea,Harley's Grand Celebration Medovik Cakes,Product,Direct,IN,MAN HYD,MAN1,2026-10-07 07:51:03,2026-10-07,Harley's - HYD - Manikonda,MAN,2026-10-07 07:51:03
73,Italian Tiramisu Medovik Cake,ea,Harley's Grand Celebration Medovik Cakes,Product,Direct,IN,MAN HYD,MAN1,2026-10-07 07:51:03,2026-10-07,Harley's - HYD - Manikonda,MAN,2026-10-07 07:51:03
72,Italian Tiramisu Medovik Cake,ea,Harley's Grand Celebration Medovik Cakes,Product,Direct,IN,MAN HYD,MAN1,2026-10-07 07:51:03,2026-10-07,Harley's - HYD - Manikonda,MAN,2026-10-07 07:51:03
K3G9,Customized Cake,ea,Harley's Grand Celebration Medovik Cakes,Product,Direct,IN,MAN HYD,MAN1,2026-10-07 07:51:03,2026-10-07,Harley's - HYD - Manikonda,MAN,2026-10-07 07:51:03
216,London Viral Whipped Caramel Medovik W/O Macaron,ea,Harley's Signature Medovik Pastry W/O Macaron,Product,Direct,IN,MAN HYD,MAN1,2026-10-07 07:51:03,2026-10-07,Harley's - HYD - Manikonda,MAN,2026-10-07 07:51:03
NEW175,Signature Belgium Chocolate Medovik Pastry,ea,Harley's Signature Medovik Pastry W/O Macaron,Product,Direct,IN,MAN HYD,MAN1,2026-10-07 07:51:03,2026-10-07,Harley's - HYD - Manikonda,MAN,2026-10-07 07:51:03
NEW174,Swiss Black & White Medovik Pastry,ea,Harley's Signature Medovik Pastry W/O Macaron,Product,Direct,IN,MAN HYD,MAN1,2026-10-07 07:51:03,2026-10-07,Harley's - HYD - Manikonda,MAN,2026-10-07 07:51:03
NEW173,Sparkling Dark Chocolate Medovik Pastry,ea,Harley's Signature Medovik Pastry W/O Macaron,Product,Direct,IN,MAN HYD,MAN1,2026-10-07 07:51:03,2026-10-07,Harley's - HYD - Manikonda,MAN,2026-10-07 07:51:03
NEW171,Pistachio Delight Medovik Pastry,ea,Harley's Signature Medovik Pastry W/O Macaron,Product,Direct,IN,MAN HYD,MAN1,2026-10-07 07:51:03,2026-10-07,Harley's - HYD - Manikonda,MAN,2026-10-07 07:51:03
NEW172,Premium Butterscotch Medovik Pastry,ea,Harley's Signature Medovik Pastry W/O Macaron,Product,Direct,IN,MAN HYD,MAN1,2026-10-07 07:51:03,2026-10-07,Harley's - HYD - Manikonda,MAN,2026-10-07 07:51:03
NEW169,Italian Tiramisu Medovik Pastry,ea,Harley's Signature Medovik Pastry W/O Macaron,Product,Direct,IN,MAN HYD,MAN1,2026-10-07 07:51:03,2026-10-07,Harley's - HYD - Manikonda,MAN,2026-10-07 07:51:03
NEW170,Lotus Biscoff Medovik Pastry,ea,Harley's Signature Medovik Pastry W/O Macaron,Product,Direct,IN,MAN HYD,MAN1,2026-10-07 07:51:03,2026-10-07,Harley's - HYD - Manikonda,MAN,2026-10-07 07:51:03
NEW168,Harley's Spl. Classic Russian Medovik Pastry,ea,Harley's Signature Medovik Pastry W/O Macaron,Product,Direct,IN,MAN HYD,MAN1,2026-10-07 07:51:03,2026-10-07,Harley's - HYD - Manikonda,MAN,2026-10-07 07:51:03
NEW167,French Vanilla Rose Medovik Pastry,ea,Harley's Signature Medovik Pastry W/O Macaron,Product,Direct,IN,MAN HYD,MAN1,2026-10-07 07:51:03,2026-10-07,Harley's - HYD - Manikonda,MAN,2026-10-07 07:51:03
NEW166,Ferrero Nutella Medovik Pastry,ea,Harley's Signature Medovik Pastry W/O Macaron,Product,Direct,IN,MAN HYD,MAN1,2026-10-07 07:51:03,2026-10-07,Harley's - HYD - Manikonda,MAN,2026-10-07 07:51:03
NEW165,Danish Hazelnut Chocolate Medovik Pastry,ea,Harley's Signature Medovik Pastry W/O Macaron,Product,Direct,IN,MAN HYD,MAN1,2026-10-07 07:51:03,2026-10-07,Harley's - HYD - Manikonda,MAN,2026-10-07 07:51:03
NEW164,Austrian White Forest Medovik Pastry,ea,Harley's Signature Medovik Pastry W/O Macaron,Product,Direct,IN,MAN HYD,MAN1,2026-10-07 07:51:03,2026-10-07,Harley's - HYD - Manikonda,MAN,2026-10-07 07:51:03
102,Pistachio Delight Medovik With Macaron,ea,Harley's Signature Medovik Pastry,Product,Direct,IN,MAN HYD,MAN1,2026-10-07 07:51:03,2026-10-07,Harley's - HYD - Manikonda,MAN,2026-10-07 07:51:03
74,Italian Tiramisu Medovik With Macaron,ea,Harley's Signature Medovik Pastry,Product,Direct,IN,MAN HYD,MAN1,2026-10-07 07:51:03,2026-10-07,Harley's - HYD - Manikonda,MAN,2026-10-07 07:51:03
K3G17,Caffe Latte,ea,Coffee Brews (Hot),Product,Direct,IN,MAN HYD,MAN1,2026-10-07 07:51:03,2026-10-07,Harley's - HYD - Manikonda,MAN,2026-10-07 07:51:03
NEW63,Cafe Mocha,ea,Coffee Brews (Hot),Product,Direct,IN,MAN HYD,MAN1,2026-10-07 07:51:03,2026-10-07,Harley's - HYD - Manikonda,MAN,2026-10-07 07:51:03
NEW62,Roasted Hazelnut Cappuccino,ea,Coffee Brews (Hot),Product,Direct,IN,MAN HYD,MAN1,2026-10-07 07:51:03,2026-10-07,Harley's - HYD - Manikonda,MAN,2026-10-07 07:51:03
NEW59,Italian Cappuccino,ea,Coffee Brews (Hot),Product,Direct,IN,MAN HYD,MAN1,2026-10-07 07:51:03,2026-10-07,Harley's - HYD - Manikonda,MAN,2026-10-07 07:51:03
NEW60,Cafe Latte,ea,Coffee Brews (Hot),Product,Direct,IN,MAN HYD,MAN1,2026-10-07 07:51:03,2026-10-07,Harley's - HYD - Manikonda,MAN,2026-10-07 07:51:03
NEW61,Espresso (Doppio),ea,Coffee Brews (Hot),Product,Direct,IN,MAN HYD,MAN1,2026-10-07 07:51:03,2026-10-07,Harley's - HYD - Manikonda,MAN,2026-10-07 07:51:03
NEW58,Classic Americano,ea,Coffee Brews (Hot),Product,Direct,IN,MAN HYD,MAN1,2026-10-07 07:51:03,2026-10-07,Harley's - HYD - Manikonda,MAN,2026-10-07 07:51:03
K3G13,Customized Cake Decoration Add-on,ea,ADD ONS,Product,Direct,IN,MAN HYD,MAN1,2026-10-07 07:51:03,2026-10-07,Harley's - HYD - Manikonda,MAN,2026-10-07 07:51:03
157,Ferrero Nutella Brownie with Hazelnut Crocante (Pack of 2),ea,Harley's Special Brownies,Product,Direct,IN,MAN HYD,MAN1,2026-10-07 07:51:03,2026-10-07,Harley's - HYD - Manikonda,MAN,2026-10-07 07:51:03
155,Belgium Chocolate Brownie (Pack of 2),ea,Harley's Special Brownies,Product,Direct,IN,MAN HYD,MAN1,2026-10-07 07:51:03,2026-10-07,Harley's - HYD - Manikonda,MAN,2026-10-07 07:51:03
156,Classic Walnut Fudge Brownie (Pack of 2),ea,Harley's Special Brownies,Product,Direct,IN,MAN HYD,MAN1,2026-10-07 07:51:03,2026-10-07,Harley's - HYD - Manikonda,MAN,2026-10-07 07:51:03
IC1,Mango Ice cream,ea,Cocoa Brews (Chocolate Frappe),Product,Direct,IN,MAN HYD,MAN1,2026-10-07 07:51:03,2026-10-07,Harley's - HYD - Manikonda,MAN,2026-10-07 07:51:03
NEW56,Signature Cold Coffee Frappe,ea,Cocoa Brews (Chocolate Frappe),Product,Direct,IN,MAN HYD,MAN1,2026-10-07 07:51:03,2026-10-07,Harley's - HYD - Manikonda,MAN,2026-10-07 07:51:03
NEW47,Belgium Double Chocolate Frappe,ea,Cocoa Brews (Chocolate Frappe),Product,Direct,IN,MAN HYD,MAN1,2026-10-07 07:51:03,2026-10-07,Harley's - HYD - Manikonda,MAN,2026-10-07 07:51:03
NEW45,Danish Hazelnut Chocolate Frappe,ea,Cocoa Brews (Chocolate Frappe),Product,Direct,IN,MAN HYD,MAN1,2026-10-07 07:51:03,2026-10-07,Harley's - HYD - Manikonda,MAN,2026-10-07 07:51:03
NEW46,American Almond Chocolate Frappe,ea,Cocoa Brews (Chocolate Frappe),Product,Direct,IN,MAN HYD,MAN1,2026-10-07 07:51:03,2026-10-07,Harley's - HYD - Manikonda,MAN,2026-10-07 07:51:03
NEW44,Dubai Pistachio Chocolate Frappe,ea,Cocoa Brews (Chocolate Frappe),Product,Direct,IN,MAN HYD,MAN1,2026-10-07 07:51:03,2026-10-07,Harley's - HYD - Manikonda,MAN,2026-10-07 07:51:03
135,Assorted French Macarons (Pack Of 24),ea,Harley's Sweet Home Assortments,Product,Direct,IN,MAN HYD,MAN1,2026-10-07 07:51:03,2026-10-07,Harley's - HYD - Manikonda,MAN,2026-10-07 07:51:03
NEW204,Exotic Tresley Cakes (Pack of 6),ea,Harley's Sweet Home Assortments,Product,Direct,IN,MAN HYD,MAN1,2026-10-07 07:51:03,2026-10-07,Harley's - HYD - Manikonda,MAN,2026-10-07 07:51:03
NEW203,Water 750ml,ea,Water,Product,Direct,IN,MAN HYD,MAN1,2026-10-07 07:51:03,2026-10-07,Harley's - HYD - Manikonda,MAN,2026-10-07 07:51:03
NEW202,Exotic Veg & Cheese Sandwich,ea,Steamy Croissants,Product,Direct,IN,MAN HYD,MAN1,2026-10-07 07:51:03,2026-10-07,Harley's - HYD - Manikonda,MAN,2026-10-07 07:51:03
NEW201,Jalapeno Cottage Cheese Sandwich,ea,Steamy Croissants,Product,Direct,IN,MAN HYD,MAN1,2026-10-07 07:51:03,2026-10-07,Harley's - HYD - Manikonda,MAN,2026-10-07 07:51:03
NEW200,Creamy Roasted Spinach Sandwich,ea,Steamy Croissants,Product,Direct,IN,MAN HYD,MAN1,2026-10-07 07:51:03,2026-10-07,Harley's - HYD - Manikonda,MAN,2026-10-07 07:51:03
NEW199,Croissant Maska (Regional Fusion),ea,Steamy Croissants,Product,Direct,IN,MAN HYD,MAN1,2026-10-07 07:51:03,2026-10-07,Harley's - HYD - Manikonda,MAN,2026-10-07 07:51:03
NEW187,Swiss Black And White Medovik -50g,ea,Harley's Signature Mini-Medovik,Product,Direct,IN,MAN HYD,MAN1,2026-10-07 07:51:03,2026-10-07,Harley's - HYD - Manikonda,MAN,2026-10-07 07:51:03
NEW186,Sparkling Dark Chocolate Medovik - 50g,ea,Harley's Signature Mini-Medovik,Product,Direct,IN,MAN HYD,MAN1,2026-10-07 07:51:03,2026-10-07,Harley's - HYD - Manikonda,MAN,2026-10-07 07:51:03
NEW185,Premium Butterscotch Medovik -50g,ea,Harley's Signature Mini-Medovik,Product,Direct,IN,MAN HYD,MAN1,2026-10-07 07:51:03,2026-10-07,Harley's - HYD - Manikonda,MAN,2026-10-07 07:51:03
NEW184,Pistachio Delight Medovik -50g,ea,Harley's Signature Mini-Medovik,Product,Direct,IN,MAN HYD,MAN1,2026-10-07 07:51:03,2026-10-07,Harley's - HYD - Manikonda,MAN,2026-10-07 07:51:03
NEW183,Lotus Biscoff Medovik -50g,ea,Harley's Signature Mini-Medovik,Product,Direct,IN,MAN HYD,MAN1,2026-10-07 07:51:03,2026-10-07,Harley's - HYD - Manikonda,MAN,2026-10-07 07:51:03
NEW182,Italian Tiramisu Medovik -50g,ea,Harley's Signature Mini-Medovik,Product,Direct,IN,MAN HYD,MAN1,2026-10-07 07:51:03,2026-10-07,Harley's - HYD - Manikonda,MAN,2026-10-07 07:51:03
NEW181,Harley'S Spl. Classic Russian Medovik -50g,ea,Harley's Signature Mini-Medovik,Product,Direct,IN,MAN HYD,MAN1,2026-10-07 07:51:03,2026-10-07,Harley's - HYD - Manikonda,MAN,2026-10-07 07:51:03
NEW180,French Vanilla Rose Medovik-50g,ea,Harley's Signature Mini-Medovik,Product,Direct,IN,MAN HYD,MAN1,2026-10-07 07:51:03,2026-10-07,Harley's - HYD - Manikonda,MAN,2026-10-07 07:51:03
NEW176,Austrian White Forest Medovik -50g,ea,Harley's Signature Mini-Medovik,Product,Direct,IN,MAN HYD,MAN1,2026-10-07 07:51:03,2026-10-07,Harley's - HYD - Manikonda,MAN,2026-10-07 07:51:03
NEW177,Belgium Chocolate Medovik -50g,ea,Harley's Signature Mini-Medovik,Product,Direct,IN,MAN HYD,MAN1,2026-10-07 07:51:03,2026-10-07,Harley's - HYD - Manikonda,MAN,2026-10-07 07:51:03
NEW178,Danish Hazelnut Chocolate Medovik-50g,ea,Harley's Signature Mini-Medovik,Product,Direct,IN,MAN HYD,MAN1,2026-10-07 07:51:03,2026-10-07,Harley's - HYD - Manikonda,MAN,2026-10-07 07:51:03
NEW179,Ferrero Nutella Medovik -50g,ea,Harley's Signature Mini-Medovik,Product,Direct,IN,MAN HYD,MAN1,2026-10-07 07:51:03,2026-10-07,Harley's - HYD - Manikonda,MAN,2026-10-07 07:51:03
NEW138,Biscoff Kunafa Chocolate,ea,Harley's Alpha Kunafa Chocolates,Product,Direct,IN,MAN HYD,MAN1,2026-10-07 07:51:03,2026-10-07,Harley's - HYD - Manikonda,MAN,2026-10-07 07:51:03
NEW139,Belgium Kunafa Chocolate,ea,Harley's Alpha Kunafa Chocolates,Product,Direct,IN,MAN HYD,MAN1,2026-10-07 07:51:03,2026-10-07,Harley's - HYD - Manikonda,MAN,2026-10-07 07:51:03
NEW137,Danish Hazelnut Kunafa Chocolate,ea,Harley's Alpha Kunafa Chocolates,Product,Direct,IN,MAN HYD,MAN1,2026-10-07 07:51:03,2026-10-07,Harley's - HYD - Manikonda,MAN,2026-10-07 07:51:03
NEW136,Ruby Kunafa Chocolate,ea,Harley's Alpha Kunafa Chocolates,Product,Direct,IN,MAN HYD,MAN1,2026-10-07 07:51:03,2026-10-07,Harley's - HYD - Manikonda,MAN,2026-10-07 07:51:03
NEW135,Almond Kunafa Chocolate,ea,Harley's Alpha Kunafa Chocolates,Product,Direct,IN,MAN HYD,MAN1,2026-10-07 07:51:03,2026-10-07,Harley's - HYD - Manikonda,MAN,2026-10-07 07:51:03
NEW134,Pistachio Kunafa Chocolate,ea,Harley's Alpha Kunafa Chocolates,Product,Direct,IN,MAN HYD,MAN1,2026-10-07 07:51:03,2026-10-07,Harley's - HYD - Manikonda,MAN,2026-10-07 07:51:03
NEW119,Juicy Cottage Cheese Sandwich,ea,French Focaccia Bread,Product,Direct,IN,MAN HYD,MAN1,2026-10-07 07:51:03,2026-10-07,Harley's - HYD - Manikonda,MAN,2026-10-07 07:51:03
NEW118,Spinach & Corn Sandwich,ea,French Focaccia Bread,Product,Direct,IN,MAN HYD,MAN1,2026-10-07 07:51:03,2026-10-07,Harley's - HYD - Manikonda,MAN,2026-10-07 07:51:03
NEW116,Cilantro Paneer Sandwich,ea,French Focaccia Bread,Product,Direct,IN,MAN HYD,MAN1,2026-10-07 07:51:03,2026-10-07,Harley's - HYD - Manikonda,MAN,2026-10-07 07:51:03
NEW117,Roasted Veg & Cheese Sandwich,ea,French Focaccia Bread,Product,Direct,IN,MAN HYD,MAN1,2026-10-07 07:51:03,2026-10-07,Harley's - HYD - Manikonda,MAN,2026-10-07 07:51:03
NEW115,Smoky Caramel Cheesecake -50g,ea,Finely Baked Gourmet Mini-Cheesecake,Product,Direct,IN,MAN HYD,MAN1,2026-10-07 07:51:03,2026-10-07,Harley's - HYD - Manikonda,MAN,2026-10-07 07:51:03
NEW114,Pistachio Delight Crocante Cheesecake -50g,ea,Finely Baked Gourmet Mini-Cheesecake,Product,Direct,IN,MAN HYD,MAN1,2026-10-07 07:51:03,2026-10-07,Harley's - HYD - Manikonda,MAN,2026-10-07 07:51:03
NEW113,Lotus Biscoff Cheesecake -50g,ea,Finely Baked Gourmet Mini-Cheesecake,Product,Direct,IN,MAN HYD,MAN1,2026-10-07 07:51:03,2026-10-07,Harley's - HYD - Manikonda,MAN,2026-10-07 07:51:03
NEW111,Chef'S Favourite Blueberry Cheesecake -50g,ea,Finely Baked Gourmet Mini-Cheesecake,Product,Direct,IN,MAN HYD,MAN1,2026-10-07 07:51:03,2026-10-07,Harley's - HYD - Manikonda,MAN,2026-10-07 07:51:03
NEW112,Ferrero Nutella Cheesecake -50g,ea,Finely Baked Gourmet Mini-Cheesecake,Product,Direct,IN,MAN HYD,MAN1,2026-10-07 07:51:03,2026-10-07,Harley's - HYD - Manikonda,MAN,2026-10-07 07:51:03
NEW110,Danish Hazelnut Cheesecake - 50g,ea,Finely Baked Gourmet Mini-Cheesecake,Product,Direct,IN,MAN HYD,MAN1,2026-10-07 07:51:03,2026-10-07,Harley's - HYD - Manikonda,MAN,2026-10-07 07:51:03
NEW109,Smoky Caramel Cheesecake Pastry,ea,Finely Baked Gourmet Cheesecake Pastry W/O,Product,Direct,IN,MAN HYD,MAN1,2026-10-07 07:51:03,2026-10-07,Harley's - HYD - Manikonda,MAN,2026-10-07 07:51:03
NEW108,Lotus Biscoff Cheesecake Pastry,ea,Finely Baked Gourmet Cheesecake Pastry W/O,Product,Direct,IN,MAN HYD,MAN1,2026-10-07 07:51:03,2026-10-07,Harley's - HYD - Manikonda,MAN,2026-10-07 07:51:03
NEW107,Ferrero Nutella Cheesecake Pastry,ea,Finely Baked Gourmet Cheesecake Pastry W/O,Product,Direct,IN,MAN HYD,MAN1,2026-10-07 07:51:03,2026-10-07,Harley's - HYD - Manikonda,MAN,2026-10-07 07:51:03
NEW106,Chef's Favourite Blueberry Cheesecake Pastry,ea,Finely Baked Gourmet Cheesecake Pastry W/O,Product,Direct,IN,MAN HYD,MAN1,2026-10-07 07:51:03,2026-10-07,Harley's - HYD - Manikonda,MAN,2026-10-07 07:51:03
NEW105,Belgium Chocolate Cheesecake Pastry,ea,Finely Baked Gourmet Cheesecake Pastry W/O,Product,Direct,IN,MAN HYD,MAN1,2026-10-07 07:51:03,2026-10-07,Harley's - HYD - Manikonda,MAN,2026-10-07 07:51:03
NEW104,Danish Hazelnut Cheesecake Pastry,ea,Finely Baked Gourmet Cheesecake Pastry W/O,Product,Direct,IN,MAN HYD,MAN1,2026-10-07 07:51:03,2026-10-07,Harley's - HYD - Manikonda,MAN,2026-10-07 07:51:03
NEW103,Classic Butter Croissant,ea,Croissants,Product,Direct,IN,MAN HYD,MAN1,2026-10-07 07:51:03,2026-10-07,Harley's - HYD - Manikonda,MAN,2026-10-07 07:51:03
35,Classic Butter Croissants (Pack Of 2),ea,Croissants,Product,Direct,IN,MAN HYD,MAN1,2026-10-07 07:51:03,2026-10-07,Harley's - HYD - Manikonda,MAN,2026-10-07 07:51:03
22,Belgium Chocolate Criossant,ea,Croissants,Product,Direct,IN,MAN HYD,MAN1,2026-10-07 07:51:03,2026-10-07,Harley's - HYD - Manikonda,MAN,2026-10-07 07:51:03
NEW99,Spinach & Corn Croissant Burger,ea,Croissant Burgers,Product,Direct,IN,MAN HYD,MAN1,2026-10-07 07:51:03,2026-10-07,Harley's - HYD - Manikonda,MAN,2026-10-07 07:51:03
NEW100,Cheese Corn Croissant Burger,ea,Croissant Burgers,Product,Direct,IN,MAN HYD,MAN1,2026-10-07 07:51:03,2026-10-07,Harley's - HYD - Manikonda,MAN,2026-10-07 07:51:03
NEW98,Diced Paneer Croissant Cheese Burger,ea,Croissant Burgers,Product,Direct,IN,MAN HYD,MAN1,2026-10-07 07:51:03,2026-10-07,Harley's - HYD - Manikonda,MAN,2026-10-07 07:51:03
NEW97,Classic Veg Croissant Burger,ea,Croissant Burgers,Product,Direct,IN,MAN HYD,MAN1,2026-10-07 07:51:03,2026-10-07,Harley's - HYD - Manikonda,MAN,2026-10-07 07:51:03
NEW94,CG Welcome Kit Assorted Cheesecakes (Pack Of 12),ea,Corporate Bulk Orders,Product,Direct,IN,MAN HYD,MAN1,2026-10-07 07:51:03,2026-10-07,Harley's - HYD - Manikonda,MAN,2026-10-07 07:51:03
NEW93,CG Welcome Kit Assorted Medoviks (Pack Of 12),ea,Corporate Bulk Orders,Product,Direct,IN,MAN HYD,MAN1,2026-10-07 07:51:03,2026-10-07,Harley's - HYD - Manikonda,MAN,2026-10-07 07:51:03
NEW92,CG Welcome Kit Assorted Pack Of 9 Cheesecakes And 6 Macarons,ea,Corporate Bulk Orders,Product,Direct,IN,MAN HYD,MAN1,2026-10-07 07:51:03,2026-10-07,Harley's - HYD - Manikonda,MAN,2026-10-07 07:51:03
NEW87,CG Welcome Kit Assorted Cheesecakes (Pack of 6),ea,Corporate Bulk Orders,Product,Direct,IN,MAN HYD,MAN1,2026-10-07 07:51:03,2026-10-07,Harley's - HYD - Manikonda,MAN,2026-10-07 07:51:03
NEW88,CG Welcome Kit Assorted Macrons (Pack of 12),ea,Corporate Bulk Orders,Product,Direct,IN,MAN HYD,MAN1,2026-10-07 07:51:03,2026-10-07,Harley's - HYD - Manikonda,MAN,2026-10-07 07:51:03
NEW90,CG Welcome Kit Assorted Pack Of 4 Medoviks And 4 Macarons,ea,Corporate Bulk Orders,Product,Direct,IN,MAN HYD,MAN1,2026-10-07 07:51:03,2026-10-07,Harley's - HYD - Manikonda,MAN,2026-10-07 07:51:03
NEW86,CG Welcome Kit Assorted Medovik (Pack of 6),ea,Corporate Bulk Orders,Product,Direct,IN,MAN HYD,MAN1,2026-10-07 07:51:03,2026-10-07,Harley's - HYD - Manikonda,MAN,2026-10-07 07:51:03
NEW84,CG Festive Assorted Tres Leches (pack of 6),ea,Corporate Bulk Orders,Product,Direct,IN,MAN HYD,MAN1,2026-10-07 07:51:03,2026-10-07,Harley's - HYD - Manikonda,MAN,2026-10-07 07:51:03
NEW85,CG Festive Assorted Tres Leches (pack of 12),ea,Corporate Bulk Orders,Product,Direct,IN,MAN HYD,MAN1,2026-10-07 07:51:03,2026-10-07,Harley's - HYD - Manikonda,MAN,2026-10-07 07:51:03
NEW83,CG Festive Assorted Cheesecakes (Pack Of 12),ea,Corporate Bulk Orders,Product,Direct,IN,MAN HYD,MAN1,2026-10-07 07:51:03,2026-10-07,Harley's - HYD - Manikonda,MAN,2026-10-07 07:51:03
NEW82,CG Festive Assorted Medoviks (Pack Of 12),ea,Corporate Bulk Orders,Product,Direct,IN,MAN HYD,MAN1,2026-10-07 07:51:03,2026-10-07,Harley's - HYD - Manikonda,MAN,2026-10-07 07:51:03
NEW81,CG Festive Assorted Pack Of 9 Medoviks And 6 Macarons,ea,Corporate Bulk Orders,Product,Direct,IN,MAN HYD,MAN1,2026-10-07 07:51:03,2026-10-07,Harley's - HYD - Manikonda,MAN,2026-10-07 07:51:03
NEW79,CG Festive Assorted Pack Of 4 Medoviks And 4 Macarons,ea,Corporate Bulk Orders,Product,Direct,IN,MAN HYD,MAN1,2026-10-07 07:51:03,2026-10-07,Harley's - HYD - Manikonda,MAN,2026-10-07 07:51:03
NEW80,CG Festive Assorted Pack Of 9 Cheesecakes And 6 Macarons,ea,Corporate Bulk Orders,Product,Direct,IN,MAN HYD,MAN1,2026-10-07 07:51:03,2026-10-07,Harley's - HYD - Manikonda,MAN,2026-10-07 07:51:03
NEW77,CG Festive Assorted Macarons (Pack Of 12),ea,Corporate Bulk Orders,Product,Direct,IN,MAN HYD,MAN1,2026-10-07 07:51:03,2026-10-07,Harley's - HYD - Manikonda,MAN,2026-10-07 07:51:03
NEW78,CG Festive Assorted Pack Of 4 Cheesecakes And 4 Macarons,ea,Corporate Bulk Orders,Product,Direct,IN,MAN HYD,MAN1,2026-10-07 07:51:03,2026-10-07,Harley's - HYD - Manikonda,MAN,2026-10-07 07:51:03
NEW75,CG Festive Assorted Medoviks (Pack Of 6),ea,Corporate Bulk Orders,Product,Direct,IN,MAN HYD,MAN1,2026-10-07 07:51:03,2026-10-07,Harley's - HYD - Manikonda,MAN,2026-10-07 07:51:03
NEW76,CG Festive Assorted Cheesecakes (Pack Of 6),ea,Corporate Bulk Orders,Product,Direct,IN,MAN HYD,MAN1,2026-10-07 07:51:03,2026-10-07,Harley's - HYD - Manikonda,MAN,2026-10-07 07:51:03
NEW74,CG Assorted pack of 12 Tres Leches,ea,Corporate Bulk Orders,Product,Direct,IN,MAN HYD,MAN1,2026-10-07 07:51:03,2026-10-07,Harley's - HYD - Manikonda,MAN,2026-10-07 07:51:03
NEW72,CG Assorted Cheesecakes (Pack Of 12),ea,Corporate Bulk Orders,Product,Direct,IN,MAN HYD,MAN1,2026-10-07 07:51:03,2026-10-07,Harley's - HYD - Manikonda,MAN,2026-10-07 07:51:03
NEW73,CG Assorted pack of 6 Tres Leches,ea,Corporate Bulk Orders,Product,Direct,IN,MAN HYD,MAN1,2026-10-07 07:51:03,2026-10-07,Harley's - HYD - Manikonda,MAN,2026-10-07 07:51:03
NEW71,CG Assorted Medoviks (Pack Of 12),ea,Corporate Bulk Orders,Product,Direct,IN,MAN HYD,MAN1,2026-10-07 07:51:03,2026-10-07,Harley's - HYD - Manikonda,MAN,2026-10-07 07:51:03
NEW70,CG Assorted Pack Of 9 Cheesecakes And 6 Macarons,ea,Corporate Bulk Orders,Product,Direct,IN,MAN HYD,MAN1,2026-10-07 07:51:03,2026-10-07,Harley's - HYD - Manikonda,MAN,2026-10-07 07:51:03
NEW68,CG Assorted Pack Of 9 Medoviks And 6 Macarons,ea,Corporate Bulk Orders,Product,Direct,IN,MAN HYD,MAN1,2026-10-07 07:51:03,2026-10-07,Harley's - HYD - Manikonda,MAN,2026-10-07 07:51:03
NEW69,CG Assorted Medoviks (Pack Of 6),ea,Corporate Bulk Orders,Product,Direct,IN,MAN HYD,MAN1,2026-10-07 07:51:03,2026-10-07,Harley's - HYD - Manikonda,MAN,2026-10-07 07:51:03
NEW67,CG Assorted Pack Of 4 Cheesecakes And 4 Macarons,ea,Corporate Bulk Orders,Product,Direct,IN,MAN HYD,MAN1,2026-10-07 07:51:03,2026-10-07,Harley's - HYD - Manikonda,MAN,2026-10-07 07:51:03
NEW66,CG Assorted Pack Of 4 Medoviks And 4 Macarons,ea,Corporate Bulk Orders,Product,Direct,IN,MAN HYD,MAN1,2026-10-07 07:51:03,2026-10-07,Harley's - HYD - Manikonda,MAN,2026-10-07 07:51:03
NEW65,CG Assorted Macarons (Pack Of 12),ea,Corporate Bulk Orders,Product,Direct,IN,MAN HYD,MAN1,2026-10-07 07:51:03,2026-10-07,Harley's - HYD - Manikonda,MAN,2026-10-07 07:51:03
NEW64,CG Assorted Cheesecakes (Pack Of 6),ea,Corporate Bulk Orders,Product,Direct,IN,MAN HYD,MAN1,2026-10-07 07:51:03,2026-10-07,Harley's - HYD - Manikonda,MAN,2026-10-07 07:51:03
NEW57,Iced Americano,ea,Coffee Brews (Cold),Product,Direct,IN,MAN HYD,MAN1,2026-10-07 07:51:03,2026-10-07,Harley's - HYD - Manikonda,MAN,2026-10-07 07:51:03
NEW54,Vietnamese Cold Coffee,ea,Coffee Brews (Cold),Product,Direct,IN,MAN HYD,MAN1,2026-10-07 07:51:03,2026-10-07,Harley's - HYD - Manikonda,MAN,2026-10-07 07:51:03
NEW55,All Time Classic Cold Coffee,ea,Coffee Brews (Cold),Product,Direct,IN,MAN HYD,MAN1,2026-10-07 07:51:03,2026-10-07,Harley's - HYD - Manikonda,MAN,2026-10-07 07:51:03
NEW53,White Russian Cold Coffee,ea,Coffee Brews (Cold),Product,Direct,IN,MAN HYD,MAN1,2026-10-07 07:51:03,2026-10-07,Harley's - HYD - Manikonda,MAN,2026-10-07 07:51:03
NEW52,Choco Mocha Cold Coffee,ea,Coffee Brews (Cold),Product,Direct,IN,MAN HYD,MAN1,2026-10-07 07:51:03,2026-10-07,Harley's - HYD - Manikonda,MAN,2026-10-07 07:51:03
NEW51,Choco Medovik Hot Chocolate,ea,Cocoa Brews (Hot),Product,Direct,IN,MAN HYD,MAN1,2026-10-07 07:51:03,2026-10-07,Harley's - HYD - Manikonda,MAN,2026-10-07 07:51:03
NEW50,Classic Hot Chocolate,ea,Cocoa Brews (Hot),Product,Direct,IN,MAN HYD,MAN1,2026-10-07 07:51:03,2026-10-07,Harley's - HYD - Manikonda,MAN,2026-10-07 07:51:03
NEW49,Danish Hazelnut Hot Chocolate,ea,Cocoa Brews (Hot),Product,Direct,IN,MAN HYD,MAN1,2026-10-07 07:51:03,2026-10-07,Harley's - HYD - Manikonda,MAN,2026-10-07 07:51:03
NEW48,Honey Caramel Hot Chocolate,ea,Cocoa Brews (Hot),Product,Direct,IN,MAN HYD,MAN1,2026-10-07 07:51:03,2026-10-07,Harley's - HYD - Manikonda,MAN,2026-10-07 07:51:03
NEW43,House Blend Roasted Hazelnut Shake,ea,Cake Shake Indulgence,Product,Direct,IN,MAN HYD,MAN1,2026-10-07 07:51:03,2026-10-07,Harley's - HYD - Manikonda,MAN,2026-10-07 07:51:03
NEW42,Italian Pistachio Medovik Shake,ea,Cake Shake Indulgence,Product,Direct,IN,MAN HYD,MAN1,2026-10-07 07:51:03,2026-10-07,Harley's - HYD - Manikonda,MAN,2026-10-07 07:51:03
NEW41,Belgium Chocolate Medovik Shake,ea,Cake Shake Indulgence,Product,Direct,IN,MAN HYD,MAN1,2026-10-07 07:51:03,2026-10-07,Harley's - HYD - Manikonda,MAN,2026-10-07 07:51:03
NEW40,Tiramisu Medovik Coffee Shake,ea,Cake Shake Indulgence,Product,Direct,IN,MAN HYD,MAN1,2026-10-07 07:51:03,2026-10-07,Harley's - HYD - Manikonda,MAN,2026-10-07 07:51:03
NEW39,American Blueberry Cake Shake,ea,Cake Shake Indulgence,Product,Direct,IN,MAN HYD,MAN1,2026-10-07 07:51:03,2026-10-07,Harley's - HYD - Manikonda,MAN,2026-10-07 07:51:03
NEW16,Biscoff Kunafa Chocolate (Pack of 2),ea,Assorted Chocolate Treats,Product,Direct,IN,MAN HYD,MAN1,2026-10-07 07:51:03,2026-10-07,Harley's - HYD - Manikonda,MAN,2026-10-07 07:51:03
NEW17,Belgium Kunafa Chocolate (Pack of 2),ea,Assorted Chocolate Treats,Product,Direct,IN,MAN HYD,MAN1,2026-10-07 07:51:03,2026-10-07,Harley's - HYD - Manikonda,MAN,2026-10-07 07:51:03
NEW8,Ruby Kunafa Chocolate (Pack of 2),ea,Assorted Chocolate Treats,Product,Direct,IN,MAN HYD,MAN1,2026-10-07 07:51:03,2026-10-07,Harley's - HYD - Manikonda,MAN,2026-10-07 07:51:03
NEW10,Danish Hazelnut Kunafa Chocolate (Pack of 2),ea,Assorted Chocolate Treats,Product,Direct,IN,MAN HYD,MAN1,2026-10-07 07:51:03,2026-10-07,Harley's - HYD - Manikonda,MAN,2026-10-07 07:51:03
NEW7,Almond Kunafa Chocolate (Pack of 2),ea,Assorted Chocolate Treats,Product,Direct,IN,MAN HYD,MAN1,2026-10-07 07:51:03,2026-10-07,Harley's - HYD - Manikonda,MAN,2026-10-07 07:51:03
NEW6,Pistachio Kunafa Chocolate (Pack of 2),ea,Assorted Chocolate Treats,Product,Direct,IN,MAN HYD,MAN1,2026-10-07 07:51:03,2026-10-07,Harley's - HYD - Manikonda,MAN,2026-10-07 07:51:03
NEW35,Dragees (Pack of 6),ea,Assorted Chocolate Treats,Product,Direct,IN,MAN HYD,MAN1,2026-10-07 07:51:03,2026-10-07,Harley's - HYD - Manikonda,MAN,2026-10-07 07:51:03
NEW34,White & Ruby Hazelnut Dragees (Pack of 2),ea,Assorted Chocolate Treats,Product,Direct,IN,MAN HYD,MAN1,2026-10-07 07:51:03,2026-10-07,Harley's - HYD - Manikonda,MAN,2026-10-07 07:51:03
NEW32,Ruby Hazelnut Dragees (Pack of 2),ea,Assorted Chocolate Treats,Product,Direct,IN,MAN HYD,MAN1,2026-10-07 07:51:03,2026-10-07,Harley's - HYD - Manikonda,MAN,2026-10-07 07:51:03
NEW33,Belgium Hazelnut Dragees (Pack of 2),ea,Assorted Chocolate Treats,Product,Direct,IN,MAN HYD,MAN1,2026-10-07 07:51:03,2026-10-07,Harley's - HYD - Manikonda,MAN,2026-10-07 07:51:03
NEW31,White Hazelnut Dragees (Pack of 2),ea,Assorted Chocolate Treats,Product,Direct,IN,MAN HYD,MAN1,2026-10-07 07:51:03,2026-10-07,Harley's - HYD - Manikonda,MAN,2026-10-07 07:51:03
NEW27,Assorted Foy'tin Cheesecakes (Pack of 6),ea,Assorted Chocolate Treats,Product,Direct,IN,MAN HYD,MAN1,2026-10-07 07:51:03,2026-10-07,Harley's - HYD - Manikonda,MAN,2026-10-07 07:51:03
NEW28,Assorted Dragees,ea,Assorted Chocolate Treats,Product,Direct,IN,MAN HYD,MAN1,2026-10-07 07:51:03,2026-10-07,Harley's - HYD - Manikonda,MAN,2026-10-07 07:51:03
NEW29,Milk Hazelnut Dragees (Pack of 2),ea,Assorted Chocolate Treats,Product,Direct,IN,MAN HYD,MAN1,2026-10-07 07:51:03,2026-10-07,Harley's - HYD - Manikonda,MAN,2026-10-07 07:51:03
NEW30,Dark Hazelnut Dragees (Pack of 2),ea,Assorted Chocolate Treats,Product,Direct,IN,MAN HYD,MAN1,2026-10-07 07:51:03,2026-10-07,Harley's - HYD - Manikonda,MAN,2026-10-07 07:51:03
NEW26,Assorted Foy'tin Cakes (Pack of 6),ea,Assorted Chocolate Treats,Product,Direct,IN,MAN HYD,MAN1,2026-10-07 07:51:03,2026-10-07,Harley's - HYD - Manikonda,MAN,2026-10-07 07:51:03
NEW24,Assorted Chocolate Macarons (Pack of 5),ea,Assorted Chocolate Treats,Product,Direct,IN,MAN HYD,MAN1,2026-10-07 07:51:03,2026-10-07,Harley's - HYD - Manikonda,MAN,2026-10-07 07:51:03
NEW25,Assorted Kunafa Chocolates (Pack of 6),ea,Assorted Chocolate Treats,Product,Direct,IN,MAN HYD,MAN1,2026-10-07 07:51:03,2026-10-07,Harley's - HYD - Manikonda,MAN,2026-10-07 07:51:03
NEW13,Belgium Choco Foy'tin Cake (Pack of 2),ea,Assorted Chocolate Treats,Product,Direct,IN,MAN HYD,MAN1,2026-10-07 07:51:03,2026-10-07,Harley's - HYD - Manikonda,MAN,2026-10-07 07:51:03
130,Tiramisu Tres leches (Pack of 2),ea,Tres Leches Cakes (Mexican Special),Product,Direct,IN,MAN HYD,MAN1,2026-10-07 07:51:03,2026-10-07,Harley's - HYD - Manikonda,MAN,2026-10-07 07:51:03
106,Premium Blueberry Tres Leches (Pack of 2),ea,Tres Leches Cakes (Mexican Special),Product,Direct,IN,MAN HYD,MAN1,2026-10-07 07:51:03,2026-10-07,Harley's - HYD - Manikonda,MAN,2026-10-07 07:51:03
104,Pistachio Tres Leches (Pack of 2),ea,Tres Leches Cakes (Mexican Special),Product,Direct,IN,MAN HYD,MAN1,2026-10-07 07:51:03,2026-10-07,Harley's - HYD - Manikonda,MAN,2026-10-07 07:51:03
84,Lotus Biscoff Tres Leches (Pack of 2),ea,Tres Leches Cakes (Mexican Special),Product,Direct,IN,MAN HYD,MAN1,2026-10-07 07:51:03,2026-10-07,Harley's - HYD - Manikonda,MAN,2026-10-07 07:51:03
36,Classic Mexican Tres Leches  (Pack of 2),ea,Tres Leches Cakes (Mexican Special),Product,Direct,IN,MAN HYD,MAN1,2026-10-07 07:51:03,2026-10-07,Harley's - HYD - Manikonda,MAN,2026-10-07 07:51:03
24,Belgium Chocolate Tres Leches (Pack of 2),ea,Tres Leches Cakes (Mexican Special),Product,Direct,IN,MAN HYD,MAN1,2026-10-07 07:51:03,2026-10-07,Harley's - HYD - Manikonda,MAN,2026-10-07 07:51:03
131,Whole Wheat Bread (400gms),ea,Breads,Product,Direct,IN,MAN HYD,MAN1,2026-10-07 07:51:03,2026-10-07,Harley's - HYD - Manikonda,MAN,2026-10-07 07:51:03
86,Milk Bread(400G),ea,Breads,Product,Direct,IN,MAN HYD,MAN1,2026-10-07 07:51:03,2026-10-07,Harley's - HYD - Manikonda,MAN,2026-10-07 07:51:03
91,Multigrain Bread (400g),ea,Breads,Product,Direct,IN,MAN HYD,MAN1,2026-10-07 07:51:03,2026-10-07,Harley's - HYD - Manikonda,MAN,2026-10-07 07:51:03
28,Caramel Butterscotch Macarons (Pack Of 5),ea,Harley's French Macarons,Product,Direct,IN,MAN HYD,MAN1,2026-10-07 07:51:03,2026-10-07,Harley's - HYD - Manikonda,MAN,2026-10-07 07:51:03
47,Double Chocolate Bar Cake (250 gms),ea,Barcakes & Muffins,Product,Direct,IN,MAN HYD,MAN1,2026-10-07 07:51:03,2026-10-07,Harley's - HYD - Manikonda,MAN,2026-10-07 07:51:03
34,Chocochip Muffin (Pack Of 2),ea,Barcakes & Muffins,Product,Direct,IN,MAN HYD,MAN1,2026-10-07 07:51:03,2026-10-07,Harley's - HYD - Manikonda,MAN,2026-10-07 07:51:03
33,Choco Mawa Bar Cake 250 gms,ea,Barcakes & Muffins,Product,Direct,IN,MAN HYD,MAN1,2026-10-07 07:51:03,2026-10-07,Harley's - HYD - Manikonda,MAN,2026-10-07 07:51:03
27,Blueberry Muffin (Pack Of 2),ea,Barcakes & Muffins,Product,Direct,IN,MAN HYD,MAN1,2026-10-07 07:51:03,2026-10-07,Harley's - HYD - Manikonda,MAN,2026-10-07 07:51:03
TB28,Tiramisu Tres leches Cake,ea,Tres Leches Party Cakes,Product,Direct,IN,MAN HYD,MAN1,2026-10-07 07:51:03,2026-10-07,Harley's - HYD - Manikonda,MAN,2026-10-07 07:51:03
TB27,Chocolate Tres Leches Cake,ea,Tres Leches Party Cakes,Product,Direct,IN,MAN HYD,MAN1,2026-10-07 07:51:03,2026-10-07,Harley's - HYD - Manikonda,MAN,2026-10-07 07:51:03
TB24,Blueberry Tres Leches Cake,ea,Tres Leches Party Cakes,Product,Direct,IN,MAN HYD,MAN1,2026-10-07 07:51:03,2026-10-07,Harley's - HYD - Manikonda,MAN,2026-10-07 07:51:03
TB25,Pistachio Tres Leches Cake,ea,Tres Leches Party Cakes,Product,Direct,IN,MAN HYD,MAN1,2026-10-07 07:51:03,2026-10-07,Harley's - HYD - Manikonda,MAN,2026-10-07 07:51:03
TB26,Lotus Biscoff Tres Leches Cake,ea,Tres Leches Party Cakes,Product,Direct,IN,MAN HYD,MAN1,2026-10-07 07:51:03,2026-10-07,Harley's - HYD - Manikonda,MAN,2026-10-07 07:51:03
TB23,Classic Mexican Tres Leches  Cake,ea,Tres Leches Party Cakes,Product,Direct,IN,MAN HYD,MAN1,2026-10-07 07:51:03,2026-10-07,Harley's - HYD - Manikonda,MAN,2026-10-07 07:51:03
TB18,Tiramisu Bento Cheesecake,ea,Party Cheesecakes,Product,Direct,IN,MAN HYD,MAN1,2026-10-07 07:51:03,2026-10-07,Harley's - HYD - Manikonda,MAN,2026-10-07 07:51:03
TB8,Tiramisu Bento Cake,ea,Bento Party Cakes,Product,Direct,IN,MAN HYD,MAN1,2026-10-07 07:51:03,2026-10-07,Harley's - HYD - Manikonda,MAN,2026-10-07 07:51:03
TB11,Pistachio Bento Cake,ea,Bento Party Cakes,Product,Direct,IN,MAN HYD,MAN1,2026-10-07 07:51:03,2026-10-07,Harley's - HYD - Manikonda,MAN,2026-10-07 07:51:03
TB4,Assorted Layered Cheesecake Cubes (Pack of 4),ea,Tresley & Bento Assortments,Product,Direct,IN,MAN HYD,MAN1,2026-10-07 07:51:03,2026-10-07,Harley's - HYD - Manikonda,MAN,2026-10-07 07:51:03
TB3,Assorted Layered Cake Cubes (Pack of 4),ea,Tresley & Bento Assortments,Product,Direct,IN,MAN HYD,MAN1,2026-10-07 07:51:03,2026-10-07,Harley's - HYD - Manikonda,MAN,2026-10-07 07:51:03
TB2,Assorted Mini Cheesecakes (Pack of 9),ea,Tresley & Bento Assortments,Product,Direct,IN,MAN HYD,MAN1,2026-10-07 07:51:03,2026-10-07,Harley's - HYD - Manikonda,MAN,2026-10-07 07:51:03
TB1,Assorted Mini Party Cakes (Pack of 9),ea,Tresley & Bento Assortments,Product,Direct,IN,MAN HYD,MAN1,2026-10-07 07:51:03,2026-10-07,Harley's - HYD - Manikonda,MAN,2026-10-07 07:51:03
213,London Viral Whipped Caramel Medovik Cake,ea,Harley's Grand Celebration Medovik Cakes,Product,Direct,IN,MAN HYD,MAN1,2026-10-07 07:51:03,2026-10-07,Harley's - HYD - Manikonda,MAN,2026-10-07 07:51:03
212,London Viral Whipped Caramel Medovik Cake,ea,Harley's Grand Celebration Medovik Cakes,Product,Direct,IN,MAN HYD,MAN1,2026-10-07 07:51:03,2026-10-07,Harley's - HYD - Manikonda,MAN,2026-10-07 07:51:03
214,London Viral Whipped Caramel Medovik With Macaron,ea,Harley's Signature Medovik Pastry,Product,Direct,IN,MAN HYD,MAN1,2026-10-07 07:51:03,2026-10-07,Harley's - HYD - Manikonda,MAN,2026-10-07 07:51:03
119,Smoky Caramel Cheesecake,ea,Harley's Gourmet Celebration Cheesecakes,Product,Direct,IN,MAN HYD,MAN1,2026-10-07 07:51:03,2026-10-07,Harley's - HYD - Manikonda,MAN,2026-10-07 07:51:03
31,Chef's Favourite Blueberry Cheesecake,ea,Harley's Gourmet Celebration Cheesecakes,Product,Direct,IN,MAN HYD,MAN1,2026-10-07 07:51:03,2026-10-07,Harley's - HYD - Manikonda,MAN,2026-10-07 07:51:03
40,Danish Hazelnut Cheesecake,ea,Harley's Gourmet Celebration Cheesecakes,Product,Direct,IN,MAN HYD,MAN1,2026-10-07 07:51:03,2026-10-07,Harley's - HYD - Manikonda,MAN,2026-10-07 07:51:03
77,Lotus Biscoff Cheesecake,ea,Harley's Gourmet Celebration Cheesecakes,Product,Direct,IN,MAN HYD,MAN1,2026-10-07 07:51:03,2026-10-07,Harley's - HYD - Manikonda,MAN,2026-10-07 07:51:03
50,Ferrero Nutella Cheesecake,ea,Harley's Gourmet Celebration Cheesecakes,Product,Direct,IN,MAN HYD,MAN1,2026-10-07 07:51:03,2026-10-07,Harley's - HYD - Manikonda,MAN,2026-10-07 07:51:03
20,Belgium Chocolate Cheesecake,ea,Harley's Gourmet Celebration Cheesecakes,Product,Direct,IN,MAN HYD,MAN1,2026-10-07 07:51:03,2026-10-07,Harley's - HYD - Manikonda,MAN,2026-10-07 07:51:03
64,Harley's Special Mawa Bar Cake (250 Gms),ea,Barcakes & Muffins,Product,Direct,IN,MAN HYD,MAN1,2026-10-07 07:51:03,2026-10-07,Harley's - HYD - Manikonda,MAN,2026-10-07 07:51:03
118,Smoky Caramel Cheesecake,ea,Harley's Gourmet Celebration Cheesecakes,Product,Direct,IN,MAN HYD,MAN1,2026-10-07 07:51:03,2026-10-07,Harley's - HYD - Manikonda,MAN,2026-10-07 07:51:03
49,Ferrero Nutella Cheesecake,ea,Harley's Gourmet Celebration Cheesecakes,Product,Direct,IN,MAN HYD,MAN1,2026-10-07 07:51:03,2026-10-07,Harley's - HYD - Manikonda,MAN,2026-10-07 07:51:03
19,Belgium Chocolate Cheesecake,ea,Harley's Gourmet Celebration Cheesecakes,Product,Direct,IN,MAN HYD,MAN1,2026-10-07 07:51:03,2026-10-07,Harley's - HYD - Manikonda,MAN,2026-10-07 07:51:03
76,Lotus Biscoff Cheesecake,ea,Harley's Gourmet Celebration Cheesecakes,Product,Direct,IN,MAN HYD,MAN1,2026-10-07 07:51:03,2026-10-07,Harley's - HYD - Manikonda,MAN,2026-10-07 07:51:03
39,Danish Hazelnut Cheesecake,ea,Harley's Gourmet Celebration Cheesecakes,Product,Direct,IN,MAN HYD,MAN1,2026-10-07 07:51:03,2026-10-07,Harley's - HYD - Manikonda,MAN,2026-10-07 07:51:03
30,Chef's Favourite Blueberry Cheesecake,ea,Harley's Gourmet Celebration Cheesecakes,Product,Direct,IN,MAN HYD,MAN1,2026-10-07 07:51:03,2026-10-07,Harley's - HYD - Manikonda,MAN,2026-10-07 07:51:03
92,Pack Of 4 Cheesecakes And 4 Macarons,ea,All Time Favourite Combinations,Product,Direct,IN,MAN HYD,MAN1,2026-10-07 07:51:03,2026-10-07,Harley's - HYD - Manikonda,MAN,2026-10-07 07:51:03
94,Pack Of 6 Cheesecakes And 12 Macarons,ea,All Time Favourite Combinations,Product,Direct,IN,MAN HYD,MAN1,2026-10-07 07:51:03,2026-10-07,Harley's - HYD - Manikonda,MAN,2026-10-07 07:51:03
96,Pack Of 9 Cheesecakes And 6 Macarons,ea,All Time Favourite Combinations,Product,Direct,IN,MAN HYD,MAN1,2026-10-07 07:51:03,2026-10-07,Harley's - HYD - Manikonda,MAN,2026-10-07 07:51:03
132,Assorted Cheesecakes (Pack Of 12),ea,Harley's Sweet Home Assortments,Product,Direct,IN,MAN HYD,MAN1,2026-10-07 07:51:03,2026-10-07,Harley's - HYD - Manikonda,MAN,2026-10-07 07:51:03
133,Assorted Cheesecakes (Pack Of 6),ea,Harley's Sweet Home Assortments,Product,Direct,IN,MAN HYD,MAN1,2026-10-07 07:51:03,2026-10-07,Harley's - HYD - Manikonda,MAN,2026-10-07 07:51:03
63,Harley's Signatures (Pack of 8),ea,Chef's Table,Product,Direct,IN,MAN HYD,MAN1,2026-10-07 07:51:03,2026-10-07,Harley's - HYD - Manikonda,MAN,2026-10-07 07:51:03
TB22,Pistachio Bento Cheesecake,ea,Party Cheesecakes,Product,Direct,IN,MAN HYD,MAN1,2026-10-07 07:51:03,2026-10-07,Harley's - HYD - Manikonda,MAN,2026-10-07 07:51:03
TB21,Lotus Biscoff Bento Cheesecake,ea,Party Cheesecakes,Product,Direct,IN,MAN HYD,MAN1,2026-10-07 07:51:03,2026-10-07,Harley's - HYD - Manikonda,MAN,2026-10-07 07:51:03
TB20,Nutella Bento Cheesecake,ea,Party Cheesecakes,Product,Direct,IN,MAN HYD,MAN1,2026-10-07 07:51:03,2026-10-07,Harley's - HYD - Manikonda,MAN,2026-10-07 07:51:03
TB19,Blueberry Bento Cheesecake,ea,Party Cheesecakes,Product,Direct,IN,MAN HYD,MAN1,2026-10-07 07:51:03,2026-10-07,Harley's - HYD - Manikonda,MAN,2026-10-07 07:51:03
TB17,Strawberry Bento Cheesecake,ea,Party Cheesecakes,Product,Direct,IN,MAN HYD,MAN1,2026-10-07 07:51:03,2026-10-07,Harley's - HYD - Manikonda,MAN,2026-10-07 07:51:03
TB16,Caramel Bento Cheesecake,ea,Party Cheesecakes,Product,Direct,IN,MAN HYD,MAN1,2026-10-07 07:51:03,2026-10-07,Harley's - HYD - Manikonda,MAN,2026-10-07 07:51:03
TB15,Chocolate Bento Cheesecake,ea,Party Cheesecakes,Product,Direct,IN,MAN HYD,MAN1,2026-10-07 07:51:03,2026-10-07,Harley's - HYD - Manikonda,MAN,2026-10-07 07:51:03
TB14,Hazelnut Bento Cheesecake,ea,Party Cheesecakes,Product,Direct,IN,MAN HYD,MAN1,2026-10-07 07:51:03,2026-10-07,Harley's - HYD - Manikonda,MAN,2026-10-07 07:51:03
44,Danish Hazelnut Chocolate Medovik Cake,ea,Harley's Grand Celebration Medovik Cakes,Product,Direct,IN,MAN HYD,MAN1,2026-10-07 07:51:03,2026-10-07,Harley's - HYD - Manikonda,MAN,2026-10-07 07:51:03
45,Danish Hazelnut Chocolate Medovik Cake,ea,Harley's Grand Celebration Medovik Cakes,Product,Direct,IN,MAN HYD,MAN1,2026-10-07 07:51:03,2026-10-07,Harley's - HYD - Manikonda,MAN,2026-10-07 07:51:03
46,Danish Hazelnut Chocolate Medovik With Macaron,ea,Harley's Signature Medovik Pastry,Product,Direct,IN,MAN HYD,MAN1,2026-10-07 07:51:03,2026-10-07,Harley's - HYD - Manikonda,MAN,2026-10-07 07:51:03
120,Smoky Caramel Cheesecake With Macaron,ea,Finely Baked Cheesecake Pastry,Product,Direct,IN,MAN HYD,MAN1,2026-10-07 07:51:03,2026-10-07,Harley's - HYD - Manikonda,MAN,2026-10-07 07:51:03
78,Lotus Biscoff Cheesecake With Macaron,ea,Finely Baked Cheesecake Pastry,Product,Direct,IN,MAN HYD,MAN1,2026-10-07 07:51:03,2026-10-07,Harley's - HYD - Manikonda,MAN,2026-10-07 07:51:03
51,Ferrero Nutella Cheesecake With Macaron,ea,Finely Baked Cheesecake Pastry,Product,Direct,IN,MAN HYD,MAN1,2026-10-07 07:51:03,2026-10-07,Harley's - HYD - Manikonda,MAN,2026-10-07 07:51:03
41,Danish Hazelnut Cheesecake With Macaron,ea,Finely Baked Cheesecake Pastry,Product,Direct,IN,MAN HYD,MAN1,2026-10-07 07:51:03,2026-10-07,Harley's - HYD - Manikonda,MAN,2026-10-07 07:51:03
32,Chef's Favourite Blueberry Cheesecake With Macaron,ea,Finely Baked Cheesecake Pastry,Product,Direct,IN,MAN HYD,MAN1,2026-10-07 07:51:03,2026-10-07,Harley's - HYD - Manikonda,MAN,2026-10-07 07:51:03
21,Belgium Chocolate Cheesecake With Macaron,ea,Finely Baked Cheesecake Pastry,Product,Direct,IN,MAN HYD,MAN1,2026-10-07 07:51:03,2026-10-07,Harley's - HYD - Manikonda,MAN,2026-10-07 07:51:03
15,Austrian White Forest Medovik Cake,ea,Harley's Grand Celebration Medovik Cakes,Product,Direct,IN,MAN HYD,MAN1,2026-10-07 07:51:03,2026-10-07,Harley's - HYD - Manikonda,MAN,2026-10-07 07:51:03
119,Smoky Caramel Cheesecake,ea,Harley's Gourmet Celebration Cheesecakes,Product,Direct,OUT,MAN HYD,MAN1,2026-10-07 07:51:28,2026-10-07,Harley's - HYD - Manikonda,MAN,2026-10-07 07:51:28
118,Smoky Caramel Cheesecake,ea,Harley's Gourmet Celebration Cheesecakes,Product,Direct,OUT,MAN HYD,MAN1,2026-10-07 07:51:28,2026-10-07,Harley's - HYD - Manikonda,MAN,2026-10-07 07:51:28
49,Ferrero Nutella Cheesecake,ea,Harley's Gourmet Celebration Cheesecakes,Product,Direct,OUT,MAN HYD,MAN1,2026-10-07 07:51:28,2026-10-07,Harley's - HYD - Manikonda,MAN,2026-10-07 07:51:28
50,Ferrero Nutella Cheesecake,ea,Harley's Gourmet Celebration Cheesecakes,Product,Direct,OUT,MAN HYD,MAN1,2026-10-07 07:51:28,2026-10-07,Harley's - HYD - Manikonda,MAN,2026-10-07 07:51:28
19,Belgium Chocolate Cheesecake,ea,Harley's Gourmet Celebration Cheesecakes,Product,Direct,OUT,MAN HYD,MAN1,2026-10-07 07:51:28,2026-10-07,Harley's - HYD - Manikonda,MAN,2026-10-07 07:51:28
20,Belgium Chocolate Cheesecake,ea,Harley's Gourmet Celebration Cheesecakes,Product,Direct,OUT,MAN HYD,MAN1,2026-10-07 07:51:28,2026-10-07,Harley's - HYD - Manikonda,MAN,2026-10-07 07:51:28
77,Lotus Biscoff Cheesecake,ea,Harley's Gourmet Celebration Cheesecakes,Product,Direct,OUT,MAN HYD,MAN1,2026-10-07 07:51:28,2026-10-07,Harley's - HYD - Manikonda,MAN,2026-10-07 07:51:28
76,Lotus Biscoff Cheesecake,ea,Harley's Gourmet Celebration Cheesecakes,Product,Direct,OUT,MAN HYD,MAN1,2026-10-07 07:51:28,2026-10-07,Harley's - HYD - Manikonda,MAN,2026-10-07 07:51:28
40,Danish Hazelnut Cheesecake,ea,Harley's Gourmet Celebration Cheesecakes,Product,Direct,OUT,MAN HYD,MAN1,2026-10-07 07:51:28,2026-10-07,Harley's - HYD - Manikonda,MAN,2026-10-07 07:51:28
39,Danish Hazelnut Cheesecake,ea,Harley's Gourmet Celebration Cheesecakes,Product,Direct,OUT,MAN HYD,MAN1,2026-10-07 07:51:28,2026-10-07,Harley's - HYD - Manikonda,MAN,2026-10-07 07:51:28
30,Chef's Favourite Blueberry Cheesecake,ea,Harley's Gourmet Celebration Cheesecakes,Product,Direct,OUT,MAN HYD,MAN1,2026-10-07 07:51:28,2026-10-07,Harley's - HYD - Manikonda,MAN,2026-10-07 07:51:28
31,Chef's Favourite Blueberry Cheesecake,ea,Harley's Gourmet Celebration Cheesecakes,Product,Direct,OUT,MAN HYD,MAN1,2026-10-07 07:51:28,2026-10-07,Harley's - HYD - Manikonda,MAN,2026-10-07 07:51:28
120,Smoky Caramel Cheesecake With Macaron,ea,Finely Baked Cheesecake Pastry,Product,Direct,OUT,MAN HYD,MAN1,2026-10-07 07:51:28,2026-10-07,Harley's - HYD - Manikonda,MAN,2026-10-07 07:51:28
78,Lotus Biscoff Cheesecake With Macaron,ea,Finely Baked Cheesecake Pastry,Product,Direct,OUT,MAN HYD,MAN1,2026-10-07 07:51:28,2026-10-07,Harley's - HYD - Manikonda,MAN,2026-10-07 07:51:28
51,Ferrero Nutella Cheesecake With Macaron,ea,Finely Baked Cheesecake Pastry,Product,Direct,OUT,MAN HYD,MAN1,2026-10-07 07:51:28,2026-10-07,Harley's - HYD - Manikonda,MAN,2026-10-07 07:51:28
41,Danish Hazelnut Cheesecake With Macaron,ea,Finely Baked Cheesecake Pastry,Product,Direct,OUT,MAN HYD,MAN1,2026-10-07 07:51:28,2026-10-07,Harley's - HYD - Manikonda,MAN,2026-10-07 07:51:28
32,Chef's Favourite Blueberry Cheesecake With Macaron,ea,Finely Baked Cheesecake Pastry,Product,Direct,OUT,MAN HYD,MAN1,2026-10-07 07:51:28,2026-10-07,Harley's - HYD - Manikonda,MAN,2026-10-07 07:51:28
21,Belgium Chocolate Cheesecake With Macaron,ea,Finely Baked Cheesecake Pastry,Product,Direct,OUT,MAN HYD,MAN1,2026-10-07 07:51:28,2026-10-07,Harley's - HYD - Manikonda,MAN,2026-10-07 07:51:28
NEW204,Exotic Tresley Cakes (Pack of 6),ea,Harley's Sweet Home Assortments,Product,Direct,OUT,MAN HYD,MAN1,2026-10-07 07:51:28,2026-10-07,Harley's - HYD - Manikonda,MAN,2026-10-07 07:51:28
135,Assorted French Macarons (Pack Of 24),ea,Harley's Sweet Home Assortments,Product,Direct,OUT,MAN HYD,MAN1,2026-10-07 07:51:28,2026-10-07,Harley's - HYD - Manikonda,MAN,2026-10-07 07:51:28
133,Assorted Cheesecakes (Pack Of 6),ea,Harley's Sweet Home Assortments,Product,Direct,OUT,MAN HYD,MAN1,2026-10-07 07:51:28,2026-10-07,Harley's - HYD - Manikonda,MAN,2026-10-07 07:51:28
132,Assorted Cheesecakes (Pack Of 12),ea,Harley's Sweet Home Assortments,Product,Direct,OUT,MAN HYD,MAN1,2026-10-07 07:51:28,2026-10-07,Harley's - HYD - Manikonda,MAN,2026-10-07 07:51:28
214,London Viral Whipped Caramel Medovik With Macaron,ea,Harley's Signature Medovik Pastry,Product,Direct,OUT,MAN HYD,MAN1,2026-10-07 07:51:38,2026-10-07,Harley's - HYD - Manikonda,MAN,2026-10-07 07:51:38
102,Pistachio Delight Medovik With Macaron,ea,Harley's Signature Medovik Pastry,Product,Direct,OUT,MAN HYD,MAN1,2026-10-07 07:51:38,2026-10-07,Harley's - HYD - Manikonda,MAN,2026-10-07 07:51:38
74,Italian Tiramisu Medovik With Macaron,ea,Harley's Signature Medovik Pastry,Product,Direct,OUT,MAN HYD,MAN1,2026-10-07 07:51:38,2026-10-07,Harley's - HYD - Manikonda,MAN,2026-10-07 07:51:38
96,Pack Of 9 Cheesecakes And 6 Macarons,ea,All Time Favourite Combinations,Product,Direct,OUT,MAN HYD,MAN1,2026-10-07 07:51:47,2026-10-07,Harley's - HYD - Manikonda,MAN,2026-10-07 07:51:47
94,Pack Of 6 Cheesecakes And 12 Macarons,ea,All Time Favourite Combinations,Product,Direct,OUT,MAN HYD,MAN1,2026-10-07 07:51:47,2026-10-07,Harley's - HYD - Manikonda,MAN,2026-10-07 07:51:47
92,Pack Of 4 Cheesecakes And 4 Macarons,ea,All Time Favourite Combinations,Product,Direct,OUT,MAN HYD,MAN1,2026-10-07 07:51:47,2026-10-07,Harley's - HYD - Manikonda,MAN,2026-10-07 07:51:47
TB28,Tiramisu Tres leches Cake,ea,Tres Leches Party Cakes,Product,Direct,OUT,MAN HYD,MAN1,2026-10-07 07:53:13,2026-10-07,Harley's - HYD - Manikonda,MAN,2026-10-07 07:53:13
TB27,Chocolate Tres Leches Cake,ea,Tres Leches Party Cakes,Product,Direct,OUT,MAN HYD,MAN1,2026-10-07 07:53:13,2026-10-07,Harley's - HYD - Manikonda,MAN,2026-10-07 07:53:13
TB26,Lotus Biscoff Tres Leches Cake,ea,Tres Leches Party Cakes,Product,Direct,OUT,MAN HYD,MAN1,2026-10-07 07:53:13,2026-10-07,Harley's - HYD - Manikonda,MAN,2026-10-07 07:53:13
TB25,Pistachio Tres Leches Cake,ea,Tres Leches Party Cakes,Product,Direct,OUT,MAN HYD,MAN1,2026-10-07 07:53:13,2026-10-07,Harley's - HYD - Manikonda,MAN,2026-10-07 07:53:13
TB24,Blueberry Tres Leches Cake,ea,Tres Leches Party Cakes,Product,Direct,OUT,MAN HYD,MAN1,2026-10-07 07:53:13,2026-10-07,Harley's - HYD - Manikonda,MAN,2026-10-07 07:53:13
TB23,Classic Mexican Tres Leches  Cake,ea,Tres Leches Party Cakes,Product,Direct,OUT,MAN HYD,MAN1,2026-10-07 07:53:13,2026-10-07,Harley's - HYD - Manikonda,MAN,2026-10-07 07:53:13
TB22,Pistachio Bento Cheesecake,ea,Party Cheesecakes,Product,Direct,OUT,MAN HYD,MAN1,2026-10-07 07:53:13,2026-10-07,Harley's - HYD - Manikonda,MAN,2026-10-07 07:53:13
TB21,Lotus Biscoff Bento Cheesecake,ea,Party Cheesecakes,Product,Direct,OUT,MAN HYD,MAN1,2026-10-07 07:53:13,2026-10-07,Harley's - HYD - Manikonda,MAN,2026-10-07 07:53:13
TB20,Nutella Bento Cheesecake,ea,Party Cheesecakes,Product,Direct,OUT,MAN HYD,MAN1,2026-10-07 07:53:13,2026-10-07,Harley's - HYD - Manikonda,MAN,2026-10-07 07:53:13
TB19,Blueberry Bento Cheesecake,ea,Party Cheesecakes,Product,Direct,OUT,MAN HYD,MAN1,2026-10-07 07:53:13,2026-10-07,Harley's - HYD - Manikonda,MAN,2026-10-07 07:53:13
TB18,Tiramisu Bento Cheesecake,ea,Party Cheesecakes,Product,Direct,OUT,MAN HYD,MAN1,2026-10-07 07:53:13,2026-10-07,Harley's - HYD - Manikonda,MAN,2026-10-07 07:53:13
TB17,Strawberry Bento Cheesecake,ea,Party Cheesecakes,Product,Direct,OUT,MAN HYD,MAN1,2026-10-07 07:53:13,2026-10-07,Harley's - HYD - Manikonda,MAN,2026-10-07 07:53:13
TB16,Caramel Bento Cheesecake,ea,Party Cheesecakes,Product,Direct,OUT,MAN HYD,MAN1,2026-10-07 07:53:13,2026-10-07,Harley's - HYD - Manikonda,MAN,2026-10-07 07:53:13
TB15,Chocolate Bento Cheesecake,ea,Party Cheesecakes,Product,Direct,OUT,MAN HYD,MAN1,2026-10-07 07:53:13,2026-10-07,Harley's - HYD - Manikonda,MAN,2026-10-07 07:53:13
TB14,Hazelnut Bento Cheesecake,ea,Party Cheesecakes,Product,Direct,OUT,MAN HYD,MAN1,2026-10-07 07:53:13,2026-10-07,Harley's - HYD - Manikonda,MAN,2026-10-07 07:53:13
TB11,Pistachio Bento Cake,ea,Bento Party Cakes,Product,Direct,OUT,MAN HYD,MAN1,2026-10-07 07:53:13,2026-10-07,Harley's - HYD - Manikonda,MAN,2026-10-07 07:53:13
TB8,Tiramisu Bento Cake,ea,Bento Party Cakes,Product,Direct,OUT,MAN HYD,MAN1,2026-10-07 07:53:13,2026-10-07,Harley's - HYD - Manikonda,MAN,2026-10-07 07:53:13
TB4,Assorted Layered Cheesecake Cubes (Pack of 4),ea,Tresley & Bento Assortments,Product,Direct,OUT,MAN HYD,MAN1,2026-10-07 07:53:13,2026-10-07,Harley's - HYD - Manikonda,MAN,2026-10-07 07:53:13
TB3,Assorted Layered Cake Cubes (Pack of 4),ea,Tresley & Bento Assortments,Product,Direct,OUT,MAN HYD,MAN1,2026-10-07 07:53:13,2026-10-07,Harley's - HYD - Manikonda,MAN,2026-10-07 07:53:13
TB2,Assorted Mini Cheesecakes (Pack of 9),ea,Tresley & Bento Assortments,Product,Direct,OUT,MAN HYD,MAN1,2026-10-07 07:53:13,2026-10-07,Harley's - HYD - Manikonda,MAN,2026-10-07 07:53:13
TB1,Assorted Mini Party Cakes (Pack of 9),ea,Tresley & Bento Assortments,Product,Direct,OUT,MAN HYD,MAN1,2026-10-07 07:53:13,2026-10-07,Harley's - HYD - Manikonda,MAN,2026-10-07 07:53:13
K3G17,Caffe Latte,ea,Coffee Brews (Hot),Product,Direct,OUT,MAN HYD,MAN1,2026-10-07 07:53:13,2026-10-07,Harley's - HYD - Manikonda,MAN,2026-10-07 07:53:13
NEW63,Cafe Mocha,ea,Coffee Brews (Hot),Product,Direct,OUT,MAN HYD,MAN1,2026-10-07 07:53:13,2026-10-07,Harley's - HYD - Manikonda,MAN,2026-10-07 07:53:13
NEW62,Roasted Hazelnut Cappuccino,ea,Coffee Brews (Hot),Product,Direct,OUT,MAN HYD,MAN1,2026-10-07 07:53:13,2026-10-07,Harley's - HYD - Manikonda,MAN,2026-10-07 07:53:13
NEW61,Espresso (Doppio),ea,Coffee Brews (Hot),Product,Direct,OUT,MAN HYD,MAN1,2026-10-07 07:53:13,2026-10-07,Harley's - HYD - Manikonda,MAN,2026-10-07 07:53:13
NEW60,Cafe Latte,ea,Coffee Brews (Hot),Product,Direct,OUT,MAN HYD,MAN1,2026-10-07 07:53:13,2026-10-07,Harley's - HYD - Manikonda,MAN,2026-10-07 07:53:13
NEW59,Italian Cappuccino,ea,Coffee Brews (Hot),Product,Direct,OUT,MAN HYD,MAN1,2026-10-07 07:53:13,2026-10-07,Harley's - HYD - Manikonda,MAN,2026-10-07 07:53:13
NEW58,Classic Americano,ea,Coffee Brews (Hot),Product,Direct,OUT,MAN HYD,MAN1,2026-10-07 07:53:13,2026-10-07,Harley's - HYD - Manikonda,MAN,2026-10-07 07:53:13
K3G13,Customized Cake Decoration Add-on,ea,ADD ONS,Product,Direct,OUT,MAN HYD,MAN1,2026-10-07 07:53:13,2026-10-07,Harley's - HYD - Manikonda,MAN,2026-10-07 07:53:13
IC1,Mango Ice cream,ea,Cocoa Brews (Chocolate Frappe),Product,Direct,OUT,MAN HYD,MAN1,2026-10-07 07:53:13,2026-10-07,Harley's - HYD - Manikonda,MAN,2026-10-07 07:53:13
NEW56,Signature Cold Coffee Frappe,ea,Cocoa Brews (Chocolate Frappe),Product,Direct,OUT,MAN HYD,MAN1,2026-10-07 07:53:13,2026-10-07,Harley's - HYD - Manikonda,MAN,2026-10-07 07:53:13
NEW47,Belgium Double Chocolate Frappe,ea,Cocoa Brews (Chocolate Frappe),Product,Direct,OUT,MAN HYD,MAN1,2026-10-07 07:53:13,2026-10-07,Harley's - HYD - Manikonda,MAN,2026-10-07 07:53:13
NEW46,American Almond Chocolate Frappe,ea,Cocoa Brews (Chocolate Frappe),Product,Direct,OUT,MAN HYD,MAN1,2026-10-07 07:53:13,2026-10-07,Harley's - HYD - Manikonda,MAN,2026-10-07 07:53:13
NEW45,Danish Hazelnut Chocolate Frappe,ea,Cocoa Brews (Chocolate Frappe),Product,Direct,OUT,MAN HYD,MAN1,2026-10-07 07:53:13,2026-10-07,Harley's - HYD - Manikonda,MAN,2026-10-07 07:53:13
NEW44,Dubai Pistachio Chocolate Frappe,ea,Cocoa Brews (Chocolate Frappe),Product,Direct,OUT,MAN HYD,MAN1,2026-10-07 07:53:13,2026-10-07,Harley's - HYD - Manikonda,MAN,2026-10-07 07:53:13
157,Ferrero Nutella Brownie with Hazelnut Crocante (Pack of 2),ea,Harley's Special Brownies,Product,Direct,OUT,MAN HYD,MAN1,2026-10-07 07:53:13,2026-10-07,Harley's - HYD - Manikonda,MAN,2026-10-07 07:53:13
156,Classic Walnut Fudge Brownie (Pack of 2),ea,Harley's Special Brownies,Product,Direct,OUT,MAN HYD,MAN1,2026-10-07 07:53:13,2026-10-07,Harley's - HYD - Manikonda,MAN,2026-10-07 07:53:13
155,Belgium Chocolate Brownie (Pack of 2),ea,Harley's Special Brownies,Product,Direct,OUT,MAN HYD,MAN1,2026-10-07 07:53:13,2026-10-07,Harley's - HYD - Manikonda,MAN,2026-10-07 07:53:13
NEW203,Water 750ml,ea,Water,Product,Direct,OUT,MAN HYD,MAN1,2026-10-07 07:53:13,2026-10-07,Harley's - HYD - Manikonda,MAN,2026-10-07 07:53:13
NEW202,Exotic Veg & Cheese Sandwich,ea,Steamy Croissants,Product,Direct,OUT,MAN HYD,MAN1,2026-10-07 07:53:13,2026-10-07,Harley's - HYD - Manikonda,MAN,2026-10-07 07:53:13
NEW201,Jalapeno Cottage Cheese Sandwich,ea,Steamy Croissants,Product,Direct,OUT,MAN HYD,MAN1,2026-10-07 07:53:13,2026-10-07,Harley's - HYD - Manikonda,MAN,2026-10-07 07:53:13
NEW200,Creamy Roasted Spinach Sandwich,ea,Steamy Croissants,Product,Direct,OUT,MAN HYD,MAN1,2026-10-07 07:53:13,2026-10-07,Harley's - HYD - Manikonda,MAN,2026-10-07 07:53:13
NEW199,Croissant Maska (Regional Fusion),ea,Steamy Croissants,Product,Direct,OUT,MAN HYD,MAN1,2026-10-07 07:53:13,2026-10-07,Harley's - HYD - Manikonda,MAN,2026-10-07 07:53:13
NEW187,Swiss Black And White Medovik -50g,ea,Harley's Signature Mini-Medovik,Product,Direct,OUT,MAN HYD,MAN1,2026-10-07 07:53:13,2026-10-07,Harley's - HYD - Manikonda,MAN,2026-10-07 07:53:13
NEW186,Sparkling Dark Chocolate Medovik - 50g,ea,Harley's Signature Mini-Medovik,Product,Direct,OUT,MAN HYD,MAN1,2026-10-07 07:53:13,2026-10-07,Harley's - HYD - Manikonda,MAN,2026-10-07 07:53:13
NEW185,Premium Butterscotch Medovik -50g,ea,Harley's Signature Mini-Medovik,Product,Direct,OUT,MAN HYD,MAN1,2026-10-07 07:53:13,2026-10-07,Harley's - HYD - Manikonda,MAN,2026-10-07 07:53:13
NEW184,Pistachio Delight Medovik -50g,ea,Harley's Signature Mini-Medovik,Product,Direct,OUT,MAN HYD,MAN1,2026-10-07 07:53:13,2026-10-07,Harley's - HYD - Manikonda,MAN,2026-10-07 07:53:13
NEW183,Lotus Biscoff Medovik -50g,ea,Harley's Signature Mini-Medovik,Product,Direct,OUT,MAN HYD,MAN1,2026-10-07 07:53:13,2026-10-07,Harley's - HYD - Manikonda,MAN,2026-10-07 07:53:13
NEW182,Italian Tiramisu Medovik -50g,ea,Harley's Signature Mini-Medovik,Product,Direct,OUT,MAN HYD,MAN1,2026-10-07 07:53:13,2026-10-07,Harley's - HYD - Manikonda,MAN,2026-10-07 07:53:13
NEW181,Harley'S Spl. Classic Russian Medovik -50g,ea,Harley's Signature Mini-Medovik,Product,Direct,OUT,MAN HYD,MAN1,2026-10-07 07:53:13,2026-10-07,Harley's - HYD - Manikonda,MAN,2026-10-07 07:53:13
NEW180,French Vanilla Rose Medovik-50g,ea,Harley's Signature Mini-Medovik,Product,Direct,OUT,MAN HYD,MAN1,2026-10-07 07:53:13,2026-10-07,Harley's - HYD - Manikonda,MAN,2026-10-07 07:53:13
NEW179,Ferrero Nutella Medovik -50g,ea,Harley's Signature Mini-Medovik,Product,Direct,OUT,MAN HYD,MAN1,2026-10-07 07:53:13,2026-10-07,Harley's - HYD - Manikonda,MAN,2026-10-07 07:53:13
NEW178,Danish Hazelnut Chocolate Medovik-50g,ea,Harley's Signature Mini-Medovik,Product,Direct,OUT,MAN HYD,MAN1,2026-10-07 07:53:13,2026-10-07,Harley's - HYD - Manikonda,MAN,2026-10-07 07:53:13
NEW177,Belgium Chocolate Medovik -50g,ea,Harley's Signature Mini-Medovik,Product,Direct,OUT,MAN HYD,MAN1,2026-10-07 07:53:13,2026-10-07,Harley's - HYD - Manikonda,MAN,2026-10-07 07:53:13
NEW176,Austrian White Forest Medovik -50g,ea,Harley's Signature Mini-Medovik,Product,Direct,OUT,MAN HYD,MAN1,2026-10-07 07:53:13,2026-10-07,Harley's - HYD - Manikonda,MAN,2026-10-07 07:53:13
NEW175,Signature Belgium Chocolate Medovik Pastry,ea,Harley's Signature Medovik Pastry W/O Macaron,Product,Direct,OUT,MAN HYD,MAN1,2026-10-07 07:53:13,2026-10-07,Harley's - HYD - Manikonda,MAN,2026-10-07 07:53:13
NEW174,Swiss Black & White Medovik Pastry,ea,Harley's Signature Medovik Pastry W/O Macaron,Product,Direct,OUT,MAN HYD,MAN1,2026-10-07 07:53:13,2026-10-07,Harley's - HYD - Manikonda,MAN,2026-10-07 07:53:13
NEW173,Sparkling Dark Chocolate Medovik Pastry,ea,Harley's Signature Medovik Pastry W/O Macaron,Product,Direct,OUT,MAN HYD,MAN1,2026-10-07 07:53:13,2026-10-07,Harley's - HYD - Manikonda,MAN,2026-10-07 07:53:13
NEW172,Premium Butterscotch Medovik Pastry,ea,Harley's Signature Medovik Pastry W/O Macaron,Product,Direct,OUT,MAN HYD,MAN1,2026-10-07 07:53:13,2026-10-07,Harley's - HYD - Manikonda,MAN,2026-10-07 07:53:13
NEW171,Pistachio Delight Medovik Pastry,ea,Harley's Signature Medovik Pastry W/O Macaron,Product,Direct,OUT,MAN HYD,MAN1,2026-10-07 07:53:13,2026-10-07,Harley's - HYD - Manikonda,MAN,2026-10-07 07:53:13
NEW170,Lotus Biscoff Medovik Pastry,ea,Harley's Signature Medovik Pastry W/O Macaron,Product,Direct,OUT,MAN HYD,MAN1,2026-10-07 07:53:13,2026-10-07,Harley's - HYD - Manikonda,MAN,2026-10-07 07:53:13
NEW169,Italian Tiramisu Medovik Pastry,ea,Harley's Signature Medovik Pastry W/O Macaron,Product,Direct,OUT,MAN HYD,MAN1,2026-10-07 07:53:13,2026-10-07,Harley's - HYD - Manikonda,MAN,2026-10-07 07:53:13
NEW168,Harley's Spl. Classic Russian Medovik Pastry,ea,Harley's Signature Medovik Pastry W/O Macaron,Product,Direct,OUT,MAN HYD,MAN1,2026-10-07 07:53:13,2026-10-07,Harley's - HYD - Manikonda,MAN,2026-10-07 07:53:13
NEW167,French Vanilla Rose Medovik Pastry,ea,Harley's Signature Medovik Pastry W/O Macaron,Product,Direct,OUT,MAN HYD,MAN1,2026-10-07 07:53:13,2026-10-07,Harley's - HYD - Manikonda,MAN,2026-10-07 07:53:13
NEW166,Ferrero Nutella Medovik Pastry,ea,Harley's Signature Medovik Pastry W/O Macaron,Product,Direct,OUT,MAN HYD,MAN1,2026-10-07 07:53:13,2026-10-07,Harley's - HYD - Manikonda,MAN,2026-10-07 07:53:13
NEW165,Danish Hazelnut Chocolate Medovik Pastry,ea,Harley's Signature Medovik Pastry W/O Macaron,Product,Direct,OUT,MAN HYD,MAN1,2026-10-07 07:53:13,2026-10-07,Harley's - HYD - Manikonda,MAN,2026-10-07 07:53:13
NEW164,Austrian White Forest Medovik Pastry,ea,Harley's Signature Medovik Pastry W/O Macaron,Product,Direct,OUT,MAN HYD,MAN1,2026-10-07 07:53:13,2026-10-07,Harley's - HYD - Manikonda,MAN,2026-10-07 07:53:13
216,London Viral Whipped Caramel Medovik W/O Macaron,ea,Harley's Signature Medovik Pastry W/O Macaron,Product,Direct,OUT,MAN HYD,MAN1,2026-10-07 07:53:13,2026-10-07,Harley's - HYD - Manikonda,MAN,2026-10-07 07:53:13
NEW139,Belgium Kunafa Chocolate,ea,Harley's Alpha Kunafa Chocolates,Product,Direct,OUT,MAN HYD,MAN1,2026-10-07 07:53:13,2026-10-07,Harley's - HYD - Manikonda,MAN,2026-10-07 07:53:13
NEW138,Biscoff Kunafa Chocolate,ea,Harley's Alpha Kunafa Chocolates,Product,Direct,OUT,MAN HYD,MAN1,2026-10-07 07:53:13,2026-10-07,Harley's - HYD - Manikonda,MAN,2026-10-07 07:53:13
NEW137,Danish Hazelnut Kunafa Chocolate,ea,Harley's Alpha Kunafa Chocolates,Product,Direct,OUT,MAN HYD,MAN1,2026-10-07 07:53:13,2026-10-07,Harley's - HYD - Manikonda,MAN,2026-10-07 07:53:13
NEW136,Ruby Kunafa Chocolate,ea,Harley's Alpha Kunafa Chocolates,Product,Direct,OUT,MAN HYD,MAN1,2026-10-07 07:53:13,2026-10-07,Harley's - HYD - Manikonda,MAN,2026-10-07 07:53:13
NEW135,Almond Kunafa Chocolate,ea,Harley's Alpha Kunafa Chocolates,Product,Direct,OUT,MAN HYD,MAN1,2026-10-07 07:53:13,2026-10-07,Harley's - HYD - Manikonda,MAN,2026-10-07 07:53:13
NEW134,Pistachio Kunafa Chocolate,ea,Harley's Alpha Kunafa Chocolates,Product,Direct,OUT,MAN HYD,MAN1,2026-10-07 07:53:13,2026-10-07,Harley's - HYD - Manikonda,MAN,2026-10-07 07:53:13
NEW119,Juicy Cottage Cheese Sandwich,ea,French Focaccia Bread,Product,Direct,OUT,MAN HYD,MAN1,2026-10-07 07:53:13,2026-10-07,Harley's - HYD - Manikonda,MAN,2026-10-07 07:53:13
NEW118,Spinach & Corn Sandwich,ea,French Focaccia Bread,Product,Direct,OUT,MAN HYD,MAN1,2026-10-07 07:53:13,2026-10-07,Harley's - HYD - Manikonda,MAN,2026-10-07 07:53:13
NEW117,Roasted Veg & Cheese Sandwich,ea,French Focaccia Bread,Product,Direct,OUT,MAN HYD,MAN1,2026-10-07 07:53:13,2026-10-07,Harley's - HYD - Manikonda,MAN,2026-10-07 07:53:13
NEW116,Cilantro Paneer Sandwich,ea,French Focaccia Bread,Product,Direct,OUT,MAN HYD,MAN1,2026-10-07 07:53:13,2026-10-07,Harley's - HYD - Manikonda,MAN,2026-10-07 07:53:13
NEW115,Smoky Caramel Cheesecake -50g,ea,Finely Baked Gourmet Mini-Cheesecake,Product,Direct,OUT,MAN HYD,MAN1,2026-10-07 07:53:13,2026-10-07,Harley's - HYD - Manikonda,MAN,2026-10-07 07:53:13
NEW114,Pistachio Delight Crocante Cheesecake -50g,ea,Finely Baked Gourmet Mini-Cheesecake,Product,Direct,OUT,MAN HYD,MAN1,2026-10-07 07:53:13,2026-10-07,Harley's - HYD - Manikonda,MAN,2026-10-07 07:53:13
NEW113,Lotus Biscoff Cheesecake -50g,ea,Finely Baked Gourmet Mini-Cheesecake,Product,Direct,OUT,MAN HYD,MAN1,2026-10-07 07:53:13,2026-10-07,Harley's - HYD - Manikonda,MAN,2026-10-07 07:53:13
NEW112,Ferrero Nutella Cheesecake -50g,ea,Finely Baked Gourmet Mini-Cheesecake,Product,Direct,OUT,MAN HYD,MAN1,2026-10-07 07:53:13,2026-10-07,Harley's - HYD - Manikonda,MAN,2026-10-07 07:53:13
NEW111,Chef'S Favourite Blueberry Cheesecake -50g,ea,Finely Baked Gourmet Mini-Cheesecake,Product,Direct,OUT,MAN HYD,MAN1,2026-10-07 07:53:13,2026-10-07,Harley's - HYD - Manikonda,MAN,2026-10-07 07:53:13
NEW110,Danish Hazelnut Cheesecake - 50g,ea,Finely Baked Gourmet Mini-Cheesecake,Product,Direct,OUT,MAN HYD,MAN1,2026-10-07 07:53:13,2026-10-07,Harley's - HYD - Manikonda,MAN,2026-10-07 07:53:13
NEW109,Smoky Caramel Cheesecake Pastry,ea,Finely Baked Gourmet Cheesecake Pastry W/O,Product,Direct,OUT,MAN HYD,MAN1,2026-10-07 07:53:13,2026-10-07,Harley's - HYD - Manikonda,MAN,2026-10-07 07:53:13
NEW108,Lotus Biscoff Cheesecake Pastry,ea,Finely Baked Gourmet Cheesecake Pastry W/O,Product,Direct,OUT,MAN HYD,MAN1,2026-10-07 07:53:13,2026-10-07,Harley's - HYD - Manikonda,MAN,2026-10-07 07:53:13
NEW107,Ferrero Nutella Cheesecake Pastry,ea,Finely Baked Gourmet Cheesecake Pastry W/O,Product,Direct,OUT,MAN HYD,MAN1,2026-10-07 07:53:13,2026-10-07,Harley's - HYD - Manikonda,MAN,2026-10-07 07:53:13
NEW106,Chef's Favourite Blueberry Cheesecake Pastry,ea,Finely Baked Gourmet Cheesecake Pastry W/O,Product,Direct,OUT,MAN HYD,MAN1,2026-10-07 07:53:13,2026-10-07,Harley's - HYD - Manikonda,MAN,2026-10-07 07:53:13
NEW105,Belgium Chocolate Cheesecake Pastry,ea,Finely Baked Gourmet Cheesecake Pastry W/O,Product,Direct,OUT,MAN HYD,MAN1,2026-10-07 07:53:13,2026-10-07,Harley's - HYD - Manikonda,MAN,2026-10-07 07:53:13
NEW104,Danish Hazelnut Cheesecake Pastry,ea,Finely Baked Gourmet Cheesecake Pastry W/O,Product,Direct,OUT,MAN HYD,MAN1,2026-10-07 07:53:13,2026-10-07,Harley's - HYD - Manikonda,MAN,2026-10-07 07:53:13
NEW103,Classic Butter Croissant,ea,Croissants,Product,Direct,OUT,MAN HYD,MAN1,2026-10-07 07:53:13,2026-10-07,Harley's - HYD - Manikonda,MAN,2026-10-07 07:53:13
35,Classic Butter Croissants (Pack Of 2),ea,Croissants,Product,Direct,OUT,MAN HYD,MAN1,2026-10-07 07:53:13,2026-10-07,Harley's - HYD - Manikonda,MAN,2026-10-07 07:53:13
22,Belgium Chocolate Criossant,ea,Croissants,Product,Direct,OUT,MAN HYD,MAN1,2026-10-07 07:53:13,2026-10-07,Harley's - HYD - Manikonda,MAN,2026-10-07 07:53:13
NEW100,Cheese Corn Croissant Burger,ea,Croissant Burgers,Product,Direct,OUT,MAN HYD,MAN1,2026-10-07 07:53:13,2026-10-07,Harley's - HYD - Manikonda,MAN,2026-10-07 07:53:13
NEW99,Spinach & Corn Croissant Burger,ea,Croissant Burgers,Product,Direct,OUT,MAN HYD,MAN1,2026-10-07 07:53:13,2026-10-07,Harley's - HYD - Manikonda,MAN,2026-10-07 07:53:13
NEW98,Diced Paneer Croissant Cheese Burger,ea,Croissant Burgers,Product,Direct,OUT,MAN HYD,MAN1,2026-10-07 07:53:13,2026-10-07,Harley's - HYD - Manikonda,MAN,2026-10-07 07:53:13
NEW97,Classic Veg Croissant Burger,ea,Croissant Burgers,Product,Direct,OUT,MAN HYD,MAN1,2026-10-07 07:53:13,2026-10-07,Harley's - HYD - Manikonda,MAN,2026-10-07 07:53:13
NEW94,CG Welcome Kit Assorted Cheesecakes (Pack Of 12),ea,Corporate Bulk Orders,Product,Direct,OUT,MAN HYD,MAN1,2026-10-07 07:53:13,2026-10-07,Harley's - HYD - Manikonda,MAN,2026-10-07 07:53:13
NEW93,CG Welcome Kit Assorted Medoviks (Pack Of 12),ea,Corporate Bulk Orders,Product,Direct,OUT,MAN HYD,MAN1,2026-10-07 07:53:13,2026-10-07,Harley's - HYD - Manikonda,MAN,2026-10-07 07:53:13
NEW92,CG Welcome Kit Assorted Pack Of 9 Cheesecakes And 6 Macarons,ea,Corporate Bulk Orders,Product,Direct,OUT,MAN HYD,MAN1,2026-10-07 07:53:13,2026-10-07,Harley's - HYD - Manikonda,MAN,2026-10-07 07:53:13
NEW90,CG Welcome Kit Assorted Pack Of 4 Medoviks And 4 Macarons,ea,Corporate Bulk Orders,Product,Direct,OUT,MAN HYD,MAN1,2026-10-07 07:53:13,2026-10-07,Harley's - HYD - Manikonda,MAN,2026-10-07 07:53:13
NEW88,CG Welcome Kit Assorted Macrons (Pack of 12),ea,Corporate Bulk Orders,Product,Direct,OUT,MAN HYD,MAN1,2026-10-07 07:53:13,2026-10-07,Harley's - HYD - Manikonda,MAN,2026-10-07 07:53:13
NEW87,CG Welcome Kit Assorted Cheesecakes (Pack of 6),ea,Corporate Bulk Orders,Product,Direct,OUT,MAN HYD,MAN1,2026-10-07 07:53:13,2026-10-07,Harley's - HYD - Manikonda,MAN,2026-10-07 07:53:13
NEW86,CG Welcome Kit Assorted Medovik (Pack of 6),ea,Corporate Bulk Orders,Product,Direct,OUT,MAN HYD,MAN1,2026-10-07 07:53:13,2026-10-07,Harley's - HYD - Manikonda,MAN,2026-10-07 07:53:13
NEW85,CG Festive Assorted Tres Leches (pack of 12),ea,Corporate Bulk Orders,Product,Direct,OUT,MAN HYD,MAN1,2026-10-07 07:53:13,2026-10-07,Harley's - HYD - Manikonda,MAN,2026-10-07 07:53:13
NEW84,CG Festive Assorted Tres Leches (pack of 6),ea,Corporate Bulk Orders,Product,Direct,OUT,MAN HYD,MAN1,2026-10-07 07:53:13,2026-10-07,Harley's - HYD - Manikonda,MAN,2026-10-07 07:53:13
NEW83,CG Festive Assorted Cheesecakes (Pack Of 12),ea,Corporate Bulk Orders,Product,Direct,OUT,MAN HYD,MAN1,2026-10-07 07:53:13,2026-10-07,Harley's - HYD - Manikonda,MAN,2026-10-07 07:53:13
NEW82,CG Festive Assorted Medoviks (Pack Of 12),ea,Corporate Bulk Orders,Product,Direct,OUT,MAN HYD,MAN1,2026-10-07 07:53:13,2026-10-07,Harley's - HYD - Manikonda,MAN,2026-10-07 07:53:13
NEW81,CG Festive Assorted Pack Of 9 Medoviks And 6 Macarons,ea,Corporate Bulk Orders,Product,Direct,OUT,MAN HYD,MAN1,2026-10-07 07:53:13,2026-10-07,Harley's - HYD - Manikonda,MAN,2026-10-07 07:53:13
NEW80,CG Festive Assorted Pack Of 9 Cheesecakes And 6 Macarons,ea,Corporate Bulk Orders,Product,Direct,OUT,MAN HYD,MAN1,2026-10-07 07:53:13,2026-10-07,Harley's - HYD - Manikonda,MAN,2026-10-07 07:53:13
NEW79,CG Festive Assorted Pack Of 4 Medoviks And 4 Macarons,ea,Corporate Bulk Orders,Product,Direct,OUT,MAN HYD,MAN1,2026-10-07 07:53:13,2026-10-07,Harley's - HYD - Manikonda,MAN,2026-10-07 07:53:13
NEW78,CG Festive Assorted Pack Of 4 Cheesecakes And 4 Macarons,ea,Corporate Bulk Orders,Product,Direct,OUT,MAN HYD,MAN1,2026-10-07 07:53:13,2026-10-07,Harley's - HYD - Manikonda,MAN,2026-10-07 07:53:13
NEW77,CG Festive Assorted Macarons (Pack Of 12),ea,Corporate Bulk Orders,Product,Direct,OUT,MAN HYD,MAN1,2026-10-07 07:53:13,2026-10-07,Harley's - HYD - Manikonda,MAN,2026-10-07 07:53:13
NEW76,CG Festive Assorted Cheesecakes (Pack Of 6),ea,Corporate Bulk Orders,Product,Direct,OUT,MAN HYD,MAN1,2026-10-07 07:53:13,2026-10-07,Harley's - HYD - Manikonda,MAN,2026-10-07 07:53:13
NEW75,CG Festive Assorted Medoviks (Pack Of 6),ea,Corporate Bulk Orders,Product,Direct,OUT,MAN HYD,MAN1,2026-10-07 07:53:13,2026-10-07,Harley's - HYD - Manikonda,MAN,2026-10-07 07:53:13
NEW74,CG Assorted pack of 12 Tres Leches,ea,Corporate Bulk Orders,Product,Direct,OUT,MAN HYD,MAN1,2026-10-07 07:53:13,2026-10-07,Harley's - HYD - Manikonda,MAN,2026-10-07 07:53:13
NEW73,CG Assorted pack of 6 Tres Leches,ea,Corporate Bulk Orders,Product,Direct,OUT,MAN HYD,MAN1,2026-10-07 07:53:13,2026-10-07,Harley's - HYD - Manikonda,MAN,2026-10-07 07:53:13
NEW72,CG Assorted Cheesecakes (Pack Of 12),ea,Corporate Bulk Orders,Product,Direct,OUT,MAN HYD,MAN1,2026-10-07 07:53:13,2026-10-07,Harley's - HYD - Manikonda,MAN,2026-10-07 07:53:13
NEW71,CG Assorted Medoviks (Pack Of 12),ea,Corporate Bulk Orders,Product,Direct,OUT,MAN HYD,MAN1,2026-10-07 07:53:13,2026-10-07,Harley's - HYD - Manikonda,MAN,2026-10-07 07:53:13
NEW70,CG Assorted Pack Of 9 Cheesecakes And 6 Macarons,ea,Corporate Bulk Orders,Product,Direct,OUT,MAN HYD,MAN1,2026-10-07 07:53:13,2026-10-07,Harley's - HYD - Manikonda,MAN,2026-10-07 07:53:13
NEW69,CG Assorted Medoviks (Pack Of 6),ea,Corporate Bulk Orders,Product,Direct,OUT,MAN HYD,MAN1,2026-10-07 07:53:13,2026-10-07,Harley's - HYD - Manikonda,MAN,2026-10-07 07:53:13
NEW68,CG Assorted Pack Of 9 Medoviks And 6 Macarons,ea,Corporate Bulk Orders,Product,Direct,OUT,MAN HYD,MAN1,2026-10-07 07:53:13,2026-10-07,Harley's - HYD - Manikonda,MAN,2026-10-07 07:53:13
NEW67,CG Assorted Pack Of 4 Cheesecakes And 4 Macarons,ea,Corporate Bulk Orders,Product,Direct,OUT,MAN HYD,MAN1,2026-10-07 07:53:13,2026-10-07,Harley's - HYD - Manikonda,MAN,2026-10-07 07:53:13
NEW66,CG Assorted Pack Of 4 Medoviks And 4 Macarons,ea,Corporate Bulk Orders,Product,Direct,OUT,MAN HYD,MAN1,2026-10-07 07:53:13,2026-10-07,Harley's - HYD - Manikonda,MAN,2026-10-07 07:53:13
NEW65,CG Assorted Macarons (Pack Of 12),ea,Corporate Bulk Orders,Product,Direct,OUT,MAN HYD,MAN1,2026-10-07 07:53:13,2026-10-07,Harley's - HYD - Manikonda,MAN,2026-10-07 07:53:13
NEW64,CG Assorted Cheesecakes (Pack Of 6),ea,Corporate Bulk Orders,Product,Direct,OUT,MAN HYD,MAN1,2026-10-07 07:53:13,2026-10-07,Harley's - HYD - Manikonda,MAN,2026-10-07 07:53:13
NEW57,Iced Americano,ea,Coffee Brews (Cold),Product,Direct,OUT,MAN HYD,MAN1,2026-10-07 07:53:13,2026-10-07,Harley's - HYD - Manikonda,MAN,2026-10-07 07:53:13
NEW55,All Time Classic Cold Coffee,ea,Coffee Brews (Cold),Product,Direct,OUT,MAN HYD,MAN1,2026-10-07 07:53:13,2026-10-07,Harley's - HYD - Manikonda,MAN,2026-10-07 07:53:13
NEW54,Vietnamese Cold Coffee,ea,Coffee Brews (Cold),Product,Direct,OUT,MAN HYD,MAN1,2026-10-07 07:53:13,2026-10-07,Harley's - HYD - Manikonda,MAN,2026-10-07 07:53:13
NEW53,White Russian Cold Coffee,ea,Coffee Brews (Cold),Product,Direct,OUT,MAN HYD,MAN1,2026-10-07 07:53:13,2026-10-07,Harley's - HYD - Manikonda,MAN,2026-10-07 07:53:13
NEW52,Choco Mocha Cold Coffee,ea,Coffee Brews (Cold),Product,Direct,OUT,MAN HYD,MAN1,2026-10-07 07:53:13,2026-10-07,Harley's - HYD - Manikonda,MAN,2026-10-07 07:53:13
NEW51,Choco Medovik Hot Chocolate,ea,Cocoa Brews (Hot),Product,Direct,OUT,MAN HYD,MAN1,2026-10-07 07:53:13,2026-10-07,Harley's - HYD - Manikonda,MAN,2026-10-07 07:53:13
NEW50,Classic Hot Chocolate,ea,Cocoa Brews (Hot),Product,Direct,OUT,MAN HYD,MAN1,2026-10-07 07:53:13,2026-10-07,Harley's - HYD - Manikonda,MAN,2026-10-07 07:53:13
NEW49,Danish Hazelnut Hot Chocolate,ea,Cocoa Brews (Hot),Product,Direct,OUT,MAN HYD,MAN1,2026-10-07 07:53:13,2026-10-07,Harley's - HYD - Manikonda,MAN,2026-10-07 07:53:13
NEW48,Honey Caramel Hot Chocolate,ea,Cocoa Brews (Hot),Product,Direct,OUT,MAN HYD,MAN1,2026-10-07 07:53:13,2026-10-07,Harley's - HYD - Manikonda,MAN,2026-10-07 07:53:13
NEW43,House Blend Roasted Hazelnut Shake,ea,Cake Shake Indulgence,Product,Direct,OUT,MAN HYD,MAN1,2026-10-07 07:53:13,2026-10-07,Harley's - HYD - Manikonda,MAN,2026-10-07 07:53:13
NEW42,Italian Pistachio Medovik Shake,ea,Cake Shake Indulgence,Product,Direct,OUT,MAN HYD,MAN1,2026-10-07 07:53:13,2026-10-07,Harley's - HYD - Manikonda,MAN,2026-10-07 07:53:13
NEW41,Belgium Chocolate Medovik Shake,ea,Cake Shake Indulgence,Product,Direct,OUT,MAN HYD,MAN1,2026-10-07 07:53:13,2026-10-07,Harley's - HYD - Manikonda,MAN,2026-10-07 07:53:13
NEW40,Tiramisu Medovik Coffee Shake,ea,Cake Shake Indulgence,Product,Direct,OUT,MAN HYD,MAN1,2026-10-07 07:53:13,2026-10-07,Harley's - HYD - Manikonda,MAN,2026-10-07 07:53:13
NEW39,American Blueberry Cake Shake,ea,Cake Shake Indulgence,Product,Direct,OUT,MAN HYD,MAN1,2026-10-07 07:53:13,2026-10-07,Harley's - HYD - Manikonda,MAN,2026-10-07 07:53:13
NEW17,Belgium Kunafa Chocolate (Pack of 2),ea,Assorted Chocolate Treats,Product,Direct,OUT,MAN HYD,MAN1,2026-10-07 07:53:13,2026-10-07,Harley's - HYD - Manikonda,MAN,2026-10-07 07:53:13
NEW16,Biscoff Kunafa Chocolate (Pack of 2),ea,Assorted Chocolate Treats,Product,Direct,OUT,MAN HYD,MAN1,2026-10-07 07:53:13,2026-10-07,Harley's - HYD - Manikonda,MAN,2026-10-07 07:53:13
NEW10,Danish Hazelnut Kunafa Chocolate (Pack of 2),ea,Assorted Chocolate Treats,Product,Direct,OUT,MAN HYD,MAN1,2026-10-07 07:53:13,2026-10-07,Harley's - HYD - Manikonda,MAN,2026-10-07 07:53:13
NEW8,Ruby Kunafa Chocolate (Pack of 2),ea,Assorted Chocolate Treats,Product,Direct,OUT,MAN HYD,MAN1,2026-10-07 07:53:13,2026-10-07,Harley's - HYD - Manikonda,MAN,2026-10-07 07:53:13
NEW7,Almond Kunafa Chocolate (Pack of 2),ea,Assorted Chocolate Treats,Product,Direct,OUT,MAN HYD,MAN1,2026-10-07 07:53:13,2026-10-07,Harley's - HYD - Manikonda,MAN,2026-10-07 07:53:13
NEW6,Pistachio Kunafa Chocolate (Pack of 2),ea,Assorted Chocolate Treats,Product,Direct,OUT,MAN HYD,MAN1,2026-10-07 07:53:13,2026-10-07,Harley's - HYD - Manikonda,MAN,2026-10-07 07:53:13
NEW35,Dragees (Pack of 6),ea,Assorted Chocolate Treats,Product,Direct,OUT,MAN HYD,MAN1,2026-10-07 07:53:13,2026-10-07,Harley's - HYD - Manikonda,MAN,2026-10-07 07:53:13
NEW34,White & Ruby Hazelnut Dragees (Pack of 2),ea,Assorted Chocolate Treats,Product,Direct,OUT,MAN HYD,MAN1,2026-10-07 07:53:13,2026-10-07,Harley's - HYD - Manikonda,MAN,2026-10-07 07:53:13
NEW32,Ruby Hazelnut Dragees (Pack of 2),ea,Assorted Chocolate Treats,Product,Direct,OUT,MAN HYD,MAN1,2026-10-07 07:53:13,2026-10-07,Harley's - HYD - Manikonda,MAN,2026-10-07 07:53:13
NEW33,Belgium Hazelnut Dragees (Pack of 2),ea,Assorted Chocolate Treats,Product,Direct,OUT,MAN HYD,MAN1,2026-10-07 07:53:13,2026-10-07,Harley's - HYD - Manikonda,MAN,2026-10-07 07:53:13
NEW31,White Hazelnut Dragees (Pack of 2),ea,Assorted Chocolate Treats,Product,Direct,OUT,MAN HYD,MAN1,2026-10-07 07:53:13,2026-10-07,Harley's - HYD - Manikonda,MAN,2026-10-07 07:53:13
NEW27,Assorted Foy'tin Cheesecakes (Pack of 6),ea,Assorted Chocolate Treats,Product,Direct,OUT,MAN HYD,MAN1,2026-10-07 07:53:13,2026-10-07,Harley's - HYD - Manikonda,MAN,2026-10-07 07:53:13
NEW28,Assorted Dragees,ea,Assorted Chocolate Treats,Product,Direct,OUT,MAN HYD,MAN1,2026-10-07 07:53:13,2026-10-07,Harley's - HYD - Manikonda,MAN,2026-10-07 07:53:13
NEW29,Milk Hazelnut Dragees (Pack of 2),ea,Assorted Chocolate Treats,Product,Direct,OUT,MAN HYD,MAN1,2026-10-07 07:53:13,2026-10-07,Harley's - HYD - Manikonda,MAN,2026-10-07 07:53:13
NEW30,Dark Hazelnut Dragees (Pack of 2),ea,Assorted Chocolate Treats,Product,Direct,OUT,MAN HYD,MAN1,2026-10-07 07:53:13,2026-10-07,Harley's - HYD - Manikonda,MAN,2026-10-07 07:53:13
NEW26,Assorted Foy'tin Cakes (Pack of 6),ea,Assorted Chocolate Treats,Product,Direct,OUT,MAN HYD,MAN1,2026-10-07 07:53:13,2026-10-07,Harley's - HYD - Manikonda,MAN,2026-10-07 07:53:13
NEW24,Assorted Chocolate Macarons (Pack of 5),ea,Assorted Chocolate Treats,Product,Direct,OUT,MAN HYD,MAN1,2026-10-07 07:53:13,2026-10-07,Harley's - HYD - Manikonda,MAN,2026-10-07 07:53:13
NEW25,Assorted Kunafa Chocolates (Pack of 6),ea,Assorted Chocolate Treats,Product,Direct,OUT,MAN HYD,MAN1,2026-10-07 07:53:13,2026-10-07,Harley's - HYD - Manikonda,MAN,2026-10-07 07:53:13
NEW13,Belgium Choco Foy'tin Cake (Pack of 2),ea,Assorted Chocolate Treats,Product,Direct,OUT,MAN HYD,MAN1,2026-10-07 07:53:13,2026-10-07,Harley's - HYD - Manikonda,MAN,2026-10-07 07:53:13
131,Whole Wheat Bread (400gms),ea,Breads,Product,Direct,OUT,MAN HYD,MAN1,2026-10-07 07:53:13,2026-10-07,Harley's - HYD - Manikonda,MAN,2026-10-07 07:53:13
91,Multigrain Bread (400g),ea,Breads,Product,Direct,OUT,MAN HYD,MAN1,2026-10-07 07:53:13,2026-10-07,Harley's - HYD - Manikonda,MAN,2026-10-07 07:53:13
86,Milk Bread(400G),ea,Breads,Product,Direct,OUT,MAN HYD,MAN1,2026-10-07 07:53:13,2026-10-07,Harley's - HYD - Manikonda,MAN,2026-10-07 07:53:13
130,Tiramisu Tres leches (Pack of 2),ea,Tres Leches Cakes (Mexican Special),Product,Direct,OUT,MAN HYD,MAN1,2026-10-07 07:53:13,2026-10-07,Harley's - HYD - Manikonda,MAN,2026-10-07 07:53:13
106,Premium Blueberry Tres Leches (Pack of 2),ea,Tres Leches Cakes (Mexican Special),Product,Direct,OUT,MAN HYD,MAN1,2026-10-07 07:53:13,2026-10-07,Harley's - HYD - Manikonda,MAN,2026-10-07 07:53:13
104,Pistachio Tres Leches (Pack of 2),ea,Tres Leches Cakes (Mexican Special),Product,Direct,OUT,MAN HYD,MAN1,2026-10-07 07:53:13,2026-10-07,Harley's - HYD - Manikonda,MAN,2026-10-07 07:53:13
84,Lotus Biscoff Tres Leches (Pack of 2),ea,Tres Leches Cakes (Mexican Special),Product,Direct,OUT,MAN HYD,MAN1,2026-10-07 07:53:13,2026-10-07,Harley's - HYD - Manikonda,MAN,2026-10-07 07:53:13
36,Classic Mexican Tres Leches  (Pack of 2),ea,Tres Leches Cakes (Mexican Special),Product,Direct,OUT,MAN HYD,MAN1,2026-10-07 07:53:13,2026-10-07,Harley's - HYD - Manikonda,MAN,2026-10-07 07:53:13
24,Belgium Chocolate Tres Leches (Pack of 2),ea,Tres Leches Cakes (Mexican Special),Product,Direct,OUT,MAN HYD,MAN1,2026-10-07 07:53:13,2026-10-07,Harley's - HYD - Manikonda,MAN,2026-10-07 07:53:13
23,Belgium Chocolate Macarons (Pack Of 5),ea,Harley's French Macarons,Product,Direct,OUT,MAN HYD,MAN1,2026-10-07 07:53:13,2026-10-07,Harley's - HYD - Manikonda,MAN,2026-10-07 07:53:13
85,Mighty Mango Macarons (Pack Of 5),ea,Harley's French Macarons,Product,Direct,OUT,MAN HYD,MAN1,2026-10-07 07:53:13,2026-10-07,Harley's - HYD - Manikonda,MAN,2026-10-07 07:53:13
37,Clementine Orange Macarons (Pack Of 5),ea,Harley's French Macarons,Product,Direct,OUT,MAN HYD,MAN1,2026-10-07 07:53:13,2026-10-07,Harley's - HYD - Manikonda,MAN,2026-10-07 07:53:13
98,Passion Fruit & Lemon Fusion Macarons (Pack Of 5),ea,Harley's French Macarons,Product,Direct,OUT,MAN HYD,MAN1,2026-10-07 07:53:13,2026-10-07,Harley's - HYD - Manikonda,MAN,2026-10-07 07:53:13
63,Harley's Signatures (Pack of 8),ea,Chef's Table,Product,Direct,OUT,MAN HYD,MAN1,2026-10-07 07:53:17,2026-10-07,Harley's - HYD - Manikonda,MAN,2026-10-07 07:53:17
64,Harley's Special Mawa Bar Cake (250 Gms),ea,Barcakes & Muffins,Product,Direct,OUT,MAN HYD,MAN1,2026-10-07 07:53:27,2026-10-07,Harley's - HYD - Manikonda,MAN,2026-10-07 07:53:27
47,Double Chocolate Bar Cake (250 gms),ea,Barcakes & Muffins,Product,Direct,OUT,MAN HYD,MAN1,2026-10-07 07:53:27,2026-10-07,Harley's - HYD - Manikonda,MAN,2026-10-07 07:53:27
34,Chocochip Muffin (Pack Of 2),ea,Barcakes & Muffins,Product,Direct,OUT,MAN HYD,MAN1,2026-10-07 07:53:27,2026-10-07,Harley's - HYD - Manikonda,MAN,2026-10-07 07:53:27
33,Choco Mawa Bar Cake 250 gms,ea,Barcakes & Muffins,Product,Direct,OUT,MAN HYD,MAN1,2026-10-07 07:53:27,2026-10-07,Harley's - HYD - Manikonda,MAN,2026-10-07 07:53:27
27,Blueberry Muffin (Pack Of 2),ea,Barcakes & Muffins,Product,Direct,OUT,MAN HYD,MAN1,2026-10-07 07:53:27,2026-10-07,Harley's - HYD - Manikonda,MAN,2026-10-07 07:53:27
K3G9,Customized Cake,ea,Harley's Grand Celebration Medovik Cakes,Product,Direct,OUT,MAN HYD,MAN1,2026-10-07 07:53:38,2026-10-07,Harley's - HYD - Manikonda,MAN,2026-10-07 07:53:38
15,Austrian White Forest Medovik Cake,ea,Harley's Grand Celebration Medovik Cakes,Product,Direct,OUT,MAN HYD,MAN1,2026-10-07 07:53:46,2026-10-07,Harley's - HYD - Manikonda,MAN,2026-10-07 07:53:46
100,Pistachio Delight Medovik Cake,ea,Harley's Grand Celebration Medovik Cakes,Product,Direct,OUT,MAN HYD,MAN1,2026-10-07 07:53:46,2026-10-07,Harley's - HYD - Manikonda,MAN,2026-10-07 07:53:46
101,Pistachio Delight Medovik Cake,ea,Harley's Grand Celebration Medovik Cakes,Product,Direct,OUT,MAN HYD,MAN1,2026-10-07 07:53:46,2026-10-07,Harley's - HYD - Manikonda,MAN,2026-10-07 07:53:46
60,French Vanilla Strawberry Rose Medovik Cake,ea,Harley's Grand Celebration Medovik Cakes,Product,Direct,OUT,MAN HYD,MAN1,2026-10-07 07:53:46,2026-10-07,Harley's - HYD - Manikonda,MAN,2026-10-07 07:53:46
44,Danish Hazelnut Chocolate Medovik Cake,ea,Harley's Grand Celebration Medovik Cakes,Product,Direct,OUT,MAN HYD,MAN1,2026-10-07 07:53:51,2026-10-07,Harley's - HYD - Manikonda,MAN,2026-10-07 07:53:51
45,Danish Hazelnut Chocolate Medovik Cake,ea,Harley's Grand Celebration Medovik Cakes,Product,Direct,OUT,MAN HYD,MAN1,2026-10-07 07:53:51,2026-10-07,Harley's - HYD - Manikonda,MAN,2026-10-07 07:53:51
212,London Viral Whipped Caramel Medovik Cake,ea,Harley's Grand Celebration Medovik Cakes,Product,Direct,OUT,MAN HYD,MAN1,2026-10-07 07:54:01,2026-10-07,Harley's - HYD - Manikonda,MAN,2026-10-07 07:54:01
213,London Viral Whipped Caramel Medovik Cake,ea,Harley's Grand Celebration Medovik Cakes,Product,Direct,OUT,MAN HYD,MAN1,2026-10-07 07:54:01,2026-10-07,Harley's - HYD - Manikonda,MAN,2026-10-07 07:54:01
72,Italian Tiramisu Medovik Cake,ea,Harley's Grand Celebration Medovik Cakes,Product,Direct,OUT,MAN HYD,MAN1,2026-10-07 07:54:06,2026-10-07,Harley's - HYD - Manikonda,MAN,2026-10-07 07:54:06
73,Italian Tiramisu Medovik Cake,ea,Harley's Grand Celebration Medovik Cakes,Product,Direct,OUT,MAN HYD,MAN1,2026-10-07 07:54:06,2026-10-07,Harley's - HYD - Manikonda,MAN,2026-10-07 07:54:06
105,Premium Banana Walnut Bar Cake (250 Gms),ea,Barcakes & Muffins,Product,Direct,OUT,MGR MAN HYD,MGRMAN,2026-10-07 09:31:27,2026-10-07,Harley's - HYD - Manikonda,MAN,2026-10-07 09:31:27
119,Smoky Caramel Cheesecake,ea,Harley's Gourmet Celebration Cheesecakes,Product,Direct,IN,MAN HYD,MAN1,2026-10-07 12:00:56,2026-10-07,Harley's - HYD - Manikonda,MAN,2026-10-07 12:00:56
118,Smoky Caramel Cheesecake,ea,Harley's Gourmet Celebration Cheesecakes,Product,Direct,IN,MAN HYD,MAN1,2026-10-07 12:00:56,2026-10-07,Harley's - HYD - Manikonda,MAN,2026-10-07 12:00:56
49,Ferrero Nutella Cheesecake,ea,Harley's Gourmet Celebration Cheesecakes,Product,Direct,IN,MAN HYD,MAN1,2026-10-07 12:00:56,2026-10-07,Harley's - HYD - Manikonda,MAN,2026-10-07 12:00:56
50,Ferrero Nutella Cheesecake,ea,Harley's Gourmet Celebration Cheesecakes,Product,Direct,IN,MAN HYD,MAN1,2026-10-07 12:00:56,2026-10-07,Harley's - HYD - Manikonda,MAN,2026-10-07 12:00:56
19,Belgium Chocolate Cheesecake,ea,Harley's Gourmet Celebration Cheesecakes,Product,Direct,IN,MAN HYD,MAN1,2026-10-07 12:00:56,2026-10-07,Harley's - HYD - Manikonda,MAN,2026-10-07 12:00:56
20,Belgium Chocolate Cheesecake,ea,Harley's Gourmet Celebration Cheesecakes,Product,Direct,IN,MAN HYD,MAN1,2026-10-07 12:00:56,2026-10-07,Harley's - HYD - Manikonda,MAN,2026-10-07 12:00:56
77,Lotus Biscoff Cheesecake,ea,Harley's Gourmet Celebration Cheesecakes,Product,Direct,IN,MAN HYD,MAN1,2026-10-07 12:00:56,2026-10-07,Harley's - HYD - Manikonda,MAN,2026-10-07 12:00:56
76,Lotus Biscoff Cheesecake,ea,Harley's Gourmet Celebration Cheesecakes,Product,Direct,IN,MAN HYD,MAN1,2026-10-07 12:00:56,2026-10-07,Harley's - HYD - Manikonda,MAN,2026-10-07 12:00:56
40,Danish Hazelnut Cheesecake,ea,Harley's Gourmet Celebration Cheesecakes,Product,Direct,IN,MAN HYD,MAN1,2026-10-07 12:00:56,2026-10-07,Harley's - HYD - Manikonda,MAN,2026-10-07 12:00:56
39,Danish Hazelnut Cheesecake,ea,Harley's Gourmet Celebration Cheesecakes,Product,Direct,IN,MAN HYD,MAN1,2026-10-07 12:00:56,2026-10-07,Harley's - HYD - Manikonda,MAN,2026-10-07 12:00:56
30,Chef's Favourite Blueberry Cheesecake,ea,Harley's Gourmet Celebration Cheesecakes,Product,Direct,IN,MAN HYD,MAN1,2026-10-07 12:00:56,2026-10-07,Harley's - HYD - Manikonda,MAN,2026-10-07 12:00:56
31,Chef's Favourite Blueberry Cheesecake,ea,Harley's Gourmet Celebration Cheesecakes,Product,Direct,IN,MAN HYD,MAN1,2026-10-07 12:00:56,2026-10-07,Harley's - HYD - Manikonda,MAN,2026-10-07 12:00:56
120,Smoky Caramel Cheesecake With Macaron,ea,Finely Baked Cheesecake Pastry,Product,Direct,IN,MAN HYD,MAN1,2026-10-07 12:01:00,2026-10-07,Harley's - HYD - Manikonda,MAN,2026-10-07 12:01:00
78,Lotus Biscoff Cheesecake With Macaron,ea,Finely Baked Cheesecake Pastry,Product,Direct,IN,MAN HYD,MAN1,2026-10-07 12:01:00,2026-10-07,Harley's - HYD - Manikonda,MAN,2026-10-07 12:01:00
51,Ferrero Nutella Cheesecake With Macaron,ea,Finely Baked Cheesecake Pastry,Product,Direct,IN,MAN HYD,MAN1,2026-10-07 12:01:00,2026-10-07,Harley's - HYD - Manikonda,MAN,2026-10-07 12:01:00
41,Danish Hazelnut Cheesecake With Macaron,ea,Finely Baked Cheesecake Pastry,Product,Direct,IN,MAN HYD,MAN1,2026-10-07 12:01:00,2026-10-07,Harley's - HYD - Manikonda,MAN,2026-10-07 12:01:00
32,Chef's Favourite Blueberry Cheesecake With Macaron,ea,Finely Baked Cheesecake Pastry,Product,Direct,IN,MAN HYD,MAN1,2026-10-07 12:01:00,2026-10-07,Harley's - HYD - Manikonda,MAN,2026-10-07 12:01:00
21,Belgium Chocolate Cheesecake With Macaron,ea,Finely Baked Cheesecake Pastry,Product,Direct,IN,MAN HYD,MAN1,2026-10-07 12:01:00,2026-10-07,Harley's - HYD - Manikonda,MAN,2026-10-07 12:01:00
214,London Viral Whipped Caramel Medovik With Macaron,ea,Harley's Signature Medovik Pastry,Product,Direct,IN,MAN HYD,MAN1,2026-10-07 12:01:04,2026-10-07,Harley's - HYD - Manikonda,MAN,2026-10-07 12:01:04
133,Assorted Cheesecakes (Pack Of 6),ea,Harley's Sweet Home Assortments,Product,Direct,IN,MAN HYD,MAN1,2026-10-07 12:01:15,2026-10-07,Harley's - HYD - Manikonda,MAN,2026-10-07 12:01:15
132,Assorted Cheesecakes (Pack Of 12),ea,Harley's Sweet Home Assortments,Product,Direct,IN,MAN HYD,MAN1,2026-10-07 12:01:15,2026-10-07,Harley's - HYD - Manikonda,MAN,2026-10-07 12:01:15
96,Pack Of 9 Cheesecakes And 6 Macarons,ea,All Time Favourite Combinations,Product,Direct,IN,MAN HYD,MAN1,2026-10-07 12:01:22,2026-10-07,Harley's - HYD - Manikonda,MAN,2026-10-07 12:01:22
94,Pack Of 6 Cheesecakes And 12 Macarons,ea,All Time Favourite Combinations,Product,Direct,IN,MAN HYD,MAN1,2026-10-07 12:01:22,2026-10-07,Harley's - HYD - Manikonda,MAN,2026-10-07 12:01:22
92,Pack Of 4 Cheesecakes And 4 Macarons,ea,All Time Favourite Combinations,Product,Direct,IN,MAN HYD,MAN1,2026-10-07 12:01:22,2026-10-07,Harley's - HYD - Manikonda,MAN,2026-10-07 12:01:22
TB22,Pistachio Bento Cheesecake,ea,Party Cheesecakes,Product,Direct,IN,MAN HYD,MAN1,2026-10-07 12:01:36,2026-10-07,Harley's - HYD - Manikonda,MAN,2026-10-07 12:01:36
TB21,Lotus Biscoff Bento Cheesecake,ea,Party Cheesecakes,Product,Direct,IN,MAN HYD,MAN1,2026-10-07 12:01:36,2026-10-07,Harley's - HYD - Manikonda,MAN,2026-10-07 12:01:36
TB20,Nutella Bento Cheesecake,ea,Party Cheesecakes,Product,Direct,IN,MAN HYD,MAN1,2026-10-07 12:01:36,2026-10-07,Harley's - HYD - Manikonda,MAN,2026-10-07 12:01:36
TB19,Blueberry Bento Cheesecake,ea,Party Cheesecakes,Product,Direct,IN,MAN HYD,MAN1,2026-10-07 12:01:36,2026-10-07,Harley's - HYD - Manikonda,MAN,2026-10-07 12:01:36
TB17,Strawberry Bento Cheesecake,ea,Party Cheesecakes,Product,Direct,IN,MAN HYD,MAN1,2026-10-07 12:01:36,2026-10-07,Harley's - HYD - Manikonda,MAN,2026-10-07 12:01:36
TB16,Caramel Bento Cheesecake,ea,Party Cheesecakes,Product,Direct,IN,MAN HYD,MAN1,2026-10-07 12:01:36,2026-10-07,Harley's - HYD - Manikonda,MAN,2026-10-07 12:01:36
TB15,Chocolate Bento Cheesecake,ea,Party Cheesecakes,Product,Direct,IN,MAN HYD,MAN1,2026-10-07 12:01:36,2026-10-07,Harley's - HYD - Manikonda,MAN,2026-10-07 12:01:36
TB14,Hazelnut Bento Cheesecake,ea,Party Cheesecakes,Product,Direct,IN,MAN HYD,MAN1,2026-10-07 12:01:36,2026-10-07,Harley's - HYD - Manikonda,MAN,2026-10-07 12:01:36
63,Harley's Signatures (Pack of 8),ea,Chef's Table,Product,Direct,IN,MAN HYD,MAN1,2026-10-07 12:02:02,2026-10-07,Harley's - HYD - Manikonda,MAN,2026-10-07 12:02:02
64,Harley's Special Mawa Bar Cake (250 Gms),ea,Barcakes & Muffins,Product,Direct,IN,MAN HYD,MAN1,2026-10-07 12:02:02,2026-10-07,Harley's - HYD - Manikonda,MAN,2026-10-07 12:02:02
15,Austrian White Forest Medovik Cake,ea,Harley's Grand Celebration Medovik Cakes,Product,Direct,IN,MAN HYD,MAN1,2026-10-07 12:02:02,2026-10-07,Harley's - HYD - Manikonda,MAN,2026-10-07 12:02:02
60,French Vanilla Strawberry Rose Medovik Cake,ea,Harley's Grand Celebration Medovik Cakes,Product,Direct,IN,MAN HYD,MAN1,2026-10-07 12:02:02,2026-10-07,Harley's - HYD - Manikonda,MAN,2026-10-07 12:02:02
212,London Viral Whipped Caramel Medovik Cake,ea,Harley's Grand Celebration Medovik Cakes,Product,Direct,IN,MAN HYD,MAN1,2026-10-07 12:02:02,2026-10-07,Harley's - HYD - Manikonda,MAN,2026-10-07 12:02:02
213,London Viral Whipped Caramel Medovik Cake,ea,Harley's Grand Celebration Medovik Cakes,Product,Direct,IN,MAN HYD,MAN1,2026-10-07 12:02:02,2026-10-07,Harley's - HYD - Manikonda,MAN,2026-10-07 12:02:02
105,Premium Banana Walnut Bar Cake (250 Gms),ea,Barcakes & Muffins,Product,Direct,IN,MAN HYD,MAN1,2026-10-07 12:02:02,2026-10-07,Harley's - HYD - Manikonda,MAN,2026-10-07 12:02:02
15,Austrian White Forest Medovik Cake,ea,Harley's Grand Celebration Medovik Cakes,Product,Direct,OUT,MGR MAN HYD,MGRMAN,2026-10-07 13:00:55,2026-10-07,Harley's - HYD - Manikonda,MAN,2026-10-07 13:00:55
60,French Vanilla Strawberry Rose Medovik Cake,ea,Harley's Grand Celebration Medovik Cakes,Product,Direct,OUT,MGR MAN HYD,MGRMAN,2026-10-07 13:00:55,2026-10-07,Harley's - HYD - Manikonda,MAN,2026-10-07 13:00:55
46,Danish Hazelnut Chocolate Medovik With Macaron,ea,Harley's Signature Medovik Pastry,Product,Direct,OUT,MGR MAN HYD,MGRMAN,2026-10-07 13:00:55,2026-10-07,Harley's - HYD - Manikonda,MAN,2026-10-07 13:00:55
39,Danish Hazelnut Cheesecake,ea,Harley's Gourmet Celebration Cheesecakes,Product,Direct,OUT,MGR MAN HYD,MGRMAN,2026-10-07 13:00:55,2026-10-07,Harley's - HYD - Manikonda,MAN,2026-10-07 13:00:55
40,Danish Hazelnut Cheesecake,ea,Harley's Gourmet Celebration Cheesecakes,Product,Direct,OUT,MGR MAN HYD,MGRMAN,2026-10-07 13:00:55,2026-10-07,Harley's - HYD - Manikonda,MAN,2026-10-07 13:00:55
41,Danish Hazelnut Cheesecake With Macaron,ea,Finely Baked Cheesecake Pastry,Product,Direct,OUT,MGR MAN HYD,MGRMAN,2026-10-07 13:34:14,2026-10-07,Harley's - HYD - Manikonda,MAN,2026-10-07 13:34:14
82,Lotus Biscoff Medovik Cake,ea,Harley's Grand Celebration Medovik Cakes,Product,Direct,IN,ODE HYD,ODE1,2026-10-07 10:05:08,2026-10-07,Harlye's - HYD - Odeon Mall,ODE,2026-10-07 10:05:08
54,Ferrero Nutella Medovik Cake,ea,Harley's Grand Celebration Medovik Cakes,Product,Direct,IN,ODE HYD,ODE1,2026-10-07 10:05:08,2026-10-07,Harlye's - HYD - Odeon Mall,ODE,2026-10-07 10:05:08
213,London Viral Whipped Caramel Medovik Cake,ea,Harley's Grand Celebration Medovik Cakes,Product,Direct,IN,ODE HYD,ODE1,2026-10-07 10:05:08,2026-10-07,Harlye's - HYD - Odeon Mall,ODE,2026-10-07 10:05:08
212,London Viral Whipped Caramel Medovik Cake,ea,Harley's Grand Celebration Medovik Cakes,Product,Direct,IN,ODE HYD,ODE1,2026-10-07 10:05:08,2026-10-07,Harlye's - HYD - Odeon Mall,ODE,2026-10-07 10:05:08
14,Austrian White Forest Medovik Cake,ea,Harley's Grand Celebration Medovik Cakes,Product,Direct,IN,ODE HYD,ODE1,2026-10-07 10:05:08,2026-10-07,Harlye's - HYD - Odeon Mall,ODE,2026-10-07 10:05:08
15,Austrian White Forest Medovik Cake,ea,Harley's Grand Celebration Medovik Cakes,Product,Direct,IN,ODE HYD,ODE1,2026-10-07 10:05:08,2026-10-07,Harlye's - HYD - Odeon Mall,ODE,2026-10-07 10:05:08
127,Swiss Black & White Chocolate Medovik Cake,ea,Harley's Grand Celebration Medovik Cakes,Product,Direct,IN,ODE HYD,ODE1,2026-10-07 10:05:08,2026-10-07,Harlye's - HYD - Odeon Mall,ODE,2026-10-07 10:05:08
128,Swiss Black & White Chocolate Medovik Cake,ea,Harley's Grand Celebration Medovik Cakes,Product,Direct,IN,ODE HYD,ODE1,2026-10-07 10:05:08,2026-10-07,Harlye's - HYD - Odeon Mall,ODE,2026-10-07 10:05:08
123,Sparkling Dark Chocolate Medovik Cake,ea,Harley's Grand Celebration Medovik Cakes,Product,Direct,IN,ODE HYD,ODE1,2026-10-07 10:05:08,2026-10-07,Harlye's - HYD - Odeon Mall,ODE,2026-10-07 10:05:08
122,Sparkling Dark Chocolate Medovik Cake,ea,Harley's Grand Celebration Medovik Cakes,Product,Direct,IN,ODE HYD,ODE1,2026-10-07 10:05:08,2026-10-07,Harlye's - HYD - Odeon Mall,ODE,2026-10-07 10:05:08
67,Harley's Spl. Classic Russian Medovik Cake,ea,Harley's Grand Celebration Medovik Cakes,Product,Direct,IN,ODE HYD,ODE1,2026-10-07 10:05:08,2026-10-07,Harlye's - HYD - Odeon Mall,ODE,2026-10-07 10:05:08
60,French Vanilla Strawberry Rose Medovik Cake,ea,Harley's Grand Celebration Medovik Cakes,Product,Direct,IN,ODE HYD,ODE1,2026-10-07 10:05:08,2026-10-07,Harlye's - HYD - Odeon Mall,ODE,2026-10-07 10:05:08
59,French Vanilla Strawberry Rose Medovik Cake,ea,Harley's Grand Celebration Medovik Cakes,Product,Direct,IN,ODE HYD,ODE1,2026-10-07 10:05:08,2026-10-07,Harlye's - HYD - Odeon Mall,ODE,2026-10-07 10:05:08
45,Danish Hazelnut Chocolate Medovik Cake,ea,Harley's Grand Celebration Medovik Cakes,Product,Direct,IN,ODE HYD,ODE1,2026-10-07 10:05:08,2026-10-07,Harlye's - HYD - Odeon Mall,ODE,2026-10-07 10:05:08
109,Premium Butterscotch Medovik Cake,ea,Harley's Grand Celebration Medovik Cakes,Product,Direct,IN,ODE HYD,ODE1,2026-10-07 10:05:08,2026-10-07,Harlye's - HYD - Odeon Mall,ODE,2026-10-07 10:05:08
115,Signature Belgium Chocolate Medovik Cake,ea,Harley's Grand Celebration Medovik Cakes,Product,Direct,IN,ODE HYD,ODE1,2026-10-07 10:05:15,2026-10-07,Harlye's - HYD - Odeon Mall,ODE,2026-10-07 10:05:15
TB27,Chocolate Tres Leches Cake,ea,Tres Leches Party Cakes,Product,Direct,IN,ODE HYD,ODE1,2026-10-07 10:05:26,2026-10-07,Harlye's - HYD - Odeon Mall,ODE,2026-10-07 10:05:26
TB26,Lotus Biscoff Tres Leches Cake,ea,Tres Leches Party Cakes,Product,Direct,IN,ODE HYD,ODE1,2026-10-07 10:05:26,2026-10-07,Harlye's - HYD - Odeon Mall,ODE,2026-10-07 10:05:26
TB25,Pistachio Tres Leches Cake,ea,Tres Leches Party Cakes,Product,Direct,IN,ODE HYD,ODE1,2026-10-07 10:05:26,2026-10-07,Harlye's - HYD - Odeon Mall,ODE,2026-10-07 10:05:26
TB24,Blueberry Tres Leches Cake,ea,Tres Leches Party Cakes,Product,Direct,IN,ODE HYD,ODE1,2026-10-07 10:05:26,2026-10-07,Harlye's - HYD - Odeon Mall,ODE,2026-10-07 10:05:26
TB23,Classic Mexican Tres Leches  Cake,ea,Tres Leches Party Cakes,Product,Direct,IN,ODE HYD,ODE1,2026-10-07 10:05:26,2026-10-07,Harlye's - HYD - Odeon Mall,ODE,2026-10-07 10:05:26
119,Smoky Caramel Cheesecake,ea,Harley's Gourmet Celebration Cheesecakes,Product,Direct,IN,ODE HYD,ODE1,2026-10-07 10:05:38,2026-10-07,Harlye's - HYD - Odeon Mall,ODE,2026-10-07 10:05:38
118,Smoky Caramel Cheesecake,ea,Harley's Gourmet Celebration Cheesecakes,Product,Direct,IN,ODE HYD,ODE1,2026-10-07 10:05:38,2026-10-07,Harlye's - HYD - Odeon Mall,ODE,2026-10-07 10:05:38
49,Ferrero Nutella Cheesecake,ea,Harley's Gourmet Celebration Cheesecakes,Product,Direct,IN,ODE HYD,ODE1,2026-10-07 10:05:38,2026-10-07,Harlye's - HYD - Odeon Mall,ODE,2026-10-07 10:05:38
50,Ferrero Nutella Cheesecake,ea,Harley's Gourmet Celebration Cheesecakes,Product,Direct,IN,ODE HYD,ODE1,2026-10-07 10:05:38,2026-10-07,Harlye's - HYD - Odeon Mall,ODE,2026-10-07 10:05:38
20,Belgium Chocolate Cheesecake,ea,Harley's Gourmet Celebration Cheesecakes,Product,Direct,IN,ODE HYD,ODE1,2026-10-07 10:05:38,2026-10-07,Harlye's - HYD - Odeon Mall,ODE,2026-10-07 10:05:38
77,Lotus Biscoff Cheesecake,ea,Harley's Gourmet Celebration Cheesecakes,Product,Direct,IN,ODE HYD,ODE1,2026-10-07 10:05:38,2026-10-07,Harlye's - HYD - Odeon Mall,ODE,2026-10-07 10:05:38
76,Lotus Biscoff Cheesecake,ea,Harley's Gourmet Celebration Cheesecakes,Product,Direct,IN,ODE HYD,ODE1,2026-10-07 10:05:38,2026-10-07,Harlye's - HYD - Odeon Mall,ODE,2026-10-07 10:05:38
40,Danish Hazelnut Cheesecake,ea,Harley's Gourmet Celebration Cheesecakes,Product,Direct,IN,ODE HYD,ODE1,2026-10-07 10:05:38,2026-10-07,Harlye's - HYD - Odeon Mall,ODE,2026-10-07 10:05:38
39,Danish Hazelnut Cheesecake,ea,Harley's Gourmet Celebration Cheesecakes,Product,Direct,IN,ODE HYD,ODE1,2026-10-07 10:05:38,2026-10-07,Harlye's - HYD - Odeon Mall,ODE,2026-10-07 10:05:38
30,Chef's Favourite Blueberry Cheesecake,ea,Harley's Gourmet Celebration Cheesecakes,Product,Direct,IN,ODE HYD,ODE1,2026-10-07 10:05:38,2026-10-07,Harlye's - HYD - Odeon Mall,ODE,2026-10-07 10:05:38
31,Chef's Favourite Blueberry Cheesecake,ea,Harley's Gourmet Celebration Cheesecakes,Product,Direct,IN,ODE HYD,ODE1,2026-10-07 10:05:38,2026-10-07,Harlye's - HYD - Odeon Mall,ODE,2026-10-07 10:05:38
19,Belgium Chocolate Cheesecake,ea,Harley's Gourmet Celebration Cheesecakes,Product,Direct,IN,ODE HYD,ODE1,2026-10-07 10:05:42,2026-10-07,Harlye's - HYD - Odeon Mall,ODE,2026-10-07 10:05:42
TB22,Pistachio Bento Cheesecake,ea,Party Cheesecakes,Product,Direct,IN,ODE HYD,ODE1,2026-10-07 10:05:55,2026-10-07,Harlye's - HYD - Odeon Mall,ODE,2026-10-07 10:05:55
TB21,Lotus Biscoff Bento Cheesecake,ea,Party Cheesecakes,Product,Direct,IN,ODE HYD,ODE1,2026-10-07 10:05:55,2026-10-07,Harlye's - HYD - Odeon Mall,ODE,2026-10-07 10:05:55
TB20,Nutella Bento Cheesecake,ea,Party Cheesecakes,Product,Direct,IN,ODE HYD,ODE1,2026-10-07 10:05:55,2026-10-07,Harlye's - HYD - Odeon Mall,ODE,2026-10-07 10:05:55
TB19,Blueberry Bento Cheesecake,ea,Party Cheesecakes,Product,Direct,IN,ODE HYD,ODE1,2026-10-07 10:05:55,2026-10-07,Harlye's - HYD - Odeon Mall,ODE,2026-10-07 10:05:55
TB17,Strawberry Bento Cheesecake,ea,Party Cheesecakes,Product,Direct,IN,ODE HYD,ODE1,2026-10-07 10:05:55,2026-10-07,Harlye's - HYD - Odeon Mall,ODE,2026-10-07 10:05:55
TB16,Caramel Bento Cheesecake,ea,Party Cheesecakes,Product,Direct,IN,ODE HYD,ODE1,2026-10-07 10:05:55,2026-10-07,Harlye's - HYD - Odeon Mall,ODE,2026-10-07 10:05:55
TB15,Chocolate Bento Cheesecake,ea,Party Cheesecakes,Product,Direct,IN,ODE HYD,ODE1,2026-10-07 10:05:55,2026-10-07,Harlye's - HYD - Odeon Mall,ODE,2026-10-07 10:05:55
TB14,Hazelnut Bento Cheesecake,ea,Party Cheesecakes,Product,Direct,IN,ODE HYD,ODE1,2026-10-07 10:05:55,2026-10-07,Harlye's - HYD - Odeon Mall,ODE,2026-10-07 10:05:55
TB13,Belgium Chocolate Bento Cake,ea,Bento Party Cakes,Product,Direct,IN,ODE HYD,ODE1,2026-10-07 10:06:05,2026-10-07,Harlye's - HYD - Odeon Mall,ODE,2026-10-07 10:06:05
TB12,Chocolate Truffle Bento Cake,ea,Bento Party Cakes,Product,Direct,IN,ODE HYD,ODE1,2026-10-07 10:06:05,2026-10-07,Harlye's - HYD - Odeon Mall,ODE,2026-10-07 10:06:05
TB11,Pistachio Bento Cake,ea,Bento Party Cakes,Product,Direct,IN,ODE HYD,ODE1,2026-10-07 10:06:05,2026-10-07,Harlye's - HYD - Odeon Mall,ODE,2026-10-07 10:06:05
TB10,Butterscotch Bento Cake,ea,Bento Party Cakes,Product,Direct,IN,ODE HYD,ODE1,2026-10-07 10:06:05,2026-10-07,Harlye's - HYD - Odeon Mall,ODE,2026-10-07 10:06:05
TB9,Lotus Biscoff Bento Cake,ea,Bento Party Cakes,Product,Direct,IN,ODE HYD,ODE1,2026-10-07 10:06:05,2026-10-07,Harlye's - HYD - Odeon Mall,ODE,2026-10-07 10:06:05
TB7,Caramel Bento Cake,ea,Bento Party Cakes,Product,Direct,IN,ODE HYD,ODE1,2026-10-07 10:06:05,2026-10-07,Harlye's - HYD - Odeon Mall,ODE,2026-10-07 10:06:05
TB6,Pink Vanilla Bento Cake,ea,Bento Party Cakes,Product,Direct,IN,ODE HYD,ODE1,2026-10-07 10:06:05,2026-10-07,Harlye's - HYD - Odeon Mall,ODE,2026-10-07 10:06:05
TB5,Hazelnut Choco Bento Cake,ea,Bento Party Cakes,Product,Direct,IN,ODE HYD,ODE1,2026-10-07 10:06:05,2026-10-07,Harlye's - HYD - Odeon Mall,ODE,2026-10-07 10:06:05
72,Italian Tiramisu Medovik Cake,ea,Harley's Grand Celebration Medovik Cakes,Product,Direct,IN,ODE HYD,ODE1,2026-10-07 10:07:52,2026-10-07,Harlye's - HYD - Odeon Mall,ODE,2026-10-07 10:07:52
106,Premium Blueberry Tres Leches (Pack of 2),ea,Tres Leches Cakes (Mexican Special),Product,Direct,OUT,ODE HYD,ODE1,2026-10-07 11:16:50,2026-10-07,Harlye's - HYD - Odeon Mall,ODE,2026-10-07 11:16:50
100,Pistachio Delight Medovik Cake,ea,Harley's Grand Celebration Medovik Cakes,Product,Direct,IN,ODE HYD,ODE1,2026-10-07 12:27:31,2026-10-07,Harlye's - HYD - Odeon Mall,ODE,2026-10-07 12:27:31
101,Pistachio Delight Medovik Cake,ea,Harley's Grand Celebration Medovik Cakes,Product,Direct,IN,ODE HYD,ODE1,2026-10-07 12:27:38,2026-10-07,Harlye's - HYD - Odeon Mall,ODE,2026-10-07 12:27:38
73,Italian Tiramisu Medovik Cake,ea,Harley's Grand Celebration Medovik Cakes,Product,Direct,IN,ODE HYD,ODE1,2026-10-07 12:27:45,2026-10-07,Harlye's - HYD - Odeon Mall,ODE,2026-10-07 12:27:45
TB28,Tiramisu Tres leches Cake,ea,Tres Leches Party Cakes,Product,Direct,IN,ODE HYD,ODE1,2026-10-07 14:57:00,2026-10-07,Harlye's - HYD - Odeon Mall,ODE,2026-10-07 14:57:00
NEW61,Espresso (Doppio),ea,Coffee Brews (Hot),Product,Direct,IN,ODE HYD,ODE1,2026-10-07 14:57:14,2026-10-07,Harlye's - HYD - Odeon Mall,ODE,2026-10-07 14:57:14
130,Tiramisu Tres leches (Pack of 2),ea,Tres Leches Cakes (Mexican Special),Product,Direct,IN,ODE HYD,ODE1,2026-10-07 14:57:32,2026-10-07,Harlye's - HYD - Odeon Mall,ODE,2026-10-07 14:57:32
24,Belgium Chocolate Tres Leches (Pack of 2),ea,Tres Leches Cakes (Mexican Special),Product,Direct,IN,ODE HYD,ODE1,2026-10-07 14:57:32,2026-10-07,Harlye's - HYD - Odeon Mall,ODE,2026-10-07 14:57:32
84,Lotus Biscoff Tres Leches (Pack of 2),ea,Tres Leches Cakes (Mexican Special),Product,Direct,IN,ODE HYD,ODE1,2026-10-07 14:57:32,2026-10-07,Harlye's - HYD - Odeon Mall,ODE,2026-10-07 14:57:32
36,Classic Mexican Tres Leches  (Pack of 2),ea,Tres Leches Cakes (Mexican Special),Product,Direct,IN,ODE HYD,ODE1,2026-10-07 14:57:32,2026-10-07,Harlye's - HYD - Odeon Mall,ODE,2026-10-07 14:57:32
104,Pistachio Tres Leches (Pack of 2),ea,Tres Leches Cakes (Mexican Special),Product,Direct,IN,ODE HYD,ODE1,2026-10-07 14:57:32,2026-10-07,Harlye's - HYD - Odeon Mall,ODE,2026-10-07 14:57:32
106,Premium Blueberry Tres Leches (Pack of 2),ea,Tres Leches Cakes (Mexican Special),Product,Direct,IN,ODE HYD,ODE1,2026-10-07 14:57:32,2026-10-07,Harlye's - HYD - Odeon Mall,ODE,2026-10-07 14:57:32
135,Assorted French Macarons (Pack Of 24),ea,Harley's Sweet Home Assortments,Product,Direct,IN,ODE HYD,ODE1,2026-10-07 14:57:51,2026-10-07,Harlye's - HYD - Odeon Mall,ODE,2026-10-07 14:57:51
NEW47,Belgium Double Chocolate Frappe,ea,Cocoa Brews (Chocolate Frappe),Product,Direct,IN,ODE HYD,ODE1,2026-10-07 14:58:10,2026-10-07,Harlye's - HYD - Odeon Mall,ODE,2026-10-07 14:58:10
NEW45,Danish Hazelnut Chocolate Frappe,ea,Cocoa Brews (Chocolate Frappe),Product,Direct,IN,ODE HYD,ODE1,2026-10-07 14:58:10,2026-10-07,Harlye's - HYD - Odeon Mall,ODE,2026-10-07 14:58:10
NEW44,Dubai Pistachio Chocolate Frappe,ea,Cocoa Brews (Chocolate Frappe),Product,Direct,IN,ODE HYD,ODE1,2026-10-07 14:58:10,2026-10-07,Harlye's - HYD - Odeon Mall,ODE,2026-10-07 14:58:10
NEW52,Choco Mocha Cold Coffee,ea,Coffee Brews (Cold),Product,Direct,IN,ODE HYD,ODE1,2026-10-07 14:58:48,2026-10-07,Harlye's - HYD - Odeon Mall,ODE,2026-10-07 14:58:48
TB18,Tiramisu Bento Cheesecake,ea,Party Cheesecakes,Product,Direct,IN,ODE HYD,ODE1,2026-10-07 17:11:18,2026-10-07,Harlye's - HYD - Odeon Mall,ODE,2026-10-07 17:11:18
TB8,Tiramisu Bento Cake,ea,Bento Party Cakes,Product,Direct,IN,ODE HYD,ODE1,2026-10-07 17:11:18,2026-10-07,Harlye's - HYD - Odeon Mall,ODE,2026-10-07 17:11:18
NEW41,Belgium Chocolate Medovik Shake,ea,Cake Shake Indulgence,Product,Direct,IN,ODE HYD,ODE1,2026-10-07 17:11:27,2026-10-07,Harlye's - HYD - Odeon Mall,ODE,2026-10-07 17:11:27
NEW42,Italian Pistachio Medovik Shake,ea,Cake Shake Indulgence,Product,Direct,IN,ODE HYD,ODE1,2026-10-07 17:11:27,2026-10-07,Harlye's - HYD - Odeon Mall,ODE,2026-10-07 17:11:27
NEW39,American Blueberry Cake Shake,ea,Cake Shake Indulgence,Product,Direct,IN,ODE HYD,ODE1,2026-10-07 17:11:27,2026-10-07,Harlye's - HYD - Odeon Mall,ODE,2026-10-07 17:11:27
60,French Vanilla Strawberry Rose Medovik Cake,ea,Harley's Grand Celebration Medovik Cakes,Product,Direct,OUT,ODE HYD,ODE1,2026-10-07 21:31:13,2026-10-07,Harlye's - HYD - Odeon Mall,ODE,2026-10-07 21:31:13
15,Austrian White Forest Medovik Cake,ea,Harley's Grand Celebration Medovik Cakes,Product,Direct,OUT,ODE HYD,ODE1,2026-10-07 21:31:21,2026-10-07,Harlye's - HYD - Odeon Mall,ODE,2026-10-07 21:31:21
74,Italian Tiramisu Medovik With Macaron,ea,Harley's Signature Medovik Pastry,Product,Direct,OUT,MGR KAP HYD,MGRKAP,2026-10-07 08:10:37,2026-10-07,Harley's - HYD - Kapil Towers,KAP,2026-10-07 08:10:37
32,Chef's Favourite Blueberry Cheesecake With Macaron,ea,Finely Baked Cheesecake Pastry,Product,Direct,OUT,MGR KAP HYD,MGRKAP,2026-10-07 08:10:52,2026-10-07,Harley's - HYD - Kapil Towers,KAP,2026-10-07 08:10:52
72,Italian Tiramisu Medovik Cake,ea,Harley's Grand Celebration Medovik Cakes,Product,Direct,OUT,MGR KAP HYD,MGRKAP,2026-10-07 08:10:58,2026-10-07,Harley's - HYD - Kapil Towers,KAP,2026-10-07 08:10:58
133,Assorted Cheesecakes (Pack Of 6),ea,Harley's Sweet Home Assortments,Product,Direct,OUT,MGR KAP HYD,MGRKAP,2026-10-07 08:11:11,2026-10-07,Harley's - HYD - Kapil Towers,KAP,2026-10-07 08:11:11
138,Assorted Medoviks (Pack Of 12),ea,Harley's Sweet Home Assortments,Product,Direct,OUT,MGR KAP HYD,MGRKAP,2026-10-07 10:42:57,2026-10-07,Harley's - HYD - Kapil Towers,KAP,2026-10-07 10:42:57
32,Chef's Favourite Blueberry Cheesecake With Macaron,ea,Finely Baked Cheesecake Pastry,Product,Direct,IN,MGR KAP HYD,MGRKAP,2026-10-07 12:57:53,2026-10-07,Harley's - HYD - Kapil Towers,KAP,2026-10-07 12:57:53
116,Signature Belgium Chocolate Medovik With Macaron,ea,Harley's Signature Medovik Pastry,Product,Direct,IN,MGR KAP HYD,MGRKAP,2026-10-07 12:58:11,2026-10-07,Harley's - HYD - Kapil Towers,KAP,2026-10-07 12:58:11
74,Italian Tiramisu Medovik With Macaron,ea,Harley's Signature Medovik Pastry,Product,Direct,IN,MGR KAP HYD,MGRKAP,2026-10-07 12:58:11,2026-10-07,Harley's - HYD - Kapil Towers,KAP,2026-10-07 12:58:11
133,Assorted Cheesecakes (Pack Of 6),ea,Harley's Sweet Home Assortments,Product,Direct,IN,MGR KAP HYD,MGRKAP,2026-10-07 12:58:40,2026-10-07,Harley's - HYD - Kapil Towers,KAP,2026-10-07 12:58:40
74,Italian Tiramisu Medovik With Macaron,ea,Harley's Signature Medovik Pastry,Product,Direct,OUT,MGR KAP HYD,MGRKAP,2026-10-07 14:25:36,2026-10-07,Harley's - HYD - Kapil Towers,KAP,2026-10-07 14:25:36
NEW62,Roasted Hazelnut Cappuccino,ea,Coffee Brews (Hot),Product,Direct,IN,MGR KAP HYD,MGRKAP,2026-10-07 16:31:30,2026-10-07,Harley's - HYD - Kapil Towers,KAP,2026-10-07 16:31:30
57,French Vanilla Rose Medovik With Macaron,ea,Harley's Signature Medovik Pastry,Product,Direct,OUT,MGR KAP HYD,MGRKAP,2026-10-07 20:49:54,2026-10-07,Harley's - HYD - Kapil Towers,KAP,2026-10-07 20:49:54
124,Sparkling Dark Chocolate Medovik With Macaron,ea,Harley's Signature Medovik Pastry,Product,Direct,OUT,MGR KAP HYD,MGRKAP,2026-10-07 20:49:54,2026-10-07,Harley's - HYD - Kapil Towers,KAP,2026-10-07 20:49:54
214,London Viral Whipped Caramel Medovik With Macaron,ea,Harley's Signature Medovik Pastry,Product,Direct,IN,CHA2 HYD,CHA2,2026-10-07 09:58:00,2026-10-07,Harley's - HYD - Chandanagar,CHA,2026-10-07 09:58:00
213,London Viral Whipped Caramel Medovik Cake,ea,Harley's Grand Celebration Medovik Cakes,Product,Direct,IN,CHA2 HYD,CHA2,2026-10-07 09:58:07,2026-10-07,Harley's - HYD - Chandanagar,CHA,2026-10-07 09:58:07
212,London Viral Whipped Caramel Medovik Cake,ea,Harley's Grand Celebration Medovik Cakes,Product,Direct,IN,CHA2 HYD,CHA2,2026-10-07 09:58:07,2026-10-07,Harley's - HYD - Chandanagar,CHA,2026-10-07 09:58:07
61,Green Apple Macarons (Pack Of 5),ea,Harley's French Macarons,Product,Direct,IN,CHA2 HYD,CHA2,2026-10-07 10:00:00,2026-10-07,Harley's - HYD - Chandanagar,CHA,2026-10-07 10:00:00
37,Clementine Orange Macarons (Pack Of 5),ea,Harley's French Macarons,Product,Direct,IN,CHA2 HYD,CHA2,2026-10-07 10:00:07,2026-10-07,Harley's - HYD - Chandanagar,CHA,2026-10-07 10:00:07
TB12,Chocolate Truffle Bento Cake,ea,Bento Party Cakes,Product,Direct,IN,CHA2 HYD,CHA2,2026-10-07 10:00:53,2026-10-07,Harley's - HYD - Chandanagar,CHA,2026-10-07 10:00:53
120,Smoky Caramel Cheesecake With Macaron,ea,Finely Baked Cheesecake Pastry,Product,Direct,OUT,CHA2 HYD,CHA2,2026-10-07 13:02:22,2026-10-07,Harley's - HYD - Chandanagar,CHA,2026-10-07 13:02:22
119,Smoky Caramel Cheesecake,ea,Harley's Gourmet Celebration Cheesecakes,Product,Direct,OUT,CHA2 HYD,CHA2,2026-10-07 13:08:01,2026-10-07,Harley's - HYD - Chandanagar,CHA,2026-10-07 13:08:01
118,Smoky Caramel Cheesecake,ea,Harley's Gourmet Celebration Cheesecakes,Product,Direct,OUT,CHA2 HYD,CHA2,2026-10-07 13:08:01,2026-10-07,Harley's - HYD - Chandanagar,CHA,2026-10-07 13:08:01
TB16,Caramel Bento Cheesecake,ea,Party Cheesecakes,Product,Direct,OUT,CHA2 HYD,CHA2,2026-10-07 13:08:25,2026-10-07,Harley's - HYD - Chandanagar,CHA,2026-10-07 13:08:25
120,Smoky Caramel Cheesecake With Macaron,ea,Finely Baked Cheesecake Pastry,Product,Direct,IN,CHA2 HYD,CHA2,2026-10-07 14:30:55,2026-10-07,Harley's - HYD - Chandanagar,CHA,2026-10-07 14:30:55
118,Smoky Caramel Cheesecake,ea,Harley's Gourmet Celebration Cheesecakes,Product,Direct,IN,CHA2 HYD,CHA2,2026-10-07 14:31:05,2026-10-07,Harley's - HYD - Chandanagar,CHA,2026-10-07 14:31:05
TB26,Lotus Biscoff Tres Leches Cake,ea,Tres Leches Party Cakes,Product,Direct,IN,Manager KUK,ID381Q,2026-10-07 10:50:31,2026-10-07,Harley's - HYD - Kukatpally,KUK,2026-10-07 10:50:31
TB24,Blueberry Tres Leches Cake,ea,Tres Leches Party Cakes,Product,Direct,IN,Manager KUK,ID381Q,2026-10-07 10:50:31,2026-10-07,Harley's - HYD - Kukatpally,KUK,2026-10-07 10:50:31
TB23,Classic Mexican Tres Leches  Cake,ea,Tres Leches Party Cakes,Product,Direct,IN,Manager KUK,ID381Q,2026-10-07 10:50:31,2026-10-07,Harley's - HYD - Kukatpally,KUK,2026-10-07 10:50:31
40,Danish Hazelnut Cheesecake,ea,Harley's Gourmet Celebration Cheesecakes,Product,Direct,OUT,Manager KUK,ID381Q,2026-10-07 18:34:06,2026-10-07,Harley's - HYD - Kukatpally,KUK,2026-10-07 18:34:06
39,Danish Hazelnut Cheesecake,ea,Harley's Gourmet Celebration Cheesecakes,Product,Direct,OUT,Manager KUK,ID381Q,2026-10-07 18:34:06,2026-10-07,Harley's - HYD - Kukatpally,KUK,2026-10-07 18:34:06
45,Danish Hazelnut Chocolate Medovik Cake,ea,Harley's Grand Celebration Medovik Cakes,Product,Direct,OUT,Manager KUK,ID381Q,2026-10-07 18:34:06,2026-10-07,Harley's - HYD - Kukatpally,KUK,2026-10-07 18:34:06
44,Danish Hazelnut Chocolate Medovik Cake,ea,Harley's Grand Celebration Medovik Cakes,Product,Direct,OUT,Manager KUK,ID381Q,2026-10-07 18:34:06,2026-10-07,Harley's - HYD - Kukatpally,KUK,2026-10-07 18:34:06
105,Premium Banana Walnut Bar Cake (250 Gms),ea,Barcakes & Muffins,Product,Direct,IN,Banjara Hills,BAN2,2026-10-07 09:32:31,2026-10-07,Harley's - HYD - Banjara Hills,BAN,2026-10-07 09:32:31
133,Assorted Cheesecakes (Pack Of 6),ea,Harley's Sweet Home Assortments,Product,Direct,IN,Banjara Hills,BAN2,2026-10-07 09:32:46,2026-10-07,Harley's - HYD - Banjara Hills,BAN,2026-10-07 09:32:46
120,Smoky Caramel Cheesecake With Macaron,ea,Finely Baked Cheesecake Pastry,Product,Direct,IN,Banjara Hills,BAN2,2026-10-07 09:32:58,2026-10-07,Harley's - HYD - Banjara Hills,BAN,2026-10-07 09:32:58
78,Lotus Biscoff Cheesecake With Macaron,ea,Finely Baked Cheesecake Pastry,Product,Direct,IN,Banjara Hills,BAN2,2026-10-07 09:32:58,2026-10-07,Harley's - HYD - Banjara Hills,BAN,2026-10-07 09:32:58
51,Ferrero Nutella Cheesecake With Macaron,ea,Finely Baked Cheesecake Pastry,Product,Direct,IN,Banjara Hills,BAN2,2026-10-07 09:32:58,2026-10-07,Harley's - HYD - Banjara Hills,BAN,2026-10-07 09:32:58
41,Danish Hazelnut Cheesecake With Macaron,ea,Finely Baked Cheesecake Pastry,Product,Direct,IN,Banjara Hills,BAN2,2026-10-07 09:32:58,2026-10-07,Harley's - HYD - Banjara Hills,BAN,2026-10-07 09:32:58
32,Chef's Favourite Blueberry Cheesecake With Macaron,ea,Finely Baked Cheesecake Pastry,Product,Direct,IN,Banjara Hills,BAN2,2026-10-07 09:32:58,2026-10-07,Harley's - HYD - Banjara Hills,BAN,2026-10-07 09:32:58
21,Belgium Chocolate Cheesecake With Macaron,ea,Finely Baked Cheesecake Pastry,Product,Direct,IN,Banjara Hills,BAN2,2026-10-07 09:32:58,2026-10-07,Harley's - HYD - Banjara Hills,BAN,2026-10-07 09:32:58
118,Smoky Caramel Cheesecake,ea,Harley's Gourmet Celebration Cheesecakes,Product,Direct,IN,Banjara Hills,BAN2,2026-10-07 09:33:27,2026-10-07,Harley's - HYD - Banjara Hills,BAN,2026-10-07 09:33:27
49,Ferrero Nutella Cheesecake,ea,Harley's Gourmet Celebration Cheesecakes,Product,Direct,IN,Banjara Hills,BAN2,2026-10-07 09:33:27,2026-10-07,Harley's - HYD - Banjara Hills,BAN,2026-10-07 09:33:27
19,Belgium Chocolate Cheesecake,ea,Harley's Gourmet Celebration Cheesecakes,Product,Direct,IN,Banjara Hills,BAN2,2026-10-07 09:33:27,2026-10-07,Harley's - HYD - Banjara Hills,BAN,2026-10-07 09:33:27
76,Lotus Biscoff Cheesecake,ea,Harley's Gourmet Celebration Cheesecakes,Product,Direct,IN,Banjara Hills,BAN2,2026-10-07 09:33:27,2026-10-07,Harley's - HYD - Banjara Hills,BAN,2026-10-07 09:33:27
39,Danish Hazelnut Cheesecake,ea,Harley's Gourmet Celebration Cheesecakes,Product,Direct,IN,Banjara Hills,BAN2,2026-10-07 09:33:27,2026-10-07,Harley's - HYD - Banjara Hills,BAN,2026-10-07 09:33:27
30,Chef's Favourite Blueberry Cheesecake,ea,Harley's Gourmet Celebration Cheesecakes,Product,Direct,IN,Banjara Hills,BAN2,2026-10-07 09:33:27,2026-10-07,Harley's - HYD - Banjara Hills,BAN,2026-10-07 09:33:27
92,Pack Of 4 Cheesecakes And 4 Macarons,ea,All Time Favourite Combinations,Product,Direct,IN,Banjara Hills,BAN2,2026-10-07 09:33:44,2026-10-07,Harley's - HYD - Banjara Hills,BAN,2026-10-07 09:33:44
94,Pack Of 6 Cheesecakes And 12 Macarons,ea,All Time Favourite Combinations,Product,Direct,IN,Banjara Hills,BAN2,2026-10-07 09:33:52,2026-10-07,Harley's - HYD - Banjara Hills,BAN,2026-10-07 09:33:52
TB22,Pistachio Bento Cheesecake,ea,Party Cheesecakes,Product,Direct,IN,Banjara Hills,BAN2,2026-10-07 09:34:16,2026-10-07,Harley's - HYD - Banjara Hills,BAN,2026-10-07 09:34:16
TB21,Lotus Biscoff Bento Cheesecake,ea,Party Cheesecakes,Product,Direct,IN,Banjara Hills,BAN2,2026-10-07 09:34:16,2026-10-07,Harley's - HYD - Banjara Hills,BAN,2026-10-07 09:34:16
TB20,Nutella Bento Cheesecake,ea,Party Cheesecakes,Product,Direct,IN,Banjara Hills,BAN2,2026-10-07 09:34:16,2026-10-07,Harley's - HYD - Banjara Hills,BAN,2026-10-07 09:34:16
TB19,Blueberry Bento Cheesecake,ea,Party Cheesecakes,Product,Direct,IN,Banjara Hills,BAN2,2026-10-07 09:34:16,2026-10-07,Harley's - HYD - Banjara Hills,BAN,2026-10-07 09:34:16
TB18,Tiramisu Bento Cheesecake,ea,Party Cheesecakes,Product,Direct,IN,Banjara Hills,BAN2,2026-10-07 09:34:16,2026-10-07,Harley's - HYD - Banjara Hills,BAN,2026-10-07 09:34:16
TB17,Strawberry Bento Cheesecake,ea,Party Cheesecakes,Product,Direct,IN,Banjara Hills,BAN2,2026-10-07 09:34:16,2026-10-07,Harley's - HYD - Banjara Hills,BAN,2026-10-07 09:34:16
TB16,Caramel Bento Cheesecake,ea,Party Cheesecakes,Product,Direct,IN,Banjara Hills,BAN2,2026-10-07 09:34:16,2026-10-07,Harley's - HYD - Banjara Hills,BAN,2026-10-07 09:34:16
TB15,Chocolate Bento Cheesecake,ea,Party Cheesecakes,Product,Direct,IN,Banjara Hills,BAN2,2026-10-07 09:34:16,2026-10-07,Harley's - HYD - Banjara Hills,BAN,2026-10-07 09:34:16
TB14,Hazelnut Bento Cheesecake,ea,Party Cheesecakes,Product,Direct,IN,Banjara Hills,BAN2,2026-10-07 09:34:16,2026-10-07,Harley's - HYD - Banjara Hills,BAN,2026-10-07 09:34:16
74,Italian Tiramisu Medovik With Macaron,ea,Harley's Signature Medovik Pastry,Product,Direct,IN,Banjara Hills,BAN2,2026-10-07 09:34:16,2026-10-07,Harley's - HYD - Banjara Hills,BAN,2026-10-07 09:34:16
72,Italian Tiramisu Medovik Cake,ea,Harley's Grand Celebration Medovik Cakes,Product,Direct,IN,Banjara Hills,BAN2,2026-10-07 09:34:33,2026-10-07,Harley's - HYD - Banjara Hills,BAN,2026-10-07 09:34:33
27,Blueberry Muffin (Pack Of 2),ea,Barcakes & Muffins,Product,Direct,OUT,Banjara Hills,BAN2,2026-10-07 18:20:43,2026-10-07,Harley's - HYD - Banjara Hills,BAN,2026-10-07 18:20:43
120,Smoky Caramel Cheesecake With Macaron,ea,Finely Baked Cheesecake Pastry,Product,Direct,OUT,Banjara Hills,BAN2,2026-10-07 21:10:49,2026-10-07,Harley's - HYD - Banjara Hills,BAN,2026-10-07 21:10:49
78,Lotus Biscoff Cheesecake With Macaron,ea,Finely Baked Cheesecake Pastry,Product,Direct,OUT,Banjara Hills,BAN2,2026-10-07 21:10:49,2026-10-07,Harley's - HYD - Banjara Hills,BAN,2026-10-07 21:10:49
51,Ferrero Nutella Cheesecake With Macaron,ea,Finely Baked Cheesecake Pastry,Product,Direct,OUT,Banjara Hills,BAN2,2026-10-07 21:10:49,2026-10-07,Harley's - HYD - Banjara Hills,BAN,2026-10-07 21:10:49
41,Danish Hazelnut Cheesecake With Macaron,ea,Finely Baked Cheesecake Pastry,Product,Direct,OUT,Banjara Hills,BAN2,2026-10-07 21:10:49,2026-10-07,Harley's - HYD - Banjara Hills,BAN,2026-10-07 21:10:49
32,Chef's Favourite Blueberry Cheesecake With Macaron,ea,Finely Baked Cheesecake Pastry,Product,Direct,OUT,Banjara Hills,BAN2,2026-10-07 21:10:49,2026-10-07,Harley's - HYD - Banjara Hills,BAN,2026-10-07 21:10:49
21,Belgium Chocolate Cheesecake With Macaron,ea,Finely Baked Cheesecake Pastry,Product,Direct,OUT,Banjara Hills,BAN2,2026-10-07 21:10:49,2026-10-07,Harley's - HYD - Banjara Hills,BAN,2026-10-07 21:10:49
133,Assorted Cheesecakes (Pack Of 6),ea,Harley's Sweet Home Assortments,Product,Direct,OUT,Banjara Hills,BAN2,2026-10-07 21:10:49,2026-10-07,Harley's - HYD - Banjara Hills,BAN,2026-10-07 21:10:49
TB22,Pistachio Bento Cheesecake,ea,Party Cheesecakes,Product,Direct,OUT,Banjara Hills,BAN2,2026-10-07 21:10:53,2026-10-07,Harley's - HYD - Banjara Hills,BAN,2026-10-07 21:10:53
TB21,Lotus Biscoff Bento Cheesecake,ea,Party Cheesecakes,Product,Direct,OUT,Banjara Hills,BAN2,2026-10-07 21:10:53,2026-10-07,Harley's - HYD - Banjara Hills,BAN,2026-10-07 21:10:53
TB20,Nutella Bento Cheesecake,ea,Party Cheesecakes,Product,Direct,OUT,Banjara Hills,BAN2,2026-10-07 21:10:53,2026-10-07,Harley's - HYD - Banjara Hills,BAN,2026-10-07 21:10:53
TB19,Blueberry Bento Cheesecake,ea,Party Cheesecakes,Product,Direct,OUT,Banjara Hills,BAN2,2026-10-07 21:10:53,2026-10-07,Harley's - HYD - Banjara Hills,BAN,2026-10-07 21:10:53
TB18,Tiramisu Bento Cheesecake,ea,Party Cheesecakes,Product,Direct,OUT,Banjara Hills,BAN2,2026-10-07 21:10:53,2026-10-07,Harley's - HYD - Banjara Hills,BAN,2026-10-07 21:10:53
TB17,Strawberry Bento Cheesecake,ea,Party Cheesecakes,Product,Direct,OUT,Banjara Hills,BAN2,2026-10-07 21:10:53,2026-10-07,Harley's - HYD - Banjara Hills,BAN,2026-10-07 21:10:53
TB16,Caramel Bento Cheesecake,ea,Party Cheesecakes,Product,Direct,OUT,Banjara Hills,BAN2,2026-10-07 21:10:53,2026-10-07,Harley's - HYD - Banjara Hills,BAN,2026-10-07 21:10:53
TB15,Chocolate Bento Cheesecake,ea,Party Cheesecakes,Product,Direct,OUT,Banjara Hills,BAN2,2026-10-07 21:10:53,2026-10-07,Harley's - HYD - Banjara Hills,BAN,2026-10-07 21:10:53
TB14,Hazelnut Bento Cheesecake,ea,Party Cheesecakes,Product,Direct,OUT,Banjara Hills,BAN2,2026-10-07 21:10:53,2026-10-07,Harley's - HYD - Banjara Hills,BAN,2026-10-07 21:10:53
34,Chocochip Muffin (Pack Of 2),ea,Barcakes & Muffins,Product,Direct,OUT,Banjara Hills,BAN2,2026-10-07 21:11:04,2026-10-07,Harley's - HYD - Banjara Hills,BAN,2026-10-07 21:11:04
118,Smoky Caramel Cheesecake,ea,Harley's Gourmet Celebration Cheesecakes,Product,Direct,OUT,Banjara Hills,BAN2,2026-10-07 21:11:12,2026-10-07,Harley's - HYD - Banjara Hills,BAN,2026-10-07 21:11:12
49,Ferrero Nutella Cheesecake,ea,Harley's Gourmet Celebration Cheesecakes,Product,Direct,OUT,Banjara Hills,BAN2,2026-10-07 21:11:12,2026-10-07,Harley's - HYD - Banjara Hills,BAN,2026-10-07 21:11:12
19,Belgium Chocolate Cheesecake,ea,Harley's Gourmet Celebration Cheesecakes,Product,Direct,OUT,Banjara Hills,BAN2,2026-10-07 21:11:12,2026-10-07,Harley's - HYD - Banjara Hills,BAN,2026-10-07 21:11:12
76,Lotus Biscoff Cheesecake,ea,Harley's Gourmet Celebration Cheesecakes,Product,Direct,OUT,Banjara Hills,BAN2,2026-10-07 21:11:12,2026-10-07,Harley's - HYD - Banjara Hills,BAN,2026-10-07 21:11:12
39,Danish Hazelnut Cheesecake,ea,Harley's Gourmet Celebration Cheesecakes,Product,Direct,OUT,Banjara Hills,BAN2,2026-10-07 21:11:12,2026-10-07,Harley's - HYD - Banjara Hills,BAN,2026-10-07 21:11:12
30,Chef's Favourite Blueberry Cheesecake,ea,Harley's Gourmet Celebration Cheesecakes,Product,Direct,OUT,Banjara Hills,BAN2,2026-10-07 21:11:12,2026-10-07,Harley's - HYD - Banjara Hills,BAN,2026-10-07 21:11:12
14,Austrian White Forest Medovik Cake,ea,Harley's Grand Celebration Medovik Cakes,Product,Direct,IN,GOP2 HYD,GOP2,2026-10-07 09:57:34,2026-10-07,Harley's - HYD - Gopanpally,GOP,2026-10-07 09:57:34
15,Austrian White Forest Medovik Cake,ea,Harley's Grand Celebration Medovik Cakes,Product,Direct,IN,GOP2 HYD,GOP2,2026-10-07 09:57:34,2026-10-07,Harley's - HYD - Gopanpally,GOP,2026-10-07 09:57:34
60,French Vanilla Strawberry Rose Medovik Cake,ea,Harley's Grand Celebration Medovik Cakes,Product,Direct,IN,GOP2 HYD,GOP2,2026-10-07 09:57:34,2026-10-07,Harley's - HYD - Gopanpally,GOP,2026-10-07 09:57:34
59,French Vanilla Strawberry Rose Medovik Cake,ea,Harley's Grand Celebration Medovik Cakes,Product,Direct,IN,GOP2 HYD,GOP2,2026-10-07 09:57:34,2026-10-07,Harley's - HYD - Gopanpally,GOP,2026-10-07 09:57:34
15,Austrian White Forest Medovik Cake,ea,Harley's Grand Celebration Medovik Cakes,Product,Direct,OUT,GOP2 HYD,GOP2,2026-10-07 14:34:31,2026-10-07,Harley's - HYD - Gopanpally,GOP,2026-10-07 14:34:31
60,French Vanilla Strawberry Rose Medovik Cake,ea,Harley's Grand Celebration Medovik Cakes,Product,Direct,OUT,GOP2 HYD,GOP2,2026-10-07 14:34:31,2026-10-07,Harley's - HYD - Gopanpally,GOP,2026-10-07 14:34:31
132,Assorted Cheesecakes (Pack Of 12),ea,Harley's Sweet Home Assortments,Product,Direct,IN,GOP2 HYD,GOP2,2026-10-07 18:06:41,2026-10-07,Harley's - HYD - Gopanpally,GOP,2026-10-07 18:06:41
63,Harley's Signatures (Pack of 8),ea,Chef's Table,Product,Direct,IN,GOP2 HYD,GOP2,2026-10-07 18:09:16,2026-10-07,Harley's - HYD - Gopanpally,GOP,2026-10-07 18:09:16
14,Austrian White Forest Medovik Cake,ea,Harley's Grand Celebration Medovik Cakes,Product,Direct,OUT,GOP2 HYD,GOP2,2026-10-07 19:36:53,2026-10-07,Harley's - HYD - Gopanpally,GOP,2026-10-07 19:36:53
59,French Vanilla Strawberry Rose Medovik Cake,ea,Harley's Grand Celebration Medovik Cakes,Product,Direct,OUT,GOP2 HYD,GOP2,2026-10-07 19:36:53,2026-10-07,Harley's - HYD - Gopanpally,GOP,2026-10-07 19:36:53
16,Austrian White Forest Medovik With Macaron,ea,Harley's Signature Medovik Pastry,Product,Direct,OUT,GOP2 HYD,GOP2,2026-10-07 22:03:23,2026-10-07,Harley's - HYD - Gopanpally,GOP,2026-10-07 22:03:23
93,Pack Of 4 Medoviks And 4 Macarons,ea,All Time Favourite Combinations,Product,Direct,IN,BAC1 HYD,BAC1,2026-10-07 19:58:24,2026-10-07,Harley's - HYD - Bachupally,BAC,2026-10-07 19:58:24
39,Danish Hazelnut Cheesecake,ea,Harley's Gourmet Celebration Cheesecakes,Product,Direct,IN,BAC1 HYD,BAC1,2026-10-07 20:02:31,2026-10-07,Harley's - HYD - Bachupally,BAC,2026-10-07 20:02:31
44,Danish Hazelnut Chocolate Medovik Cake,ea,Harley's Grand Celebration Medovik Cakes,Product,Direct,IN,BAC1 HYD,BAC1,2026-10-07 20:02:31,2026-10-07,Harley's - HYD - Bachupally,BAC,2026-10-07 20:02:31
45,Danish Hazelnut Chocolate Medovik Cake,ea,Harley's Grand Celebration Medovik Cakes,Product,Direct,IN,BAC1 HYD,BAC1,2026-10-07 20:02:31,2026-10-07,Harley's - HYD - Bachupally,BAC,2026-10-07 20:02:31
40,Danish Hazelnut Cheesecake,ea,Harley's Gourmet Celebration Cheesecakes,Product,Direct,IN,BAC1 HYD,BAC1,2026-10-07 20:02:31,2026-10-07,Harley's - HYD - Bachupally,BAC,2026-10-07 20:02:31
46,Danish Hazelnut Chocolate Medovik With Macaron,ea,Harley's Signature Medovik Pastry,Product,Direct,IN,BAC1 HYD,BAC1,2026-10-07 20:02:31,2026-10-07,Harley's - HYD - Bachupally,BAC,2026-10-07 20:02:31
73,Italian Tiramisu Medovik Cake,ea,Harley's Grand Celebration Medovik Cakes,Product,Direct,IN,ATT HYD,ATT1,2026-10-07 08:28:02,2026-10-07,Harley's - HYD - Attapur,ATT,2026-10-07 08:28:02
72,Italian Tiramisu Medovik Cake,ea,Harley's Grand Celebration Medovik Cakes,Product,Direct,IN,ATT HYD,ATT1,2026-10-07 08:28:02,2026-10-07,Harley's - HYD - Attapur,ATT,2026-10-07 08:28:02
82,Lotus Biscoff Medovik Cake,ea,Harley's Grand Celebration Medovik Cakes,Product,Direct,IN,ATT HYD,ATT1,2026-10-07 08:28:02,2026-10-07,Harley's - HYD - Attapur,ATT,2026-10-07 08:28:02
109,Premium Butterscotch Medovik Cake,ea,Harley's Grand Celebration Medovik Cakes,Product,Direct,IN,ATT HYD,ATT1,2026-10-07 08:28:02,2026-10-07,Harley's - HYD - Attapur,ATT,2026-10-07 08:28:02
67,Harley's Spl. Classic Russian Medovik Cake,ea,Harley's Grand Celebration Medovik Cakes,Product,Direct,IN,ATT HYD,ATT1,2026-10-07 08:28:02,2026-10-07,Harley's - HYD - Attapur,ATT,2026-10-07 08:28:02
74,Italian Tiramisu Medovik With Macaron,ea,Harley's Signature Medovik Pastry,Product,Direct,IN,ATT HYD,ATT1,2026-10-07 08:28:09,2026-10-07,Harley's - HYD - Attapur,ATT,2026-10-07 08:28:09
47,Double Chocolate Bar Cake (250 gms),ea,Barcakes & Muffins,Product,Direct,IN,ATT HYD,ATT1,2026-10-07 08:28:25,2026-10-07,Harley's - HYD - Attapur,ATT,2026-10-07 08:28:25
27,Blueberry Muffin (Pack Of 2),ea,Barcakes & Muffins,Product,Direct,IN,ATT HYD,ATT1,2026-10-07 08:28:25,2026-10-07,Harley's - HYD - Attapur,ATT,2026-10-07 08:28:25
64,Harley's Special Mawa Bar Cake (250 Gms),ea,Barcakes & Muffins,Product,Direct,OUT,ATT HYD,ATT1,2026-10-07 08:28:30,2026-10-07,Harley's - HYD - Attapur,ATT,2026-10-07 08:28:30
33,Choco Mawa Bar Cake 250 gms,ea,Barcakes & Muffins,Product,Direct,OUT,ATT HYD,ATT1,2026-10-07 08:28:30,2026-10-07,Harley's - HYD - Attapur,ATT,2026-10-07 08:28:30
47,Double Chocolate Bar Cake (250 gms),ea,Barcakes & Muffins,Product,Direct,OUT,ATT HYD,ATT1,2026-10-07 21:59:08,2026-10-07,Harley's - HYD - Attapur,ATT,2026-10-07 21:59:08
105,Premium Banana Walnut Bar Cake (250 Gms),ea,Barcakes & Muffins,Product,Direct,OUT,KON HYD,KON1,2026-10-07 14:50:05,2026-10-07,Harley's - HYD - Kondapur,KON,2026-10-07 14:50:05
98,Passion Fruit & Lemon Fusion Macarons (Pack Of 5),ea,Harley's French Macarons,Product,Direct,OUT,KON HYD,KON1,2026-10-07 15:55:52,2026-10-07,Harley's - HYD - Kondapur,KON,2026-10-07 15:55:52
85,Mighty Mango Macarons (Pack Of 5),ea,Harley's French Macarons,Product,Direct,OUT,KON HYD,KON1,2026-10-07 15:55:52,2026-10-07,Harley's - HYD - Kondapur,KON,2026-10-07 15:55:52
213,London Viral Whipped Caramel Medovik Cake,ea,Harley's Grand Celebration Medovik Cakes,Product,Direct,IN,HAB HYD,HAB1,2026-10-07 10:25:22,2026-10-07,Harley's - HYD - Habsiguda,HAB,2026-10-07 10:25:22
212,London Viral Whipped Caramel Medovik Cake,ea,Harley's Grand Celebration Medovik Cakes,Product,Direct,IN,HAB HYD,HAB1,2026-10-07 10:25:22,2026-10-07,Harley's - HYD - Habsiguda,HAB,2026-10-07 10:25:22
213,London Viral Whipped Caramel Medovik Cake,ea,Harley's Grand Celebration Medovik Cakes,Product,Direct,IN,Charminar,CHAR2,2026-10-07 08:55:09,2026-10-07,Harley's - HYD - Charminar,CHAR,2026-10-07 08:55:09
138,Assorted Medoviks (Pack Of 12),ea,Harley's Sweet Home Assortments,Product,Direct,IN,Charminar,CHAR2,2026-10-07 09:57:18,2026-10-07,Harley's - HYD - Charminar,CHAR,2026-10-07 09:57:18
231,Ganesh Chaturthi Spl. Assorted Medoviks (Pack Of 12),ea,Harley's Ganesh Chaturthi Specials,Product,Direct,IN,Charminar,CHAR2,2026-10-07 09:57:18,2026-10-07,Harley's - HYD - Charminar,CHAR,2026-10-07 09:57:18
60,French Vanilla Strawberry Rose Medovik Cake,ea,Harley's Grand Celebration Medovik Cakes,Product,Direct,OUT,Charminar,CHAR2,2026-10-07 20:16:26,2026-10-07,Harley's - HYD - Charminar,CHAR,2026-10-07 20:16:26
14,Austrian White Forest Medovik Cake,ea,Harley's Grand Celebration Medovik Cakes,Product,Direct,OUT,Charminar,CHAR2,2026-10-07 20:16:26,2026-10-07,Harley's - HYD - Charminar,CHAR,2026-10-07 20:16:26
15,Austrian White Forest Medovik Cake,ea,Harley's Grand Celebration Medovik Cakes,Product,Direct,OUT,Charminar,CHAR2,2026-10-07 20:16:26,2026-10-07,Harley's - HYD - Charminar,CHAR,2026-10-07 20:16:26
59,French Vanilla Strawberry Rose Medovik Cake,ea,Harley's Grand Celebration Medovik Cakes,Product,Direct,OUT,Charminar,CHAR2,2026-10-07 20:16:26,2026-10-07,Harley's - HYD - Charminar,CHAR,2026-10-07 20:16:26
138,Assorted Medoviks (Pack Of 12),ea,Harley's Sweet Home Assortments,Product,Direct,OUT,Charminar,CHAR2,2026-10-07 20:32:50,2026-10-07,Harley's - HYD - Charminar,CHAR,2026-10-07 20:32:50
47,Double Chocolate Bar Cake (250 gms),ea,Barcakes & Muffins,Product,Direct,OUT,SOH NCR,4GF6TG,2026-10-07 09:23:15,2026-10-07,Harley's - GUR - Sohna,SOH,2026-10-07 09:23:15
33,Choco Mawa Bar Cake 250 gms,ea,Barcakes & Muffins,Product,Direct,OUT,SOH NCR,4GF6TG,2026-10-07 09:23:37,2026-10-07,Harley's - GUR - Sohna,SOH,2026-10-07 09:23:37
27,Blueberry Muffin (Pack Of 2),ea,Barcakes & Muffins,Product,Direct,OUT,SOH NCR,4GF6TG,2026-10-07 09:23:55,2026-10-07,Harley's - GUR - Sohna,SOH,2026-10-07 09:23:55
34,Chocochip Muffin (Pack Of 2),ea,Barcakes & Muffins,Product,Direct,OUT,SOH NCR,4GF6TG,2026-10-07 09:24:28,2026-10-07,Harley's - GUR - Sohna,SOH,2026-10-07 09:24:28
105,Premium Banana Walnut Bar Cake (250 Gms),ea,Barcakes & Muffins,Product,Direct,OUT,SOH NCR,4GF6TG,2026-10-07 09:24:53,2026-10-07,Harley's - GUR - Sohna,SOH,2026-10-07 09:24:53
64,Harley's Special Mawa Bar Cake (250 Gms),ea,Barcakes & Muffins,Product,Direct,OUT,SOH NCR,4GF6TG,2026-10-07 09:25:38,2026-10-07,Harley's - GUR - Sohna,SOH,2026-10-07 09:25:38
47,Double Chocolate Bar Cake (250 gms),ea,Barcakes & Muffins,Product,Direct,IN,SOH NCR,4GF6TG,2026-10-07 14:35:45,2026-10-07,Harley's - GUR - Sohna,SOH,2026-10-07 14:35:45
33,Choco Mawa Bar Cake 250 gms,ea,Barcakes & Muffins,Product,Direct,IN,SOH NCR,4GF6TG,2026-10-07 14:35:45,2026-10-07,Harley's - GUR - Sohna,SOH,2026-10-07 14:35:45
27,Blueberry Muffin (Pack Of 2),ea,Barcakes & Muffins,Product,Direct,IN,SOH NCR,4GF6TG,2026-10-07 14:35:45,2026-10-07,Harley's - GUR - Sohna,SOH,2026-10-07 14:35:45
34,Chocochip Muffin (Pack Of 2),ea,Barcakes & Muffins,Product,Direct,IN,SOH NCR,4GF6TG,2026-10-07 14:35:45,2026-10-07,Harley's - GUR - Sohna,SOH,2026-10-07 14:35:45
105,Premium Banana Walnut Bar Cake (250 Gms),ea,Barcakes & Muffins,Product,Direct,IN,SOH NCR,4GF6TG,2026-10-07 14:35:45,2026-10-07,Harley's - GUR - Sohna,SOH,2026-10-07 14:35:45
64,Harley's Special Mawa Bar Cake (250 Gms),ea,Barcakes & Muffins,Product,Direct,IN,SOH NCR,4GF6TG,2026-10-07 14:35:54,2026-10-07,Harley's - GUR - Sohna,SOH,2026-10-07 14:35:54
23,Belgium Chocolate Macarons (Pack Of 5),ea,Harley's French Macarons,Product,Direct,IN,SOH NCR,4GF6TG,2026-10-07 14:36:08,2026-10-07,Harley's - GUR - Sohna,SOH,2026-10-07 14:36:08
35,Classic Butter Croissants (Pack Of 2),ea,Croissants,Product,Direct,IN,SOH NCR,4GF6TG,2026-10-07 14:36:21,2026-10-07,Harley's - GUR - Sohna,SOH,2026-10-07 14:36:21
22,Belgium Chocolate Criossant,ea,Croissants,Product,Direct,IN,SOH NCR,4GF6TG,2026-10-07 14:36:21,2026-10-07,Harley's - GUR - Sohna,SOH,2026-10-07 14:36:21
35,Classic Butter Croissants (Pack Of 2),ea,Croissants,Product,Direct,OUT,SOH NCR,4GF6TG,2026-10-07 20:28:50,2026-10-07,Harley's - GUR - Sohna,SOH,2026-10-07 20:28:50
22,Belgium Chocolate Criossant,ea,Croissants,Product,Direct,OUT,SOH NCR,4GF6TG,2026-10-07 20:29:23,2026-10-07,Harley's - GUR - Sohna,SOH,2026-10-07 20:29:23
64,Harley's Special Mawa Bar Cake (250 Gms),ea,Barcakes & Muffins,Product,Direct,IN,KAD BNG,G7EFLT,2026-10-07 16:50:51,2026-10-07,Harley's - BLR - Kadugodi,KAD,2026-10-07 16:50:51
33,Choco Mawa Bar Cake 250 gms,ea,Barcakes & Muffins,Product,Direct,IN,KAD BNG,G7EFLT,2026-10-07 16:50:51,2026-10-07,Harley's - BLR - Kadugodi,KAD,2026-10-07 16:50:51
27,Blueberry Muffin (Pack Of 2),ea,Barcakes & Muffins,Product,Direct,IN,KAD BNG,G7EFLT,2026-10-07 16:51:00,2026-10-07,Harley's - BLR - Kadugodi,KAD,2026-10-07 16:51:00
49,Ferrero Nutella Cheesecake,ea,Harley's Gourmet Celebration Cheesecakes,Product,Direct,OUT,KAD BNG,G7EFLT,2026-10-07 17:55:29,2026-10-07,Harley's - BLR - Kadugodi,KAD,2026-10-07 17:55:29
50,Ferrero Nutella Cheesecake,ea,Harley's Gourmet Celebration Cheesecakes,Product,Direct,OUT,KAD BNG,G7EFLT,2026-10-07 17:55:29,2026-10-07,Harley's - BLR - Kadugodi,KAD,2026-10-07 17:55:29
19,Belgium Chocolate Cheesecake,ea,Harley's Gourmet Celebration Cheesecakes,Product,Direct,OUT,KAD BNG,G7EFLT,2026-10-07 17:55:29,2026-10-07,Harley's - BLR - Kadugodi,KAD,2026-10-07 17:55:29
20,Belgium Chocolate Cheesecake,ea,Harley's Gourmet Celebration Cheesecakes,Product,Direct,OUT,KAD BNG,G7EFLT,2026-10-07 17:55:29,2026-10-07,Harley's - BLR - Kadugodi,KAD,2026-10-07 17:55:29
77,Lotus Biscoff Cheesecake,ea,Harley's Gourmet Celebration Cheesecakes,Product,Direct,OUT,KAD BNG,G7EFLT,2026-10-07 17:55:35,2026-10-07,Harley's - BLR - Kadugodi,KAD,2026-10-07 17:55:35
76,Lotus Biscoff Cheesecake,ea,Harley's Gourmet Celebration Cheesecakes,Product,Direct,OUT,KAD BNG,G7EFLT,2026-10-07 17:55:35,2026-10-07,Harley's - BLR - Kadugodi,KAD,2026-10-07 17:55:35
40,Danish Hazelnut Cheesecake,ea,Harley's Gourmet Celebration Cheesecakes,Product,Direct,OUT,KAD BNG,G7EFLT,2026-10-07 17:55:35,2026-10-07,Harley's - BLR - Kadugodi,KAD,2026-10-07 17:55:35
39,Danish Hazelnut Cheesecake,ea,Harley's Gourmet Celebration Cheesecakes,Product,Direct,OUT,KAD BNG,G7EFLT,2026-10-07 17:55:35,2026-10-07,Harley's - BLR - Kadugodi,KAD,2026-10-07 17:55:35
30,Chef's Favourite Blueberry Cheesecake,ea,Harley's Gourmet Celebration Cheesecakes,Product,Direct,OUT,KAD BNG,G7EFLT,2026-10-07 17:55:41,2026-10-07,Harley's - BLR - Kadugodi,KAD,2026-10-07 17:55:41
31,Chef's Favourite Blueberry Cheesecake,ea,Harley's Gourmet Celebration Cheesecakes,Product,Direct,OUT,KAD BNG,G7EFLT,2026-10-07 17:55:41,2026-10-07,Harley's - BLR - Kadugodi,KAD,2026-10-07 17:55:41
119,Smoky Caramel Cheesecake,ea,Harley's Gourmet Celebration Cheesecakes,Product,Direct,OUT,KAD BNG,G7EFLT,2026-10-07 17:55:57,2026-10-07,Harley's - BLR - Kadugodi,KAD,2026-10-07 17:55:57
118,Smoky Caramel Cheesecake,ea,Harley's Gourmet Celebration Cheesecakes,Product,Direct,OUT,KAD BNG,G7EFLT,2026-10-07 17:55:57,2026-10-07,Harley's - BLR - Kadugodi,KAD,2026-10-07 17:55:57
214,London Viral Whipped Caramel Medovik With Macaron,ea,Harley's Signature Medovik Pastry,Product,Direct,OUT,KAD BNG,G7EFLT,2026-10-07 17:56:21,2026-10-07,Harley's - BLR - Kadugodi,KAD,2026-10-07 17:56:21
129,Swiss Black & White Medovik With Macaron,ea,Harley's Signature Medovik Pastry,Product,Direct,OUT,KAD BNG,G7EFLT,2026-10-07 17:56:21,2026-10-07,Harley's - BLR - Kadugodi,KAD,2026-10-07 17:56:21
124,Sparkling Dark Chocolate Medovik With Macaron,ea,Harley's Signature Medovik Pastry,Product,Direct,OUT,KAD BNG,G7EFLT,2026-10-07 17:56:21,2026-10-07,Harley's - BLR - Kadugodi,KAD,2026-10-07 17:56:21
116,Signature Belgium Chocolate Medovik With Macaron,ea,Harley's Signature Medovik Pastry,Product,Direct,OUT,KAD BNG,G7EFLT,2026-10-07 17:56:21,2026-10-07,Harley's - BLR - Kadugodi,KAD,2026-10-07 17:56:21
110,Premium Butterscotch Medovik With Macaron,ea,Harley's Signature Medovik Pastry,Product,Direct,OUT,KAD BNG,G7EFLT,2026-10-07 17:56:30,2026-10-07,Harley's - BLR - Kadugodi,KAD,2026-10-07 17:56:30
102,Pistachio Delight Medovik With Macaron,ea,Harley's Signature Medovik Pastry,Product,Direct,OUT,KAD BNG,G7EFLT,2026-10-07 17:56:30,2026-10-07,Harley's - BLR - Kadugodi,KAD,2026-10-07 17:56:30
83,Lotus Biscoff Medovik With Macaron,ea,Harley's Signature Medovik Pastry,Product,Direct,OUT,KAD BNG,G7EFLT,2026-10-07 17:56:30,2026-10-07,Harley's - BLR - Kadugodi,KAD,2026-10-07 17:56:30
74,Italian Tiramisu Medovik With Macaron,ea,Harley's Signature Medovik Pastry,Product,Direct,OUT,KAD BNG,G7EFLT,2026-10-07 17:56:30,2026-10-07,Harley's - BLR - Kadugodi,KAD,2026-10-07 17:56:30
68,Harley's Spl. Classic Russian Medovik With Macaron,ea,Harley's Signature Medovik Pastry,Product,Direct,OUT,KAD BNG,G7EFLT,2026-10-07 17:56:30,2026-10-07,Harley's - BLR - Kadugodi,KAD,2026-10-07 17:56:30
57,French Vanilla Rose Medovik With Macaron,ea,Harley's Signature Medovik Pastry,Product,Direct,OUT,KAD BNG,G7EFLT,2026-10-07 17:56:38,2026-10-07,Harley's - BLR - Kadugodi,KAD,2026-10-07 17:56:38
55,Ferrero Nutella Medovik With Macaron,ea,Harley's Signature Medovik Pastry,Product,Direct,OUT,KAD BNG,G7EFLT,2026-10-07 17:56:38,2026-10-07,Harley's - BLR - Kadugodi,KAD,2026-10-07 17:56:38
46,Danish Hazelnut Chocolate Medovik With Macaron,ea,Harley's Signature Medovik Pastry,Product,Direct,OUT,KAD BNG,G7EFLT,2026-10-07 17:56:38,2026-10-07,Harley's - BLR - Kadugodi,KAD,2026-10-07 17:56:38
16,Austrian White Forest Medovik With Macaron,ea,Harley's Signature Medovik Pastry,Product,Direct,OUT,KAD BNG,G7EFLT,2026-10-07 17:56:38,2026-10-07,Harley's - BLR - Kadugodi,KAD,2026-10-07 17:56:38
82,Lotus Biscoff Medovik Cake,ea,Harley's Grand Celebration Medovik Cakes,Product,Direct,OUT,KAD BNG,G7EFLT,2026-10-07 17:56:50,2026-10-07,Harley's - BLR - Kadugodi,KAD,2026-10-07 17:56:50
81,Lotus Biscoff Medovik Cake,ea,Harley's Grand Celebration Medovik Cakes,Product,Direct,OUT,KAD BNG,G7EFLT,2026-10-07 17:56:50,2026-10-07,Harley's - BLR - Kadugodi,KAD,2026-10-07 17:56:50
73,Italian Tiramisu Medovik Cake,ea,Harley's Grand Celebration Medovik Cakes,Product,Direct,OUT,KAD BNG,G7EFLT,2026-10-07 17:56:50,2026-10-07,Harley's - BLR - Kadugodi,KAD,2026-10-07 17:56:50
72,Italian Tiramisu Medovik Cake,ea,Harley's Grand Celebration Medovik Cakes,Product,Direct,OUT,KAD BNG,G7EFLT,2026-10-07 17:56:50,2026-10-07,Harley's - BLR - Kadugodi,KAD,2026-10-07 17:56:50
53,Ferrero Nutella Medovik Cake,ea,Harley's Grand Celebration Medovik Cakes,Product,Direct,OUT,KAD BNG,G7EFLT,2026-10-07 17:56:50,2026-10-07,Harley's - BLR - Kadugodi,KAD,2026-10-07 17:56:50
54,Ferrero Nutella Medovik Cake,ea,Harley's Grand Celebration Medovik Cakes,Product,Direct,OUT,KAD BNG,G7EFLT,2026-10-07 17:56:58,2026-10-07,Harley's - BLR - Kadugodi,KAD,2026-10-07 17:56:58
213,London Viral Whipped Caramel Medovik Cake,ea,Harley's Grand Celebration Medovik Cakes,Product,Direct,OUT,KAD BNG,G7EFLT,2026-10-07 17:56:58,2026-10-07,Harley's - BLR - Kadugodi,KAD,2026-10-07 17:56:58
212,London Viral Whipped Caramel Medovik Cake,ea,Harley's Grand Celebration Medovik Cakes,Product,Direct,OUT,KAD BNG,G7EFLT,2026-10-07 17:56:58,2026-10-07,Harley's - BLR - Kadugodi,KAD,2026-10-07 17:56:58
14,Austrian White Forest Medovik Cake,ea,Harley's Grand Celebration Medovik Cakes,Product,Direct,OUT,KAD BNG,G7EFLT,2026-10-07 17:56:58,2026-10-07,Harley's - BLR - Kadugodi,KAD,2026-10-07 17:56:58
15,Austrian White Forest Medovik Cake,ea,Harley's Grand Celebration Medovik Cakes,Product,Direct,OUT,KAD BNG,G7EFLT,2026-10-07 17:56:58,2026-10-07,Harley's - BLR - Kadugodi,KAD,2026-10-07 17:56:58
135,Assorted French Macarons (Pack Of 24),ea,Harley's Sweet Home Assortments,Product,Direct,OUT,KAD BNG,G7EFLT,2026-10-07 17:57:08,2026-10-07,Harley's - BLR - Kadugodi,KAD,2026-10-07 17:57:08
134,Assorted French Macarons (Pack Of 12),ea,Harley's Sweet Home Assortments,Product,Direct,OUT,KAD BNG,G7EFLT,2026-10-07 17:57:08,2026-10-07,Harley's - BLR - Kadugodi,KAD,2026-10-07 17:57:08
133,Assorted Cheesecakes (Pack Of 6),ea,Harley's Sweet Home Assortments,Product,Direct,OUT,KAD BNG,G7EFLT,2026-10-07 17:57:08,2026-10-07,Harley's - BLR - Kadugodi,KAD,2026-10-07 17:57:08
132,Assorted Cheesecakes (Pack Of 12),ea,Harley's Sweet Home Assortments,Product,Direct,OUT,KAD BNG,G7EFLT,2026-10-07 17:57:08,2026-10-07,Harley's - BLR - Kadugodi,KAD,2026-10-07 17:57:08
139,Assorted Medoviks (Pack Of 6),ea,Harley's Sweet Home Assortments,Product,Direct,OUT,KAD BNG,G7EFLT,2026-10-07 17:57:16,2026-10-07,Harley's - BLR - Kadugodi,KAD,2026-10-07 17:57:16
138,Assorted Medoviks (Pack Of 12),ea,Harley's Sweet Home Assortments,Product,Direct,OUT,KAD BNG,G7EFLT,2026-10-07 17:57:16,2026-10-07,Harley's - BLR - Kadugodi,KAD,2026-10-07 17:57:16
136,Assorted French Macarons (Pack Of 5),ea,Harley's Sweet Home Assortments,Product,Direct,OUT,KAD BNG,G7EFLT,2026-10-07 17:57:16,2026-10-07,Harley's - BLR - Kadugodi,KAD,2026-10-07 17:57:16
125,Strawberry Macarons (Pack Of 5),ea,Harley's French Macarons,Product,Direct,OUT,KAD BNG,G7EFLT,2026-10-07 17:57:25,2026-10-07,Harley's - BLR - Kadugodi,KAD,2026-10-07 17:57:25
111,Red Velvet Macarons (Pack Of 5),ea,Harley's French Macarons,Product,Direct,OUT,KAD BNG,G7EFLT,2026-10-07 17:57:25,2026-10-07,Harley's - BLR - Kadugodi,KAD,2026-10-07 17:57:25
98,Passion Fruit & Lemon Fusion Macarons (Pack Of 5),ea,Harley's French Macarons,Product,Direct,OUT,KAD BNG,G7EFLT,2026-10-07 17:57:25,2026-10-07,Harley's - BLR - Kadugodi,KAD,2026-10-07 17:57:25
85,Mighty Mango Macarons (Pack Of 5),ea,Harley's French Macarons,Product,Direct,OUT,KAD BNG,G7EFLT,2026-10-07 17:57:25,2026-10-07,Harley's - BLR - Kadugodi,KAD,2026-10-07 17:57:25
61,Green Apple Macarons (Pack Of 5),ea,Harley's French Macarons,Product,Direct,OUT,KAD BNG,G7EFLT,2026-10-07 17:57:31,2026-10-07,Harley's - BLR - Kadugodi,KAD,2026-10-07 17:57:31
56,French Vanilla Macarons (Pack Of 5),ea,Harley's French Macarons,Product,Direct,OUT,KAD BNG,G7EFLT,2026-10-07 17:57:31,2026-10-07,Harley's - BLR - Kadugodi,KAD,2026-10-07 17:57:31
37,Clementine Orange Macarons (Pack Of 5),ea,Harley's French Macarons,Product,Direct,OUT,KAD BNG,G7EFLT,2026-10-07 17:57:37,2026-10-07,Harley's - BLR - Kadugodi,KAD,2026-10-07 17:57:37
26,Blueberry Macarons (Pack Of 5),ea,Harley's French Macarons,Product,Direct,OUT,KAD BNG,G7EFLT,2026-10-07 17:57:37,2026-10-07,Harley's - BLR - Kadugodi,KAD,2026-10-07 17:57:37
23,Belgium Chocolate Macarons (Pack Of 5),ea,Harley's French Macarons,Product,Direct,OUT,KAD BNG,G7EFLT,2026-10-07 17:57:41,2026-10-07,Harley's - BLR - Kadugodi,KAD,2026-10-07 17:57:41
35,Classic Butter Croissants (Pack Of 2),ea,Croissants,Product,Direct,OUT,KAD BNG,G7EFLT,2026-10-07 17:57:48,2026-10-07,Harley's - BLR - Kadugodi,KAD,2026-10-07 17:57:48
127,Swiss Black & White Chocolate Medovik Cake,ea,Harley's Grand Celebration Medovik Cakes,Product,Direct,OUT,KAD BNG,G7EFLT,2026-10-07 17:57:57,2026-10-07,Harley's - BLR - Kadugodi,KAD,2026-10-07 17:57:57
128,Swiss Black & White Chocolate Medovik Cake,ea,Harley's Grand Celebration Medovik Cakes,Product,Direct,OUT,KAD BNG,G7EFLT,2026-10-07 17:57:57,2026-10-07,Harley's - BLR - Kadugodi,KAD,2026-10-07 17:57:57
123,Sparkling Dark Chocolate Medovik Cake,ea,Harley's Grand Celebration Medovik Cakes,Product,Direct,OUT,KAD BNG,G7EFLT,2026-10-07 17:58:04,2026-10-07,Harley's - BLR - Kadugodi,KAD,2026-10-07 17:58:04
122,Sparkling Dark Chocolate Medovik Cake,ea,Harley's Grand Celebration Medovik Cakes,Product,Direct,OUT,KAD BNG,G7EFLT,2026-10-07 17:58:04,2026-10-07,Harley's - BLR - Kadugodi,KAD,2026-10-07 17:58:04
115,Signature Belgium Chocolate Medovik Cake,ea,Harley's Grand Celebration Medovik Cakes,Product,Direct,OUT,KAD BNG,G7EFLT,2026-10-07 17:58:09,2026-10-07,Harley's - BLR - Kadugodi,KAD,2026-10-07 17:58:09
114,Signature Belgium Chocolate Medovik Cake,ea,Harley's Grand Celebration Medovik Cakes,Product,Direct,OUT,KAD BNG,G7EFLT,2026-10-07 17:58:09,2026-10-07,Harley's - BLR - Kadugodi,KAD,2026-10-07 17:58:09
108,Premium Butterscotch Medovik Cake,ea,Harley's Grand Celebration Medovik Cakes,Product,Direct,OUT,KAD BNG,G7EFLT,2026-10-07 17:58:14,2026-10-07,Harley's - BLR - Kadugodi,KAD,2026-10-07 17:58:14
109,Premium Butterscotch Medovik Cake,ea,Harley's Grand Celebration Medovik Cakes,Product,Direct,OUT,KAD BNG,G7EFLT,2026-10-07 17:58:14,2026-10-07,Harley's - BLR - Kadugodi,KAD,2026-10-07 17:58:14
100,Pistachio Delight Medovik Cake,ea,Harley's Grand Celebration Medovik Cakes,Product,Direct,OUT,KAD BNG,G7EFLT,2026-10-07 17:58:19,2026-10-07,Harley's - BLR - Kadugodi,KAD,2026-10-07 17:58:19
101,Pistachio Delight Medovik Cake,ea,Harley's Grand Celebration Medovik Cakes,Product,Direct,OUT,KAD BNG,G7EFLT,2026-10-07 17:58:19,2026-10-07,Harley's - BLR - Kadugodi,KAD,2026-10-07 17:58:19
67,Harley's Spl. Classic Russian Medovik Cake,ea,Harley's Grand Celebration Medovik Cakes,Product,Direct,OUT,KAD BNG,G7EFLT,2026-10-07 17:58:25,2026-10-07,Harley's - BLR - Kadugodi,KAD,2026-10-07 17:58:25
66,Harley's Spl. Classic Russian Medovik Cake,ea,Harley's Grand Celebration Medovik Cakes,Product,Direct,OUT,KAD BNG,G7EFLT,2026-10-07 17:58:25,2026-10-07,Harley's - BLR - Kadugodi,KAD,2026-10-07 17:58:25
60,French Vanilla Strawberry Rose Medovik Cake,ea,Harley's Grand Celebration Medovik Cakes,Product,Direct,OUT,KAD BNG,G7EFLT,2026-10-07 17:58:30,2026-10-07,Harley's - BLR - Kadugodi,KAD,2026-10-07 17:58:30
59,French Vanilla Strawberry Rose Medovik Cake,ea,Harley's Grand Celebration Medovik Cakes,Product,Direct,OUT,KAD BNG,G7EFLT,2026-10-07 17:58:30,2026-10-07,Harley's - BLR - Kadugodi,KAD,2026-10-07 17:58:30
45,Danish Hazelnut Chocolate Medovik Cake,ea,Harley's Grand Celebration Medovik Cakes,Product,Direct,OUT,KAD BNG,G7EFLT,2026-10-07 17:58:35,2026-10-07,Harley's - BLR - Kadugodi,KAD,2026-10-07 17:58:35
44,Danish Hazelnut Chocolate Medovik Cake,ea,Harley's Grand Celebration Medovik Cakes,Product,Direct,OUT,KAD BNG,G7EFLT,2026-10-07 17:58:35,2026-10-07,Harley's - BLR - Kadugodi,KAD,2026-10-07 17:58:35
63,Harley's Signatures (Pack of 8),ea,Chef's Table,Product,Direct,OUT,KAD BNG,G7EFLT,2026-10-07 17:58:42,2026-10-07,Harley's - BLR - Kadugodi,KAD,2026-10-07 17:58:42
64,Harley's Special Mawa Bar Cake (250 Gms),ea,Barcakes & Muffins,Product,Direct,OUT,KAD BNG,G7EFLT,2026-10-07 17:58:51,2026-10-07,Harley's - BLR - Kadugodi,KAD,2026-10-07 17:58:51
47,Double Chocolate Bar Cake (250 gms),ea,Barcakes & Muffins,Product,Direct,OUT,KAD BNG,G7EFLT,2026-10-07 17:58:51,2026-10-07,Harley's - BLR - Kadugodi,KAD,2026-10-07 17:58:51
33,Choco Mawa Bar Cake 250 gms,ea,Barcakes & Muffins,Product,Direct,OUT,KAD BNG,G7EFLT,2026-10-07 17:58:51,2026-10-07,Harley's - BLR - Kadugodi,KAD,2026-10-07 17:58:51
27,Blueberry Muffin (Pack Of 2),ea,Barcakes & Muffins,Product,Direct,OUT,KAD BNG,G7EFLT,2026-10-07 17:58:51,2026-10-07,Harley's - BLR - Kadugodi,KAD,2026-10-07 17:58:51
97,Pack Of 9 Medoviks And 6 Macarons,ea,All Time Favourite Combinations,Product,Direct,OUT,KAD BNG,G7EFLT,2026-10-07 17:59:02,2026-10-07,Harley's - BLR - Kadugodi,KAD,2026-10-07 17:59:02
96,Pack Of 9 Cheesecakes And 6 Macarons,ea,All Time Favourite Combinations,Product,Direct,OUT,KAD BNG,G7EFLT,2026-10-07 17:59:02,2026-10-07,Harley's - BLR - Kadugodi,KAD,2026-10-07 17:59:02
95,Pack Of 6 Medoviks And 12 Macarons,ea,All Time Favourite Combinations,Product,Direct,OUT,KAD BNG,G7EFLT,2026-10-07 17:59:02,2026-10-07,Harley's - BLR - Kadugodi,KAD,2026-10-07 17:59:02
94,Pack Of 6 Cheesecakes And 12 Macarons,ea,All Time Favourite Combinations,Product,Direct,OUT,KAD BNG,G7EFLT,2026-10-07 17:59:02,2026-10-07,Harley's - BLR - Kadugodi,KAD,2026-10-07 17:59:02
93,Pack Of 4 Medoviks And 4 Macarons,ea,All Time Favourite Combinations,Product,Direct,OUT,KAD BNG,G7EFLT,2026-10-07 17:59:02,2026-10-07,Harley's - BLR - Kadugodi,KAD,2026-10-07 17:59:02
92,Pack Of 4 Cheesecakes And 4 Macarons,ea,All Time Favourite Combinations,Product,Direct,OUT,KAD BNG,G7EFLT,2026-10-07 17:59:08,2026-10-07,Harley's - BLR - Kadugodi,KAD,2026-10-07 17:59:08
78,Lotus Biscoff Cheesecake With Macaron,ea,Finely Baked Cheesecake Pastry,Product,Direct,OUT,KAD BNG,G7EFLT,2026-10-07 17:59:17,2026-10-07,Harley's - BLR - Kadugodi,KAD,2026-10-07 17:59:17
51,Ferrero Nutella Cheesecake With Macaron,ea,Finely Baked Cheesecake Pastry,Product,Direct,OUT,KAD BNG,G7EFLT,2026-10-07 17:59:17,2026-10-07,Harley's - BLR - Kadugodi,KAD,2026-10-07 17:59:17
41,Danish Hazelnut Cheesecake With Macaron,ea,Finely Baked Cheesecake Pastry,Product,Direct,OUT,KAD BNG,G7EFLT,2026-10-07 17:59:17,2026-10-07,Harley's - BLR - Kadugodi,KAD,2026-10-07 17:59:17
32,Chef's Favourite Blueberry Cheesecake With Macaron,ea,Finely Baked Cheesecake Pastry,Product,Direct,OUT,KAD BNG,G7EFLT,2026-10-07 17:59:17,2026-10-07,Harley's - BLR - Kadugodi,KAD,2026-10-07 17:59:17
21,Belgium Chocolate Cheesecake With Macaron,ea,Finely Baked Cheesecake Pastry,Product,Direct,OUT,KAD BNG,G7EFLT,2026-10-07 17:59:17,2026-10-07,Harley's - BLR - Kadugodi,KAD,2026-10-07 17:59:17
154,Exotic Tresley Cakes [Pack of 6],ea,Assorted Tresley Cake Packs,Product,Direct,IN,KAD BNG,G7EFLT,2026-10-07 18:49:15,2026-10-07,Harley's - BLR - Kadugodi,KAD,2026-10-07 18:49:15
152,Belgium Chocolate Tres Leches [Pack of 2],ea,Exotic Tresley Cakes,Product,Direct,IN,KAD BNG,G7EFLT,2026-10-07 18:49:15,2026-10-07,Harley's - BLR - Kadugodi,KAD,2026-10-07 18:49:15
150,Lotus Biscoff Tres Leches [Pack of 2],ea,Exotic Tresley Cakes,Product,Direct,IN,KAD BNG,G7EFLT,2026-10-07 18:49:15,2026-10-07,Harley's - BLR - Kadugodi,KAD,2026-10-07 18:49:15
151,Tiramisu Tres leches [Pack of 2],ea,Exotic Tresley Cakes,Product,Direct,IN,KAD BNG,G7EFLT,2026-10-07 18:49:15,2026-10-07,Harley's - BLR - Kadugodi,KAD,2026-10-07 18:49:15
149,Pistachio Tres Leches [Pack of 2],ea,Exotic Tresley Cakes,Product,Direct,IN,KAD BNG,G7EFLT,2026-10-07 18:49:15,2026-10-07,Harley's - BLR - Kadugodi,KAD,2026-10-07 18:49:15
147,Classic Mexican Tres Leches [Pack Of 2],ea,Exotic Tresley Cakes,Product,Direct,IN,KAD BNG,G7EFLT,2026-10-07 18:49:15,2026-10-07,Harley's - BLR - Kadugodi,KAD,2026-10-07 18:49:15
148,Premium Blueberry Tres Leches [Pack Of 2],ea,Exotic Tresley Cakes,Product,Direct,IN,KAD BNG,G7EFLT,2026-10-07 18:49:15,2026-10-07,Harley's - BLR - Kadugodi,KAD,2026-10-07 18:49:15
130,Tiramisu Tres leches (Pack of 2),ea,Tres Leches Cakes (Mexican Special),Product,Direct,IN,KAD BNG,G7EFLT,2026-10-07 18:49:15,2026-10-07,Harley's - BLR - Kadugodi,KAD,2026-10-07 18:49:15
106,Premium Blueberry Tres Leches (Pack of 2),ea,Tres Leches Cakes (Mexican Special),Product,Direct,IN,KAD BNG,G7EFLT,2026-10-07 18:49:15,2026-10-07,Harley's - BLR - Kadugodi,KAD,2026-10-07 18:49:15
104,Pistachio Tres Leches (Pack of 2),ea,Tres Leches Cakes (Mexican Special),Product,Direct,IN,KAD BNG,G7EFLT,2026-10-07 18:49:15,2026-10-07,Harley's - BLR - Kadugodi,KAD,2026-10-07 18:49:15
84,Lotus Biscoff Tres Leches (Pack of 2),ea,Tres Leches Cakes (Mexican Special),Product,Direct,IN,KAD BNG,G7EFLT,2026-10-07 18:49:15,2026-10-07,Harley's - BLR - Kadugodi,KAD,2026-10-07 18:49:15
36,Classic Mexican Tres Leches  (Pack of 2),ea,Tres Leches Cakes (Mexican Special),Product,Direct,IN,KAD BNG,G7EFLT,2026-10-07 18:49:15,2026-10-07,Harley's - BLR - Kadugodi,KAD,2026-10-07 18:49:15
24,Belgium Chocolate Tres Leches (Pack of 2),ea,Tres Leches Cakes (Mexican Special),Product,Direct,IN,KAD BNG,G7EFLT,2026-10-07 18:49:15,2026-10-07,Harley's - BLR - Kadugodi,KAD,2026-10-07 18:49:15
22,Belgium Chocolate Criossant,ea,Croissants,Product,Direct,IN,KAD BNG,G7EFLT,2026-10-07 18:49:15,2026-10-07,Harley's - BLR - Kadugodi,KAD,2026-10-07 18:49:15
131,Whole Wheat Bread (400gms),ea,Breads,Product,Direct,IN,KAD BNG,G7EFLT,2026-10-07 18:49:15,2026-10-07,Harley's - BLR - Kadugodi,KAD,2026-10-07 18:49:15
86,Milk Bread(400G),ea,Breads,Product,Direct,IN,KAD BNG,G7EFLT,2026-10-07 18:49:15,2026-10-07,Harley's - BLR - Kadugodi,KAD,2026-10-07 18:49:15
91,Multigrain Bread (400g),ea,Breads,Product,Direct,IN,KAD BNG,G7EFLT,2026-10-07 18:49:15,2026-10-07,Harley's - BLR - Kadugodi,KAD,2026-10-07 18:49:15
NEW204,Exotic Tresley Cakes (Pack of 6),ea,Harley's Sweet Home Assortments,Product,Direct,IN,KAD BNG,G7EFLT,2026-10-07 18:49:15,2026-10-07,Harley's - BLR - Kadugodi,KAD,2026-10-07 18:49:15
28,Caramel Butterscotch Macarons (Pack Of 5),ea,Harley's French Macarons,Product,Direct,IN,KAD BNG,G7EFLT,2026-10-07 18:49:15,2026-10-07,Harley's - BLR - Kadugodi,KAD,2026-10-07 18:49:15
105,Premium Banana Walnut Bar Cake (250 Gms),ea,Barcakes & Muffins,Product,Direct,IN,KAD BNG,G7EFLT,2026-10-07 18:49:15,2026-10-07,Harley's - BLR - Kadugodi,KAD,2026-10-07 18:49:15
34,Chocochip Muffin (Pack Of 2),ea,Barcakes & Muffins,Product,Direct,IN,KAD BNG,G7EFLT,2026-10-07 18:49:15,2026-10-07,Harley's - BLR - Kadugodi,KAD,2026-10-07 18:49:15
49,Ferrero Nutella Cheesecake,ea,Harley's Gourmet Celebration Cheesecakes,Product,Direct,IN,KAD BNG,G7EFLT,2026-10-07 18:49:15,2026-10-07,Harley's - BLR - Kadugodi,KAD,2026-10-07 18:49:15
50,Ferrero Nutella Cheesecake,ea,Harley's Gourmet Celebration Cheesecakes,Product,Direct,IN,KAD BNG,G7EFLT,2026-10-07 18:49:15,2026-10-07,Harley's - BLR - Kadugodi,KAD,2026-10-07 18:49:15
19,Belgium Chocolate Cheesecake,ea,Harley's Gourmet Celebration Cheesecakes,Product,Direct,IN,KAD BNG,G7EFLT,2026-10-07 18:49:15,2026-10-07,Harley's - BLR - Kadugodi,KAD,2026-10-07 18:49:15
20,Belgium Chocolate Cheesecake,ea,Harley's Gourmet Celebration Cheesecakes,Product,Direct,IN,KAD BNG,G7EFLT,2026-10-07 18:49:15,2026-10-07,Harley's - BLR - Kadugodi,KAD,2026-10-07 18:49:15
77,Lotus Biscoff Cheesecake,ea,Harley's Gourmet Celebration Cheesecakes,Product,Direct,IN,KAD BNG,G7EFLT,2026-10-07 18:49:15,2026-10-07,Harley's - BLR - Kadugodi,KAD,2026-10-07 18:49:15
76,Lotus Biscoff Cheesecake,ea,Harley's Gourmet Celebration Cheesecakes,Product,Direct,IN,KAD BNG,G7EFLT,2026-10-07 18:49:15,2026-10-07,Harley's - BLR - Kadugodi,KAD,2026-10-07 18:49:15
40,Danish Hazelnut Cheesecake,ea,Harley's Gourmet Celebration Cheesecakes,Product,Direct,IN,KAD BNG,G7EFLT,2026-10-07 18:49:15,2026-10-07,Harley's - BLR - Kadugodi,KAD,2026-10-07 18:49:15
39,Danish Hazelnut Cheesecake,ea,Harley's Gourmet Celebration Cheesecakes,Product,Direct,IN,KAD BNG,G7EFLT,2026-10-07 18:49:15,2026-10-07,Harley's - BLR - Kadugodi,KAD,2026-10-07 18:49:15
30,Chef's Favourite Blueberry Cheesecake,ea,Harley's Gourmet Celebration Cheesecakes,Product,Direct,IN,KAD BNG,G7EFLT,2026-10-07 18:49:15,2026-10-07,Harley's - BLR - Kadugodi,KAD,2026-10-07 18:49:15
31,Chef's Favourite Blueberry Cheesecake,ea,Harley's Gourmet Celebration Cheesecakes,Product,Direct,IN,KAD BNG,G7EFLT,2026-10-07 18:49:15,2026-10-07,Harley's - BLR - Kadugodi,KAD,2026-10-07 18:49:15
119,Smoky Caramel Cheesecake,ea,Harley's Gourmet Celebration Cheesecakes,Product,Direct,IN,KAD BNG,G7EFLT,2026-10-07 18:49:15,2026-10-07,Harley's - BLR - Kadugodi,KAD,2026-10-07 18:49:15
118,Smoky Caramel Cheesecake,ea,Harley's Gourmet Celebration Cheesecakes,Product,Direct,IN,KAD BNG,G7EFLT,2026-10-07 18:49:15,2026-10-07,Harley's - BLR - Kadugodi,KAD,2026-10-07 18:49:15
214,London Viral Whipped Caramel Medovik With Macaron,ea,Harley's Signature Medovik Pastry,Product,Direct,IN,KAD BNG,G7EFLT,2026-10-07 18:49:15,2026-10-07,Harley's - BLR - Kadugodi,KAD,2026-10-07 18:49:15
129,Swiss Black & White Medovik With Macaron,ea,Harley's Signature Medovik Pastry,Product,Direct,IN,KAD BNG,G7EFLT,2026-10-07 18:49:15,2026-10-07,Harley's - BLR - Kadugodi,KAD,2026-10-07 18:49:15
124,Sparkling Dark Chocolate Medovik With Macaron,ea,Harley's Signature Medovik Pastry,Product,Direct,IN,KAD BNG,G7EFLT,2026-10-07 18:49:15,2026-10-07,Harley's - BLR - Kadugodi,KAD,2026-10-07 18:49:15
116,Signature Belgium Chocolate Medovik With Macaron,ea,Harley's Signature Medovik Pastry,Product,Direct,IN,KAD BNG,G7EFLT,2026-10-07 18:49:15,2026-10-07,Harley's - BLR - Kadugodi,KAD,2026-10-07 18:49:15
110,Premium Butterscotch Medovik With Macaron,ea,Harley's Signature Medovik Pastry,Product,Direct,IN,KAD BNG,G7EFLT,2026-10-07 18:49:15,2026-10-07,Harley's - BLR - Kadugodi,KAD,2026-10-07 18:49:15
102,Pistachio Delight Medovik With Macaron,ea,Harley's Signature Medovik Pastry,Product,Direct,IN,KAD BNG,G7EFLT,2026-10-07 18:49:15,2026-10-07,Harley's - BLR - Kadugodi,KAD,2026-10-07 18:49:15
83,Lotus Biscoff Medovik With Macaron,ea,Harley's Signature Medovik Pastry,Product,Direct,IN,KAD BNG,G7EFLT,2026-10-07 18:49:15,2026-10-07,Harley's - BLR - Kadugodi,KAD,2026-10-07 18:49:15
74,Italian Tiramisu Medovik With Macaron,ea,Harley's Signature Medovik Pastry,Product,Direct,IN,KAD BNG,G7EFLT,2026-10-07 18:49:15,2026-10-07,Harley's - BLR - Kadugodi,KAD,2026-10-07 18:49:15
68,Harley's Spl. Classic Russian Medovik With Macaron,ea,Harley's Signature Medovik Pastry,Product,Direct,IN,KAD BNG,G7EFLT,2026-10-07 18:49:15,2026-10-07,Harley's - BLR - Kadugodi,KAD,2026-10-07 18:49:15
57,French Vanilla Rose Medovik With Macaron,ea,Harley's Signature Medovik Pastry,Product,Direct,IN,KAD BNG,G7EFLT,2026-10-07 18:49:15,2026-10-07,Harley's - BLR - Kadugodi,KAD,2026-10-07 18:49:15
55,Ferrero Nutella Medovik With Macaron,ea,Harley's Signature Medovik Pastry,Product,Direct,IN,KAD BNG,G7EFLT,2026-10-07 18:49:15,2026-10-07,Harley's - BLR - Kadugodi,KAD,2026-10-07 18:49:15
46,Danish Hazelnut Chocolate Medovik With Macaron,ea,Harley's Signature Medovik Pastry,Product,Direct,IN,KAD BNG,G7EFLT,2026-10-07 18:49:15,2026-10-07,Harley's - BLR - Kadugodi,KAD,2026-10-07 18:49:15
16,Austrian White Forest Medovik With Macaron,ea,Harley's Signature Medovik Pastry,Product,Direct,IN,KAD BNG,G7EFLT,2026-10-07 18:49:15,2026-10-07,Harley's - BLR - Kadugodi,KAD,2026-10-07 18:49:15
82,Lotus Biscoff Medovik Cake,ea,Harley's Grand Celebration Medovik Cakes,Product,Direct,IN,KAD BNG,G7EFLT,2026-10-07 18:49:15,2026-10-07,Harley's - BLR - Kadugodi,KAD,2026-10-07 18:49:15
81,Lotus Biscoff Medovik Cake,ea,Harley's Grand Celebration Medovik Cakes,Product,Direct,IN,KAD BNG,G7EFLT,2026-10-07 18:49:15,2026-10-07,Harley's - BLR - Kadugodi,KAD,2026-10-07 18:49:15
73,Italian Tiramisu Medovik Cake,ea,Harley's Grand Celebration Medovik Cakes,Product,Direct,IN,KAD BNG,G7EFLT,2026-10-07 18:49:15,2026-10-07,Harley's - BLR - Kadugodi,KAD,2026-10-07 18:49:15
72,Italian Tiramisu Medovik Cake,ea,Harley's Grand Celebration Medovik Cakes,Product,Direct,IN,KAD BNG,G7EFLT,2026-10-07 18:49:15,2026-10-07,Harley's - BLR - Kadugodi,KAD,2026-10-07 18:49:15
53,Ferrero Nutella Medovik Cake,ea,Harley's Grand Celebration Medovik Cakes,Product,Direct,IN,KAD BNG,G7EFLT,2026-10-07 18:49:15,2026-10-07,Harley's - BLR - Kadugodi,KAD,2026-10-07 18:49:15
54,Ferrero Nutella Medovik Cake,ea,Harley's Grand Celebration Medovik Cakes,Product,Direct,IN,KAD BNG,G7EFLT,2026-10-07 18:49:15,2026-10-07,Harley's - BLR - Kadugodi,KAD,2026-10-07 18:49:15
213,London Viral Whipped Caramel Medovik Cake,ea,Harley's Grand Celebration Medovik Cakes,Product,Direct,IN,KAD BNG,G7EFLT,2026-10-07 18:49:15,2026-10-07,Harley's - BLR - Kadugodi,KAD,2026-10-07 18:49:15
212,London Viral Whipped Caramel Medovik Cake,ea,Harley's Grand Celebration Medovik Cakes,Product,Direct,IN,KAD BNG,G7EFLT,2026-10-07 18:49:15,2026-10-07,Harley's - BLR - Kadugodi,KAD,2026-10-07 18:49:15
14,Austrian White Forest Medovik Cake,ea,Harley's Grand Celebration Medovik Cakes,Product,Direct,IN,KAD BNG,G7EFLT,2026-10-07 18:49:15,2026-10-07,Harley's - BLR - Kadugodi,KAD,2026-10-07 18:49:15
15,Austrian White Forest Medovik Cake,ea,Harley's Grand Celebration Medovik Cakes,Product,Direct,IN,KAD BNG,G7EFLT,2026-10-07 18:49:15,2026-10-07,Harley's - BLR - Kadugodi,KAD,2026-10-07 18:49:15
135,Assorted French Macarons (Pack Of 24),ea,Harley's Sweet Home Assortments,Product,Direct,IN,KAD BNG,G7EFLT,2026-10-07 18:49:15,2026-10-07,Harley's - BLR - Kadugodi,KAD,2026-10-07 18:49:15
134,Assorted French Macarons (Pack Of 12),ea,Harley's Sweet Home Assortments,Product,Direct,IN,KAD BNG,G7EFLT,2026-10-07 18:49:15,2026-10-07,Harley's - BLR - Kadugodi,KAD,2026-10-07 18:49:15
133,Assorted Cheesecakes (Pack Of 6),ea,Harley's Sweet Home Assortments,Product,Direct,IN,KAD BNG,G7EFLT,2026-10-07 18:49:15,2026-10-07,Harley's - BLR - Kadugodi,KAD,2026-10-07 18:49:15
132,Assorted Cheesecakes (Pack Of 12),ea,Harley's Sweet Home Assortments,Product,Direct,IN,KAD BNG,G7EFLT,2026-10-07 18:49:15,2026-10-07,Harley's - BLR - Kadugodi,KAD,2026-10-07 18:49:15
139,Assorted Medoviks (Pack Of 6),ea,Harley's Sweet Home Assortments,Product,Direct,IN,KAD BNG,G7EFLT,2026-10-07 18:49:15,2026-10-07,Harley's - BLR - Kadugodi,KAD,2026-10-07 18:49:15
138,Assorted Medoviks (Pack Of 12),ea,Harley's Sweet Home Assortments,Product,Direct,IN,KAD BNG,G7EFLT,2026-10-07 18:49:15,2026-10-07,Harley's - BLR - Kadugodi,KAD,2026-10-07 18:49:15
136,Assorted French Macarons (Pack Of 5),ea,Harley's Sweet Home Assortments,Product,Direct,IN,KAD BNG,G7EFLT,2026-10-07 18:49:15,2026-10-07,Harley's - BLR - Kadugodi,KAD,2026-10-07 18:49:15
125,Strawberry Macarons (Pack Of 5),ea,Harley's French Macarons,Product,Direct,IN,KAD BNG,G7EFLT,2026-10-07 18:49:15,2026-10-07,Harley's - BLR - Kadugodi,KAD,2026-10-07 18:49:15
111,Red Velvet Macarons (Pack Of 5),ea,Harley's French Macarons,Product,Direct,IN,KAD BNG,G7EFLT,2026-10-07 18:49:15,2026-10-07,Harley's - BLR - Kadugodi,KAD,2026-10-07 18:49:15
98,Passion Fruit & Lemon Fusion Macarons (Pack Of 5),ea,Harley's French Macarons,Product,Direct,IN,KAD BNG,G7EFLT,2026-10-07 18:49:15,2026-10-07,Harley's - BLR - Kadugodi,KAD,2026-10-07 18:49:15
85,Mighty Mango Macarons (Pack Of 5),ea,Harley's French Macarons,Product,Direct,IN,KAD BNG,G7EFLT,2026-10-07 18:49:15,2026-10-07,Harley's - BLR - Kadugodi,KAD,2026-10-07 18:49:15
61,Green Apple Macarons (Pack Of 5),ea,Harley's French Macarons,Product,Direct,IN,KAD BNG,G7EFLT,2026-10-07 18:49:15,2026-10-07,Harley's - BLR - Kadugodi,KAD,2026-10-07 18:49:15
56,French Vanilla Macarons (Pack Of 5),ea,Harley's French Macarons,Product,Direct,IN,KAD BNG,G7EFLT,2026-10-07 18:49:15,2026-10-07,Harley's - BLR - Kadugodi,KAD,2026-10-07 18:49:15
37,Clementine Orange Macarons (Pack Of 5),ea,Harley's French Macarons,Product,Direct,IN,KAD BNG,G7EFLT,2026-10-07 18:49:15,2026-10-07,Harley's - BLR - Kadugodi,KAD,2026-10-07 18:49:15
26,Blueberry Macarons (Pack Of 5),ea,Harley's French Macarons,Product,Direct,IN,KAD BNG,G7EFLT,2026-10-07 18:49:15,2026-10-07,Harley's - BLR - Kadugodi,KAD,2026-10-07 18:49:15
23,Belgium Chocolate Macarons (Pack Of 5),ea,Harley's French Macarons,Product,Direct,IN,KAD BNG,G7EFLT,2026-10-07 18:49:15,2026-10-07,Harley's - BLR - Kadugodi,KAD,2026-10-07 18:49:15
35,Classic Butter Croissants (Pack Of 2),ea,Croissants,Product,Direct,IN,KAD BNG,G7EFLT,2026-10-07 18:49:15,2026-10-07,Harley's - BLR - Kadugodi,KAD,2026-10-07 18:49:15
127,Swiss Black & White Chocolate Medovik Cake,ea,Harley's Grand Celebration Medovik Cakes,Product,Direct,IN,KAD BNG,G7EFLT,2026-10-07 18:49:15,2026-10-07,Harley's - BLR - Kadugodi,KAD,2026-10-07 18:49:15
128,Swiss Black & White Chocolate Medovik Cake,ea,Harley's Grand Celebration Medovik Cakes,Product,Direct,IN,KAD BNG,G7EFLT,2026-10-07 18:49:15,2026-10-07,Harley's - BLR - Kadugodi,KAD,2026-10-07 18:49:15
123,Sparkling Dark Chocolate Medovik Cake,ea,Harley's Grand Celebration Medovik Cakes,Product,Direct,IN,KAD BNG,G7EFLT,2026-10-07 18:49:15,2026-10-07,Harley's - BLR - Kadugodi,KAD,2026-10-07 18:49:15
122,Sparkling Dark Chocolate Medovik Cake,ea,Harley's Grand Celebration Medovik Cakes,Product,Direct,IN,KAD BNG,G7EFLT,2026-10-07 18:49:15,2026-10-07,Harley's - BLR - Kadugodi,KAD,2026-10-07 18:49:15
115,Signature Belgium Chocolate Medovik Cake,ea,Harley's Grand Celebration Medovik Cakes,Product,Direct,IN,KAD BNG,G7EFLT,2026-10-07 18:49:15,2026-10-07,Harley's - BLR - Kadugodi,KAD,2026-10-07 18:49:15
114,Signature Belgium Chocolate Medovik Cake,ea,Harley's Grand Celebration Medovik Cakes,Product,Direct,IN,KAD BNG,G7EFLT,2026-10-07 18:49:15,2026-10-07,Harley's - BLR - Kadugodi,KAD,2026-10-07 18:49:15
108,Premium Butterscotch Medovik Cake,ea,Harley's Grand Celebration Medovik Cakes,Product,Direct,IN,KAD BNG,G7EFLT,2026-10-07 18:49:15,2026-10-07,Harley's - BLR - Kadugodi,KAD,2026-10-07 18:49:15
109,Premium Butterscotch Medovik Cake,ea,Harley's Grand Celebration Medovik Cakes,Product,Direct,IN,KAD BNG,G7EFLT,2026-10-07 18:49:15,2026-10-07,Harley's - BLR - Kadugodi,KAD,2026-10-07 18:49:15
100,Pistachio Delight Medovik Cake,ea,Harley's Grand Celebration Medovik Cakes,Product,Direct,IN,KAD BNG,G7EFLT,2026-10-07 18:49:15,2026-10-07,Harley's - BLR - Kadugodi,KAD,2026-10-07 18:49:15
101,Pistachio Delight Medovik Cake,ea,Harley's Grand Celebration Medovik Cakes,Product,Direct,IN,KAD BNG,G7EFLT,2026-10-07 18:49:15,2026-10-07,Harley's - BLR - Kadugodi,KAD,2026-10-07 18:49:15
67,Harley's Spl. Classic Russian Medovik Cake,ea,Harley's Grand Celebration Medovik Cakes,Product,Direct,IN,KAD BNG,G7EFLT,2026-10-07 18:49:15,2026-10-07,Harley's - BLR - Kadugodi,KAD,2026-10-07 18:49:15
66,Harley's Spl. Classic Russian Medovik Cake,ea,Harley's Grand Celebration Medovik Cakes,Product,Direct,IN,KAD BNG,G7EFLT,2026-10-07 18:49:15,2026-10-07,Harley's - BLR - Kadugodi,KAD,2026-10-07 18:49:15
60,French Vanilla Strawberry Rose Medovik Cake,ea,Harley's Grand Celebration Medovik Cakes,Product,Direct,IN,KAD BNG,G7EFLT,2026-10-07 18:49:15,2026-10-07,Harley's - BLR - Kadugodi,KAD,2026-10-07 18:49:15
59,French Vanilla Strawberry Rose Medovik Cake,ea,Harley's Grand Celebration Medovik Cakes,Product,Direct,IN,KAD BNG,G7EFLT,2026-10-07 18:49:15,2026-10-07,Harley's - BLR - Kadugodi,KAD,2026-10-07 18:49:15
45,Danish Hazelnut Chocolate Medovik Cake,ea,Harley's Grand Celebration Medovik Cakes,Product,Direct,IN,KAD BNG,G7EFLT,2026-10-07 18:49:15,2026-10-07,Harley's - BLR - Kadugodi,KAD,2026-10-07 18:49:15
44,Danish Hazelnut Chocolate Medovik Cake,ea,Harley's Grand Celebration Medovik Cakes,Product,Direct,IN,KAD BNG,G7EFLT,2026-10-07 18:49:15,2026-10-07,Harley's - BLR - Kadugodi,KAD,2026-10-07 18:49:15
63,Harley's Signatures (Pack of 8),ea,Chef's Table,Product,Direct,IN,KAD BNG,G7EFLT,2026-10-07 18:49:15,2026-10-07,Harley's - BLR - Kadugodi,KAD,2026-10-07 18:49:15
64,Harley's Special Mawa Bar Cake (250 Gms),ea,Barcakes & Muffins,Product,Direct,IN,KAD BNG,G7EFLT,2026-10-07 18:49:15,2026-10-07,Harley's - BLR - Kadugodi,KAD,2026-10-07 18:49:15
47,Double Chocolate Bar Cake (250 gms),ea,Barcakes & Muffins,Product,Direct,IN,KAD BNG,G7EFLT,2026-10-07 18:49:15,2026-10-07,Harley's - BLR - Kadugodi,KAD,2026-10-07 18:49:15
33,Choco Mawa Bar Cake 250 gms,ea,Barcakes & Muffins,Product,Direct,IN,KAD BNG,G7EFLT,2026-10-07 18:49:15,2026-10-07,Harley's - BLR - Kadugodi,KAD,2026-10-07 18:49:15
27,Blueberry Muffin (Pack Of 2),ea,Barcakes & Muffins,Product,Direct,IN,KAD BNG,G7EFLT,2026-10-07 18:49:15,2026-10-07,Harley's - BLR - Kadugodi,KAD,2026-10-07 18:49:15
97,Pack Of 9 Medoviks And 6 Macarons,ea,All Time Favourite Combinations,Product,Direct,IN,KAD BNG,G7EFLT,2026-10-07 18:49:15,2026-10-07,Harley's - BLR - Kadugodi,KAD,2026-10-07 18:49:15
96,Pack Of 9 Cheesecakes And 6 Macarons,ea,All Time Favourite Combinations,Product,Direct,IN,KAD BNG,G7EFLT,2026-10-07 18:49:15,2026-10-07,Harley's - BLR - Kadugodi,KAD,2026-10-07 18:49:15
95,Pack Of 6 Medoviks And 12 Macarons,ea,All Time Favourite Combinations,Product,Direct,IN,KAD BNG,G7EFLT,2026-10-07 18:49:15,2026-10-07,Harley's - BLR - Kadugodi,KAD,2026-10-07 18:49:15
94,Pack Of 6 Cheesecakes And 12 Macarons,ea,All Time Favourite Combinations,Product,Direct,IN,KAD BNG,G7EFLT,2026-10-07 18:49:15,2026-10-07,Harley's - BLR - Kadugodi,KAD,2026-10-07 18:49:15
93,Pack Of 4 Medoviks And 4 Macarons,ea,All Time Favourite Combinations,Product,Direct,IN,KAD BNG,G7EFLT,2026-10-07 18:49:15,2026-10-07,Harley's - BLR - Kadugodi,KAD,2026-10-07 18:49:15
92,Pack Of 4 Cheesecakes And 4 Macarons,ea,All Time Favourite Combinations,Product,Direct,IN,KAD BNG,G7EFLT,2026-10-07 18:49:15,2026-10-07,Harley's - BLR - Kadugodi,KAD,2026-10-07 18:49:15
78,Lotus Biscoff Cheesecake With Macaron,ea,Finely Baked Cheesecake Pastry,Product,Direct,IN,KAD BNG,G7EFLT,2026-10-07 18:49:15,2026-10-07,Harley's - BLR - Kadugodi,KAD,2026-10-07 18:49:15
51,Ferrero Nutella Cheesecake With Macaron,ea,Finely Baked Cheesecake Pastry,Product,Direct,IN,KAD BNG,G7EFLT,2026-10-07 18:49:15,2026-10-07,Harley's - BLR - Kadugodi,KAD,2026-10-07 18:49:15
41,Danish Hazelnut Cheesecake With Macaron,ea,Finely Baked Cheesecake Pastry,Product,Direct,IN,KAD BNG,G7EFLT,2026-10-07 18:49:15,2026-10-07,Harley's - BLR - Kadugodi,KAD,2026-10-07 18:49:15
32,Chef's Favourite Blueberry Cheesecake With Macaron,ea,Finely Baked Cheesecake Pastry,Product,Direct,IN,KAD BNG,G7EFLT,2026-10-07 18:49:15,2026-10-07,Harley's - BLR - Kadugodi,KAD,2026-10-07 18:49:15
21,Belgium Chocolate Cheesecake With Macaron,ea,Finely Baked Cheesecake Pastry,Product,Direct,IN,KAD BNG,G7EFLT,2026-10-07 18:49:15,2026-10-07,Harley's - BLR - Kadugodi,KAD,2026-10-07 18:49:15
NEW204,Exotic Tresley Cakes (Pack of 6),ea,Harley's Sweet Home Assortments,Product,Direct,OUT,KAD BNG,G7EFLT,2026-10-07 18:49:51,2026-10-07,Harley's - BLR - Kadugodi,KAD,2026-10-07 18:49:51
130,Tiramisu Tres leches (Pack of 2),ea,Tres Leches Cakes (Mexican Special),Product,Direct,OUT,KAD BNG,G7EFLT,2026-10-07 18:49:51,2026-10-07,Harley's - BLR - Kadugodi,KAD,2026-10-07 18:49:51
106,Premium Blueberry Tres Leches (Pack of 2),ea,Tres Leches Cakes (Mexican Special),Product,Direct,OUT,KAD BNG,G7EFLT,2026-10-07 18:49:51,2026-10-07,Harley's - BLR - Kadugodi,KAD,2026-10-07 18:49:51
104,Pistachio Tres Leches (Pack of 2),ea,Tres Leches Cakes (Mexican Special),Product,Direct,OUT,KAD BNG,G7EFLT,2026-10-07 18:49:51,2026-10-07,Harley's - BLR - Kadugodi,KAD,2026-10-07 18:49:51
84,Lotus Biscoff Tres Leches (Pack of 2),ea,Tres Leches Cakes (Mexican Special),Product,Direct,OUT,KAD BNG,G7EFLT,2026-10-07 18:49:51,2026-10-07,Harley's - BLR - Kadugodi,KAD,2026-10-07 18:49:51
36,Classic Mexican Tres Leches  (Pack of 2),ea,Tres Leches Cakes (Mexican Special),Product,Direct,OUT,KAD BNG,G7EFLT,2026-10-07 18:49:51,2026-10-07,Harley's - BLR - Kadugodi,KAD,2026-10-07 18:49:51
24,Belgium Chocolate Tres Leches (Pack of 2),ea,Tres Leches Cakes (Mexican Special),Product,Direct,OUT,KAD BNG,G7EFLT,2026-10-07 18:49:51,2026-10-07,Harley's - BLR - Kadugodi,KAD,2026-10-07 18:49:51
154,Exotic Tresley Cakes [Pack of 6],ea,Assorted Tresley Cake Packs,Product,Direct,OUT,KAD BNG,G7EFLT,2026-10-07 18:50:11,2026-10-07,Harley's - BLR - Kadugodi,KAD,2026-10-07 18:50:11
152,Belgium Chocolate Tres Leches [Pack of 2],ea,Exotic Tresley Cakes,Product,Direct,OUT,KAD BNG,G7EFLT,2026-10-07 18:50:11,2026-10-07,Harley's - BLR - Kadugodi,KAD,2026-10-07 18:50:11
150,Lotus Biscoff Tres Leches [Pack of 2],ea,Exotic Tresley Cakes,Product,Direct,OUT,KAD BNG,G7EFLT,2026-10-07 18:50:11,2026-10-07,Harley's - BLR - Kadugodi,KAD,2026-10-07 18:50:11
151,Tiramisu Tres leches [Pack of 2],ea,Exotic Tresley Cakes,Product,Direct,OUT,KAD BNG,G7EFLT,2026-10-07 18:50:11,2026-10-07,Harley's - BLR - Kadugodi,KAD,2026-10-07 18:50:11
149,Pistachio Tres Leches [Pack of 2],ea,Exotic Tresley Cakes,Product,Direct,OUT,KAD BNG,G7EFLT,2026-10-07 18:50:11,2026-10-07,Harley's - BLR - Kadugodi,KAD,2026-10-07 18:50:11
147,Classic Mexican Tres Leches [Pack Of 2],ea,Exotic Tresley Cakes,Product,Direct,OUT,KAD BNG,G7EFLT,2026-10-07 18:50:11,2026-10-07,Harley's - BLR - Kadugodi,KAD,2026-10-07 18:50:11
148,Premium Blueberry Tres Leches [Pack Of 2],ea,Exotic Tresley Cakes,Product,Direct,OUT,KAD BNG,G7EFLT,2026-10-07 18:50:11,2026-10-07,Harley's - BLR - Kadugodi,KAD,2026-10-07 18:50:11
34,Chocochip Muffin (Pack Of 2),ea,Barcakes & Muffins,Product,Direct,OUT,KAD BNG,G7EFLT,2026-10-07 18:50:37,2026-10-07,Harley's - BLR - Kadugodi,KAD,2026-10-07 18:50:37
105,Premium Banana Walnut Bar Cake (250 Gms),ea,Barcakes & Muffins,Product,Direct,OUT,KAD BNG,G7EFLT,2026-10-07 18:50:47,2026-10-07,Harley's - BLR - Kadugodi,KAD,2026-10-07 18:50:47
131,Whole Wheat Bread (400gms),ea,Breads,Product,Direct,OUT,KAD BNG,G7EFLT,2026-10-07 18:59:32,2026-10-07,Harley's - BLR - Kadugodi,KAD,2026-10-07 18:59:32
91,Multigrain Bread (400g),ea,Breads,Product,Direct,OUT,KAD BNG,G7EFLT,2026-10-07 18:59:32,2026-10-07,Harley's - BLR - Kadugodi,KAD,2026-10-07 18:59:32
86,Milk Bread(400G),ea,Breads,Product,Direct,OUT,KAD BNG,G7EFLT,2026-10-07 18:59:32,2026-10-07,Harley's - BLR - Kadugodi,KAD,2026-10-07 18:59:32
214,London Viral Whipped Caramel Medovik With Macaron,ea,Harley's Signature Medovik Pastry,Product,Direct,OUT,LAK GUN,ManagerGUN,2026-10-07 20:16:38,2026-10-07,Harley's - GUN - Lakshmipuram,LAK,2026-10-07 20:16:38
213,London Viral Whipped Caramel Medovik Cake,ea,Harley's Grand Celebration Medovik Cakes,Product,Direct,OUT,LAK GUN,ManagerGUN,2026-10-07 20:16:45,2026-10-07,Harley's - GUN - Lakshmipuram,LAK,2026-10-07 20:16:45
212,London Viral Whipped Caramel Medovik Cake,ea,Harley's Grand Celebration Medovik Cakes,Product,Direct,OUT,LAK GUN,ManagerGUN,2026-10-07 20:16:45,2026-10-07,Harley's - GUN - Lakshmipuram,LAK,2026-10-07 20:16:45
214,London Viral Whipped Caramel Medovik With Macaron,ea,Harley's Signature Medovik Pastry,Product,Direct,IN,LAK GUN,ManagerGUN,2026-10-07 20:20:36,2026-10-07,Harley's - GUN - Lakshmipuram,LAK,2026-10-07 20:20:36
214,London Viral Whipped Caramel Medovik With Macaron,ea,Harley's Signature Medovik Pastry,Product,Direct,OUT,LAK GUN,ManagerGUN,2026-10-07 21:10:32,2026-10-07,Harley's - GUN - Lakshmipuram,LAK,2026-10-07 21:10:32
127,Swiss Black & White Chocolate Medovik Cake,ea,Harley's Grand Celebration Medovik Cakes,Product,Direct,IN,KAN BNG,FZ8PL7,2026-10-07 09:32:49,2026-10-07,Harley's - BLR - Kanakapura Road,KAN,2026-10-07 09:32:49
122,Sparkling Dark Chocolate Medovik Cake,ea,Harley's Grand Celebration Medovik Cakes,Product,Direct,IN,KAN BNG,FZ8PL7,2026-10-07 09:32:49,2026-10-07,Harley's - BLR - Kanakapura Road,KAN,2026-10-07 09:32:49
114,Signature Belgium Chocolate Medovik Cake,ea,Harley's Grand Celebration Medovik Cakes,Product,Direct,IN,KAN BNG,FZ8PL7,2026-10-07 09:32:49,2026-10-07,Harley's - BLR - Kanakapura Road,KAN,2026-10-07 09:32:49
44,Danish Hazelnut Chocolate Medovik Cake,ea,Harley's Grand Celebration Medovik Cakes,Product,Direct,IN,KAN BNG,FZ8PL7,2026-10-07 09:32:49,2026-10-07,Harley's - BLR - Kanakapura Road,KAN,2026-10-07 09:32:49
53,Ferrero Nutella Medovik Cake,ea,Harley's Grand Celebration Medovik Cakes,Product,Direct,IN,KAN BNG,FZ8PL7,2026-10-07 09:32:49,2026-10-07,Harley's - BLR - Kanakapura Road,KAN,2026-10-07 09:32:49
54,Ferrero Nutella Medovik Cake,ea,Harley's Grand Celebration Medovik Cakes,Product,Direct,IN,KAN BNG,FZ8PL7,2026-10-07 09:32:56,2026-10-07,Harley's - BLR - Kanakapura Road,KAN,2026-10-07 09:32:56
128,Swiss Black & White Chocolate Medovik Cake,ea,Harley's Grand Celebration Medovik Cakes,Product,Direct,IN,KAN BNG,FZ8PL7,2026-10-07 09:32:56,2026-10-07,Harley's - BLR - Kanakapura Road,KAN,2026-10-07 09:32:56
115,Signature Belgium Chocolate Medovik Cake,ea,Harley's Grand Celebration Medovik Cakes,Product,Direct,IN,KAN BNG,FZ8PL7,2026-10-07 09:32:56,2026-10-07,Harley's - BLR - Kanakapura Road,KAN,2026-10-07 09:32:56
45,Danish Hazelnut Chocolate Medovik Cake,ea,Harley's Grand Celebration Medovik Cakes,Product,Direct,IN,KAN BNG,FZ8PL7,2026-10-07 09:32:56,2026-10-07,Harley's - BLR - Kanakapura Road,KAN,2026-10-07 09:32:56
123,Sparkling Dark Chocolate Medovik Cake,ea,Harley's Grand Celebration Medovik Cakes,Product,Direct,IN,KAN BNG,FZ8PL7,2026-10-07 09:32:56,2026-10-07,Harley's - BLR - Kanakapura Road,KAN,2026-10-07 09:32:56
15,Austrian White Forest Medovik Cake,ea,Harley's Grand Celebration Medovik Cakes,Product,Direct,OUT,RTN BNG,WCSBYF,2026-10-07 17:04:11,2026-10-07,Harley's - BLR - R T Nagar,RTN,2026-10-07 17:04:11
60,French Vanilla Strawberry Rose Medovik Cake,ea,Harley's Grand Celebration Medovik Cakes,Product,Direct,OUT,RTN BNG,WCSBYF,2026-10-07 17:04:11,2026-10-07,Harley's - BLR - R T Nagar,RTN,2026-10-07 17:04:11
15,Austrian White Forest Medovik Cake,ea,Harley's Grand Celebration Medovik Cakes,Product,Direct,IN,RTN BNG,WCSBYF,2026-10-07 19:25:59,2026-10-07,Harley's - BLR - R T Nagar,RTN,2026-10-07 19:25:59
60,French Vanilla Strawberry Rose Medovik Cake,ea,Harley's Grand Celebration Medovik Cakes,Product,Direct,IN,RTN BNG,WCSBYF,2026-10-07 19:25:59,2026-10-07,Harley's - BLR - R T Nagar,RTN,2026-10-07 19:25:59
15,Austrian White Forest Medovik Cake,ea,Harley's Grand Celebration Medovik Cakes,Product,Direct,OUT,RTN BNG,WCSBYF,2026-10-07 19:27:21,2026-10-07,Harley's - BLR - R T Nagar,RTN,2026-10-07 19:27:21
60,French Vanilla Strawberry Rose Medovik Cake,ea,Harley's Grand Celebration Medovik Cakes,Product,Direct,OUT,RTN BNG,WCSBYF,2026-10-07 19:27:21,2026-10-07,Harley's - BLR - R T Nagar,RTN,2026-10-07 19:27:21
